observations,total_return,annualized_return,cagr,annualized_volatility,sharpe_ratio,max_drawdown,final_growth_of_one,base_fund_id,fund_id,universe,method,fusion_rule,tilt_strength,variant_label,evaluation_period,period_start,period_end,cost_bps,total_one_way_turnover,average_one_way_turnover,charged_rebalance_count,initial_formation_cost_included,cost_model,base_total_return,base_sharpe_ratio,base_max_drawdown,delta_total_return,delta_sharpe_ratio,delta_max_drawdown,method_label
503,0.21945709673618619,0.12862059701172915,0.10450812590031289,0.24149863226838153,0.5325934801518498,-0.2787245867171566,1.2194570967361862,combined_equal_weight,combined_equal_weight,Combined,equal_weight,base,0.0,Base Fund,development_2021_2022,2021-01-04,2022-12-30,0.0,0.9857938337284577,0.042860601466454686,23,False,one_way_turnover_times_cost_bps,0.21945709673618619,0.5325934801518498,-0.2787245867171566,0.0,0.0,0.0,Equal Weight
503,0.21036874431773245,0.1246240418202417,0.10037641488495885,0.24046111119085312,0.5182710884228097,-0.27349779224938353,1.2103687443177324,combined_equal_weight,combined_equal_weight_coverage_rank_sentiment,Combined,equal_weight,coverage_rank,0.25,Coverage-Aware Rank Sentiment,development_2021_2022,2021-01-04,2022-12-30,0.0,1.6531124137624966,0.07187445277228247,23,False,one_way_turnover_times_cost_bps,0.21945709673618619,0.5325934801518498,-0.2787245867171566,-0.009088352418453738,-0.014322391729040151,0.005226794467773077,Equal Weight
503,0.21171304218663378,0.12532534597879508,0.10098852751592591,0.24106782004721355,0.5198758837004868,-0.2756036141057995,1.2117130421866338,combined_equal_weight,combined_equal_weight_naive_sentiment,Combined,equal_weight,naive,1.0,Naive Sentiment,development_2021_2022,2021-01-04,2022-12-30,0.0,1.3644094841356396,0.059322151484158245,23,False,one_way_turnover_times_cost_bps,0.21945709673618619,0.5325934801518498,-0.2787245867171566,-0.007744054549552404,-0.012717596451363056,0.0031209726113571312,Equal Weight
503,0.21825552791481928,0.12812378594017423,0.10396275695566959,0.2414871719299431,0.5305614576386017,-0.2790304824945198,1.2182555279148193,combined_equal_weight,combined_equal_weight,Combined,equal_weight,base,0.0,Base Fund,development_2021_2022,2021-01-04,2022-12-30,10.0,0.9857938337284577,0.042860601466454686,23,False,one_way_turnover_times_cost_bps,0.21825552791481928,0.5305614576386017,-0.2790304824945198,0.0,0.0,0.0,Equal Weight
503,0.20836944591057227,0.12379161670966629,0.09946542648681711,0.24044479861411389,0.51484422796077,-0.27403205926832175,1.2083694459105723,combined_equal_weight,combined_equal_weight_coverage_rank_sentiment,Combined,equal_weight,coverage_rank,0.25,Coverage-Aware Rank Sentiment,development_2021_2022,2021-01-04,2022-12-30,10.0,1.6531124137624966,0.07187445277228247,23,False,one_way_turnover_times_cost_bps,0.21825552791481928,0.5305614576386017,-0.2790304824945198,-0.00988608200424701,-0.015717229677831734,0.004998423226198034,Equal Weight
503,0.21006084505554723,0.1246381410689235,0.1002361682840851,0.24105370971557608,0.5170554778683408,-0.2760389533492701,1.2100608450555472,combined_equal_weight,combined_equal_weight_naive_sentiment,Combined,equal_weight,naive,1.0,Naive Sentiment,development_2021_2022,2021-01-04,2022-12-30,10.0,1.3644094841356396,0.059322151484158245,23,False,one_way_turnover_times_cost_bps,0.21825552791481928,0.5305614576386017,-0.2790304824945198,-0.008194682859272051,-0.013505979770260912,0.002991529145249694,Equal Weight
503,0.21346052513811653,0.12613654165395358,0.10178372011541414,0.2414422484094494,0.5224294525291413,-0.28025290683095216,1.2134605251381165,combined_equal_weight,combined_equal_weight,Combined,equal_weight,base,0.0,Base Fund,development_2021_2022,2021-01-04,2022-12-30,50.0,0.9857938337284577,0.042860601466454686,23,False,one_way_turnover_times_cost_bps,0.21346052513811653,0.5224294525291413,-0.28025290683095216,0.0,0.0,0.0,Equal Weight
503,0.20040371724195105,0.12046191626736436,0.09582832024557963,0.24038206542500684,0.5011268875420551,-0.276165615830553,1.200403717241951,combined_equal_weight,combined_equal_weight_coverage_rank_sentiment,Combined,equal_weight,coverage_rank,0.25,Coverage-Aware Rank Sentiment,development_2021_2022,2021-01-04,2022-12-30,50.0,1.6531124137624966,0.07187445277228247,23,False,one_way_turnover_times_cost_bps,0.21346052513811653,0.5224294525291413,-0.28025290683095216,-0.013056807896165479,-0.02130256498708616,0.004087291000399174,Equal Weight
503,0.20347352486698944,0.12188932142943638,0.09723139905391398,0.2409989808916572,0.505766957928476,-0.27777797282560956,1.2034735248669894,combined_equal_weight,combined_equal_weight_naive_sentiment,Combined,equal_weight,naive,1.0,Naive Sentiment,development_2021_2022,2021-01-04,2022-12-30,50.0,1.3644094841356396,0.059322151484158245,23,False,one_way_turnover_times_cost_bps,0.21346052513811653,0.5224294525291413,-0.28025290683095216,-0.009987000271127089,-0.016662494600665267,0.0024749340053425994,Equal Weight
503,0.25806232581888455,0.15580175850685213,0.1218897652049411,0.2851342434563513,0.5464154589720559,-0.33512178543727034,1.2580623258188846,combined_hierarchical_risk_parity,combined_hierarchical_risk_parity,Combined,hierarchical_risk_parity,base,0.0,Base Fund,development_2021_2022,2021-01-04,2022-12-30,0.0,1.1293937038492712,0.04910407408040309,23,False,one_way_turnover_times_cost_bps,0.25806232581888455,0.5464154589720559,-0.33512178543727034,0.0,0.0,0.0,Hierarchical Sleeve Risk Parity
503,0.2529475334015334,0.15355963275399478,0.119602324679835,0.2844256617534495,0.5398937346486895,-0.3336613373478464,1.2529475334015334,combined_hierarchical_risk_parity,combined_hierarchical_risk_parity_coverage_rank_sentiment,Combined,hierarchical_risk_parity,coverage_rank,0.25,Coverage-Aware Rank Sentiment,development_2021_2022,2021-01-04,2022-12-30,0.0,1.7145637502804552,0.0745462500121937,23,False,one_way_turnover_times_cost_bps,0.25806232581888455,0.5464154589720559,-0.33512178543727034,-0.005114792417351133,-0.006521724323366396,0.0014604480894239158,Hierarchical Sleeve Risk Parity
503,0.2543286729738965,0.15422592302702243,0.12022045726156505,0.2848261058467218,0.5414739725789692,-0.33485640570807584,1.2543286729738965,combined_hierarchical_risk_parity,combined_hierarchical_risk_parity_naive_sentiment,Combined,hierarchical_risk_parity,naive,1.0,Naive Sentiment,development_2021_2022,2021-01-04,2022-12-30,0.0,1.4687634049162175,0.06385927847461816,23,False,one_way_turnover_times_cost_bps,0.25806232581888455,0.5464154589720559,-0.33512178543727034,-0.0037336528449880557,-0.004941486393086669,0.0002653797291944926,Hierarchical Sleeve Risk Parity
503,0.25664223984248835,0.1552322588606184,0.12125513960323397,0.285122126463452,0.5444412918283865,-0.33561773752797486,1.2566422398424884,combined_hierarchical_risk_parity,combined_hierarchical_risk_parity,Combined,hierarchical_risk_parity,base,0.0,Base Fund,development_2021_2022,2021-01-04,2022-12-30,10.0,1.1293937038492712,0.04910407408040309,23,False,one_way_turnover_times_cost_bps,0.25664223984248835,0.5444412918283865,-0.33561773752797486,0.0,0.0,0.0,Hierarchical Sleeve Risk Parity
503,0.2508010299857033,0.1526960050284984,0.11864097629812154,0.2844106714633642,0.5368856387942097,-0.3344418359850658,1.2508010299857033,combined_hierarchical_risk_parity,combined_hierarchical_risk_parity_coverage_rank_sentiment,Combined,hierarchical_risk_parity,coverage_rank,0.25,Coverage-Aware Rank Sentiment,development_2021_2022,2021-01-04,2022-12-30,10.0,1.7145637502804552,0.0745462500121937,23,False,one_way_turnover_times_cost_bps,0.25664223984248835,0.5444412918283865,-0.33561773752797486,-0.005841209856785046,-0.0075556530341768235,0.0011759015429090303,Hierarchical Sleeve Risk Parity
503,0.2524876494095225,0.15348589938023416,0.11939642696260888,0.28481252338455176,0.538901511619974,-0.33551227481553203,1.2524876494095225,combined_hierarchical_risk_parity,combined_hierarchical_risk_parity_naive_sentiment,Combined,hierarchical_risk_parity,naive,1.0,Naive Sentiment,development_2021_2022,2021-01-04,2022-12-30,10.0,1.4687634049162175,0.06385927847461816,23,False,one_way_turnover_times_cost_bps,0.25664223984248835,0.5444412918283865,-0.33561773752797486,-0.004154590432965843,-0.005539780208412504,0.00010546271244282757,Hierarchical Sleeve Risk Parity
503,0.25097710402120743,0.15295426027568396,0.11871986505539067,0.2850747583483034,0.5365408749686807,-0.33759808429789284,1.2509771040212074,combined_hierarchical_risk_parity,combined_hierarchical_risk_parity,Combined,hierarchical_risk_parity,base,0.0,Base Fund,development_2021_2022,2021-01-04,2022-12-30,50.0,1.1293937038492712,0.04910407408040309,23,False,one_way_turnover_times_cost_bps,0.25097710402120743,0.5365408749686807,-0.33759808429789284,0.0,0.0,0.0,Hierarchical Sleeve Risk Parity
503,0.24225002560404385,0.1492414941265135,0.11480306561411502,0.2843530414979325,0.5248457809360151,-0.3375552989144567,1.2422500256040439,combined_hierarchical_risk_parity,combined_hierarchical_risk_parity_coverage_rank_sentiment,Combined,hierarchical_risk_parity,coverage_rank,0.25,Coverage-Aware Rank Sentiment,development_2021_2022,2021-01-04,2022-12-30,50.0,1.7145637502804552,0.0745462500121937,23,False,one_way_turnover_times_cost_bps,0.25097710402120743,0.5365408749686807,-0.33759808429789284,-0.00872707841716358,-0.011695094032665665,4.278538343616134e-05,Hierarchical Sleeve Risk Parity
503,0.24514926785129876,0.1505258047930826,0.11610579295785373,0.2847599288375937,0.5286059924496314,-0.3381297186541383,1.2451492678512988,combined_hierarchical_risk_parity,combined_hierarchical_risk_parity_naive_sentiment,Combined,hierarchical_risk_parity,naive,1.0,Naive Sentiment,development_2021_2022,2021-01-04,2022-12-30,50.0,1.4687634049162175,0.06385927847461816,23,False,one_way_turnover_times_cost_bps,0.25097710402120743,0.5365408749686807,-0.33759808429789284,-0.005827836169908673,-0.007934882519049391,-0.0005316343562454806,Hierarchical Sleeve Risk Parity
503,-0.029168147928566368,0.06810323783801565,-0.014720994114774677,0.40780141585086793,0.16700098428035096,-0.5210003618413179,0.9708318520714336,combined_maximum_sharpe,combined_maximum_sharpe,Combined,maximum_sharpe,base,0.0,Base Fund,development_2021_2022,2021-01-04,2022-12-30,0.0,4.269767643287047,0.18564207144726289,23,False,one_way_turnover_times_cost_bps,-0.029168147928566368,0.16700098428035096,-0.5210003618413179,0.0,0.0,0.0,Maximum Sharpe
503,-0.007176805355653015,0.07942910490840698,-0.003601998162530484,0.4080481941441375,0.19465618534351292,-0.5167496470544604,0.992823194644347,combined_maximum_sharpe,combined_maximum_sharpe_coverage_rank_sentiment,Combined,maximum_sharpe,coverage_rank,0.25,Coverage-Aware Rank Sentiment,development_2021_2022,2021-01-04,2022-12-30,0.0,4.329030633531098,0.18821872319700428,23,False,one_way_turnover_times_cost_bps,-0.029168147928566368,0.16700098428035096,-0.5210003618413179,0.021991342572913353,0.027655201063161966,0.004250714786857568,Maximum Sharpe
503,-0.009503701027264166,0.07853164990271692,-0.004772641462856497,0.4087269366309897,0.19213720179548022,-0.5169718995116073,0.9904962989727358,combined_maximum_sharpe,combined_maximum_sharpe_naive_sentiment,Combined,maximum_sharpe,naive,1.0,Naive Sentiment,development_2021_2022,2021-01-04,2022-12-30,0.0,4.333686797330221,0.18842116510131393,23,False,one_way_turnover_times_cost_bps,-0.029168147928566368,0.16700098428035096,-0.5210003618413179,0.0196644469013022,0.02513621751512926,0.004028462329710658,Maximum Sharpe
503,-0.03330495594301364,0.06595395024366658,-0.016826592779323746,0.4077766498775203,0.16174037984636072,-0.52190940996383,0.9666950440569864,combined_maximum_sharpe,combined_maximum_sharpe,Combined,maximum_sharpe,base,0.0,Base Fund,development_2021_2022,2021-01-04,2022-12-30,10.0,4.269767643287047,0.18564207144726289,23,False,one_way_turnover_times_cost_bps,-0.03330495594301364,0.16174037984636072,-0.52190940996383,0.0,0.0,0.0,Maximum Sharpe
503,-0.011465921929719736,0.07724946472692701,-0.005760886686566935,0.40802201716323094,0.18932670659295092,-0.5177067402674473,0.9885340780702803,combined_maximum_sharpe,combined_maximum_sharpe_coverage_rank_sentiment,Combined,maximum_sharpe,coverage_rank,0.25,Coverage-Aware Rank Sentiment,development_2021_2022,2021-01-04,2022-12-30,10.0,4.329030633531098,0.18821872319700428,23,False,one_way_turnover_times_cost_bps,-0.03330495594301364,0.16174037984636072,-0.52190940996383,0.0218390340132939,0.0275863267465902,0.0042026696963826105,Maximum Sharpe
503,-0.013787359452397618,0.0763498927454145,-0.006931311289156694,0.4087013466817502,0.1868109644494689,-0.5179156783960139,0.9862126405476024,combined_maximum_sharpe,combined_maximum_sharpe_naive_sentiment,Combined,maximum_sharpe,naive,1.0,Naive Sentiment,development_2021_2022,2021-01-04,2022-12-30,10.0,4.333686797330221,0.18842116510131393,23,False,one_way_turnover_times_cost_bps,-0.03330495594301364,0.16174037984636072,-0.52190940996383,0.019517596490616018,0.02507058460310818,0.003993731567816017,Maximum Sharpe
503,-0.04968489992952263,0.057356799866271506,-0.025208317968641536,0.40768787142823604,0.14068802112100073,-0.5261497198788666,0.9503151000704774,combined_maximum_sharpe,combined_maximum_sharpe,Combined,maximum_sharpe,base,0.0,Base Fund,development_2021_2022,2021-01-04,2022-12-30,50.0,4.269767643287047,0.18564207144726289,23,False,one_way_turnover_times_cost_bps,-0.04968489992952263,0.14068802112100073,-0.5261497198788666,0.0,0.0,0.0,Maximum Sharpe
503,-0.028446628864235435,0.06853090400100843,-0.014354206155793858,0.40792799042157835,0.16799755253417228,-0.5215182599272423,0.9715533711357646,combined_maximum_sharpe,combined_maximum_sharpe_coverage_rank_sentiment,Combined,maximum_sharpe,coverage_rank,0.25,Coverage-Aware Rank Sentiment,development_2021_2022,2021-01-04,2022-12-30,50.0,4.329030633531098,0.18821872319700428,23,False,one_way_turnover_times_cost_bps,-0.04968489992952263,0.14068802112100073,-0.5261497198788666,0.021238271065287195,0.02730953141317155,0.004631459951624284,Maximum Sharpe
503,-0.030746297037926862,0.0676228641162041,-0.015523728844010876,0.4086097040542447,0.16549500279911825,-0.5216743972213453,0.9692537029620731,combined_maximum_sharpe,combined_maximum_sharpe_naive_sentiment,Combined,maximum_sharpe,naive,1.0,Naive Sentiment,development_2021_2022,2021-01-04,2022-12-30,50.0,4.333686797330221,0.18842116510131393,23,False,one_way_turnover_times_cost_bps,-0.04968489992952263,0.14068802112100073,-0.5261497198788666,0.018938602891595768,0.024806981678117512,0.0044753226575212635,Maximum Sharpe
503,0.1622836597352164,0.0845249456109316,0.07825377847659554,0.1355170391194722,0.6237219036081078,-0.17995001821664847,1.1622836597352164,combined_minimum_variance,combined_minimum_variance,Combined,minimum_variance,base,0.0,Base Fund,development_2021_2022,2021-01-04,2022-12-30,0.0,0.8097703049436076,0.03520740456276555,23,False,one_way_turnover_times_cost_bps,0.1622836597352164,0.6237219036081078,-0.17995001821664847,0.0,0.0,0.0,Minimum Variance
503,0.158624173244875,0.08294861773617013,0.07655160769388503,0.13553966801731102,0.611987759373706,-0.18418848564175416,1.158624173244875,combined_minimum_variance,combined_minimum_variance_coverage_rank_sentiment,Combined,minimum_variance,coverage_rank,0.25,Coverage-Aware Rank Sentiment,development_2021_2022,2021-01-04,2022-12-30,0.0,1.6871896668151571,0.07335607247022423,23,False,one_way_turnover_times_cost_bps,0.1622836597352164,0.6237219036081078,-0.17995001821664847,-0.0036594864903414237,-0.011734144234401778,-0.004238467425105696,Minimum Variance
503,0.1606416534937043,0.08379247690871476,0.07749034820176193,0.13533610401587595,0.6191435575748897,-0.17972473839018477,1.1606416534937043,combined_minimum_variance,combined_minimum_variance_naive_sentiment,Combined,minimum_variance,naive,1.0,Naive Sentiment,development_2021_2022,2021-01-04,2022-12-30,0.0,1.2437332183813496,0.05407535732092825,23,False,one_way_turnover_times_cost_bps,0.1622836597352164,0.6237219036081078,-0.17995001821664847,-0.0016420062415121173,-0.00457834603321805,0.00022527982646369793,Minimum Variance
503,0.161342838653167,0.0841182224380027,0.07781642136712619,0.13551023339230628,0.6207518084223046,-0.18014487397500356,1.161342838653167,combined_minimum_variance,combined_minimum_variance,Combined,minimum_variance,base,0.0,Base Fund,development_2021_2022,2021-01-04,2022-12-30,10.0,0.8097703049436076,0.03520740456276555,23,False,one_way_turnover_times_cost_bps,0.161342838653167,0.6207518084223046,-0.18014487397500356,0.0,0.0,0.0,Minimum Variance
503,0.15667092411222372,0.08210067570244561,0.07564197669233508,0.13552173756473598,0.6058118585088815,-0.1844720564341894,1.1566709241122237,combined_minimum_variance,combined_minimum_variance_coverage_rank_sentiment,Combined,minimum_variance,coverage_rank,0.25,Coverage-Aware Rank Sentiment,development_2021_2022,2021-01-04,2022-12-30,10.0,1.6871896668151571,0.07335607247022423,23,False,one_way_turnover_times_cost_bps,0.161342838653167,0.6207518084223046,-0.18014487397500356,-0.004671914540943289,-0.014939949913423067,-0.004327182459185841,Minimum Variance
503,0.15919898012707545,0.08316733642308216,0.07681915035107112,0.1353223160659023,0.6145870011756188,-0.17997251830378214,1.1591989801270755,combined_minimum_variance,combined_minimum_variance_naive_sentiment,Combined,minimum_variance,naive,1.0,Naive Sentiment,development_2021_2022,2021-01-04,2022-12-30,10.0,1.2437332183813496,0.05407535732092825,23,False,one_way_turnover_times_cost_bps,0.161342838653167,0.6207518084223046,-0.18014487397500356,-0.0021438585260915577,-0.006164807246685777,0.0001723556712214247,Minimum Variance
503,0.1575867797807684,0.08249132974628716,0.07606858739279243,0.1354841926308605,0.6088631311480195,-0.18092392873236052,1.1575867797807684,combined_minimum_variance,combined_minimum_variance,Combined,minimum_variance,base,0.0,Base Fund,development_2021_2022,2021-01-04,2022-12-30,50.0,0.8097703049436076,0.03520740456276555,23,False,one_way_turnover_times_cost_bps,0.1575867797807684,0.6088631311480195,-0.18092392873236052,0.0,0.0,0.0,Minimum Variance
503,0.1488892398244792,0.07870890756754875,0.07201040246201429,0.1354548547102212,0.5810711453342211,-0.18560556303308107,1.1488892398244792,combined_minimum_variance,combined_minimum_variance_coverage_rank_sentiment,Combined,minimum_variance,coverage_rank,0.25,Coverage-Aware Rank Sentiment,development_2021_2022,2021-01-04,2022-12-30,50.0,1.6871896668151571,0.07335607247022423,23,False,one_way_turnover_times_cost_bps,0.1575867797807684,0.6088631311480195,-0.18092392873236052,-0.00869753995628919,-0.02779198581379838,-0.00468163430072055,Minimum Variance
503,0.15344535881308508,0.08066677448054962,0.07413814647457917,0.13526975183371262,0.5963400788944557,-0.18096304796513307,1.153445358813085,combined_minimum_variance,combined_minimum_variance_naive_sentiment,Combined,minimum_variance,naive,1.0,Naive Sentiment,development_2021_2022,2021-01-04,2022-12-30,50.0,1.2437332183813496,0.05407535732092825,23,False,one_way_turnover_times_cost_bps,0.1575867797807684,0.6088631311480195,-0.18092392873236052,-0.004141420967683329,-0.01252305225356376,-3.911923277255536e-05,Minimum Variance
503,0.21773728554648786,0.11727061815689276,0.10372745387930316,0.19266524805443858,0.6086755101976529,-0.22384241904565572,1.2177372855464879,combined_risk_parity,combined_risk_parity,Combined,risk_parity,base,0.0,Base Fund,development_2021_2022,2021-01-04,2022-12-30,0.0,0.8200116215788887,0.03565267919908212,23,False,one_way_turnover_times_cost_bps,0.21773728554648786,0.6086755101976529,-0.22384241904565572,0.0,0.0,0.0,Risk Parity
503,0.2107812578879149,0.11419222470926377,0.10056428488833835,0.1915770883755257,0.5960640997185759,-0.21974788253624422,1.210781257887915,combined_risk_parity,combined_risk_parity_coverage_rank_sentiment,Combined,risk_parity,coverage_rank,0.25,Coverage-Aware Rank Sentiment,development_2021_2022,2021-01-04,2022-12-30,0.0,1.6015320036900178,0.06963182624739207,23,False,one_way_turnover_times_cost_bps,0.21773728554648786,0.6086755101976529,-0.22384241904565572,-0.00695602765857295,-0.01261141047907699,0.004094536509411495,Risk Parity
503,0.21264357775452436,0.11507754291036365,0.10141203915990848,0.1921793936127944,0.5988027162902981,-0.22008251088927777,1.2126435777545244,combined_risk_parity,combined_risk_parity_naive_sentiment,Combined,risk_parity,naive,1.0,Naive Sentiment,development_2021_2022,2021-01-04,2022-12-30,0.0,1.2725158959961425,0.055326778086788805,23,False,one_way_turnover_times_cost_bps,0.21773728554648786,0.6086755101976529,-0.22384241904565572,-0.005093707791963498,-0.009872793907354738,0.0037599081563779446,Risk Parity
503,0.21673911701598225,0.11685753908957425,0.10327410398580694,0.19265424878067192,0.6065661143171114,-0.2240045447705511,1.2167391170159823,combined_risk_parity,combined_risk_parity,Combined,risk_parity,base,0.0,Base Fund,development_2021_2022,2021-01-04,2022-12-30,10.0,0.8200116215788887,0.03565267919908212,23,False,one_way_turnover_times_cost_bps,0.21673911701598225,0.6065661143171114,-0.2240045447705511,0.0,0.0,0.0,Risk Parity
503,0.20884363344250745,0.1133861625653606,0.09968155995016925,0.19155930680934533,0.5919115309715091,-0.22007083035845776,1.2088436334425074,combined_risk_parity,combined_risk_parity_coverage_rank_sentiment,Combined,risk_parity,coverage_rank,0.25,Coverage-Aware Rank Sentiment,development_2021_2022,2021-01-04,2022-12-30,10.0,1.6015320036900178,0.06963182624739207,23,False,one_way_turnover_times_cost_bps,0.21673911701598225,0.6065661143171114,-0.2240045447705511,-0.007895483573474804,-0.014654583345602323,0.0039337144120933365,Risk Parity
503,0.2111014061546337,0.11443688021720026,0.10071006718487951,0.19216424633257712,0.595515983858648,-0.2203506921103643,1.2111014061546337,combined_risk_parity,combined_risk_parity_naive_sentiment,Combined,risk_parity,naive,1.0,Naive Sentiment,development_2021_2022,2021-01-04,2022-12-30,10.0,1.2725158959961425,0.055326778086788805,23,False,one_way_turnover_times_cost_bps,0.21673911701598225,0.6065661143171114,-0.2240045447705511,-0.005637710861348566,-0.01105013045846337,0.003653852660186807,Risk Parity
503,0.2127542371421247,0.11520522282029999,0.10146239241822319,0.19261103957776535,0.5981236749090215,-0.2246527683279611,1.2127542371421247,combined_risk_parity,combined_risk_parity,Combined,risk_parity,base,0.0,Base Fund,development_2021_2022,2021-01-04,2022-12-30,50.0,0.8200116215788887,0.03565267919908212,23,False,one_way_turnover_times_cost_bps,0.2127542371421247,0.5981236749090215,-0.2246527683279611,0.0,0.0,0.0,Risk Parity
503,0.20112267377782844,0.11016191398974913,0.0961570851846143,0.19149115545933476,0.5752846063594995,-0.2213615183036557,1.2011226737778284,combined_risk_parity,combined_risk_parity_coverage_rank_sentiment,Combined,risk_parity,coverage_rank,0.25,Coverage-Aware Rank Sentiment,development_2021_2022,2021-01-04,2022-12-30,50.0,1.6015320036900178,0.06963182624739207,23,False,one_way_turnover_times_cost_bps,0.2127542371421247,0.5981236749090215,-0.2246527683279611,-0.011631563364296271,-0.022839068549522,0.0032912500243054144,Risk Parity
503,0.20495141627071178,0.11187422944454693,0.09790624362855138,0.19210551132734258,0.5823582502738106,-0.22142265819018359,1.2049514162707118,combined_risk_parity,combined_risk_parity_naive_sentiment,Combined,risk_parity,naive,1.0,Naive Sentiment,development_2021_2022,2021-01-04,2022-12-30,50.0,1.2725158959961425,0.055326778086788805,23,False,one_way_turnover_times_cost_bps,0.2127542371421247,0.5981236749090215,-0.2246527683279611,-0.00780282087141293,-0.015765424635210912,0.00323011013777752,Risk Parity
503,0.21638038810610105,0.11319334798573708,0.10311113054375998,0.17354447751879673,0.6522440218443541,-0.20249210152511687,1.216380388106101,equity_equal_weight,equity_equal_weight,Equity,equal_weight,base,0.0,Base Fund,development_2021_2022,2021-01-04,2022-12-30,0.0,0.6651709454921115,0.02892047589096137,23,False,one_way_turnover_times_cost_bps,0.21638038810610105,0.6522440218443541,-0.20249210152511687,0.0,0.0,0.0,Equal Weight
503,0.20495540609745944,0.10821809643743915,0.09790806493050219,0.1721065708194574,0.6287853852538943,-0.1965819725024216,1.2049554060974594,equity_equal_weight,equity_equal_weight_coverage_rank_sentiment,Equity,equal_weight,coverage_rank,0.25,Coverage-Aware Rank Sentiment,development_2021_2022,2021-01-04,2022-12-30,0.0,1.5147519472997668,0.06585878031738117,23,False,one_way_turnover_times_cost_bps,0.21638038810610105,0.6522440218443541,-0.20249210152511687,-0.011424982008641615,-0.02345863659045988,0.005910129022695276,Equal Weight
503,0.2067224876041247,0.10910236143926337,0.0987144181377142,0.1729832781927808,0.6307104512013844,-0.19811552328893134,1.2067224876041247,equity_equal_weight,equity_equal_weight_naive_sentiment,Equity,equal_weight,naive,1.0,Naive Sentiment,development_2021_2022,2021-01-04,2022-12-30,0.0,1.1502065422144672,0.05000898009628118,23,False,one_way_turnover_times_cost_bps,0.21638038810610105,0.6522440218443541,-0.20249210152511687,-0.009657900501976346,-0.02153357064296979,0.004376578236185535,Equal Weight
503,0.21557154387089383,0.1128582372530956,0.10274357804534828,0.1735343609465128,0.650350954344316,-0.2026396844834012,1.2155715438708938,equity_equal_weight,equity_equal_weight,Equity,equal_weight,base,0.0,Base Fund,development_2021_2022,2021-01-04,2022-12-30,10.0,0.6651709454921115,0.02892047589096137,23,False,one_way_turnover_times_cost_bps,0.21557154387089383,0.650350954344316,-0.2026396844834012,0.0,0.0,0.0,Equal Weight
503,0.20313151569831756,0.10745570086146021,0.09707516964558649,0.17208770795588374,0.6244240343360693,-0.19690705823479004,1.2031315156983176,equity_equal_weight,equity_equal_weight_coverage_rank_sentiment,Equity,equal_weight,coverage_rank,0.25,Coverage-Aware Rank Sentiment,development_2021_2022,2021-01-04,2022-12-30,10.0,1.5147519472997668,0.06585878031738117,23,False,one_way_turnover_times_cost_bps,0.21557154387089383,0.650350954344316,-0.2026396844834012,-0.012440028172576278,-0.0259269200082467,0.00573262624861115,Equal Weight
503,0.20533526899313514,0.10852318233807737,0.09808145342480601,0.17296745026808358,0.6274196802339195,-0.1983748228958816,1.2053352689931351,equity_equal_weight,equity_equal_weight_naive_sentiment,Equity,equal_weight,naive,1.0,Naive Sentiment,development_2021_2022,2021-01-04,2022-12-30,10.0,1.1502065422144672,0.05000898009628118,23,False,one_way_turnover_times_cost_bps,0.21557154387089383,0.650350954344316,-0.2026396844834012,-0.010236274877758689,-0.022931274110396527,0.004264861587519597,Equal Weight
503,0.21234129491771347,0.11151779432252985,0.10127447993922911,0.1734944598189446,0.6427743827607385,-0.20322978991339757,1.2123412949177135,equity_equal_weight,equity_equal_weight,Equity,equal_weight,base,0.0,Base Fund,development_2021_2022,2021-01-04,2022-12-30,50.0,0.6651709454921115,0.02892047589096137,23,False,one_way_turnover_times_cost_bps,0.21234129491771347,0.6427743827607385,-0.20322978991339757,0.0,0.0,0.0,Equal Weight
503,0.19586225672064006,0.10440611855754485,0.09374932346127629,0.17201520960449146,0.6069586450965713,-0.19820631397282507,1.19586225672064,equity_equal_weight,equity_equal_weight_coverage_rank_sentiment,Equity,equal_weight,coverage_rank,0.25,Coverage-Aware Rank Sentiment,development_2021_2022,2021-01-04,2022-12-30,50.0,1.5147519472997668,0.06585878031738117,23,False,one_way_turnover_times_cost_bps,0.21234129491771347,0.6427743827607385,-0.20322978991339757,-0.016479038197073415,-0.035815737664167235,0.005023475940572508,Equal Weight
503,0.1998015978235559,0.1062064659333324,0.09555290705286756,0.17290582023429577,0.6142445973733995,-0.1994113301189726,1.1998015978235559,equity_equal_weight,equity_equal_weight_naive_sentiment,Equity,equal_weight,naive,1.0,Naive Sentiment,development_2021_2022,2021-01-04,2022-12-30,50.0,1.1502065422144672,0.05000898009628118,23,False,one_way_turnover_times_cost_bps,0.21234129491771347,0.6427743827607385,-0.20322978991339757,-0.012539697094157587,-0.02852978538733897,0.0038184597944249665,Equal Weight
503,0.04515632277930104,0.054358021727792846,0.022373756462395145,0.2542455082555252,0.21380130607130027,-0.37674775139463845,1.045156322779301,equity_maximum_sharpe,equity_maximum_sharpe,Equity,maximum_sharpe,base,0.0,Base Fund,development_2021_2022,2021-01-04,2022-12-30,0.0,3.838013761397831,0.16687016353903614,23,False,one_way_turnover_times_cost_bps,0.04515632277930104,0.21380130607130027,-0.37674775139463845,0.0,0.0,0.0,Maximum Sharpe
503,0.07245549976396859,0.06768853755346325,0.03566628490225221,0.2559463840371325,0.26446373840406767,-0.3703005444947228,1.0724554997639686,equity_maximum_sharpe,equity_maximum_sharpe_coverage_rank_sentiment,Equity,maximum_sharpe,coverage_rank,0.25,Coverage-Aware Rank Sentiment,development_2021_2022,2021-01-04,2022-12-30,0.0,4.025351833786066,0.17501529712113328,23,False,one_way_turnover_times_cost_bps,0.04515632277930104,0.21380130607130027,-0.37674775139463845,0.02729917698466755,0.050662432332767404,0.006447206899915625,Maximum Sharpe
503,0.06421751252581642,0.06418635919382469,0.03167301212251261,0.25735537165644495,0.24940749742542734,-0.3709470601099728,1.0642175125258164,equity_maximum_sharpe,equity_maximum_sharpe_naive_sentiment,Equity,maximum_sharpe,naive,1.0,Naive Sentiment,development_2021_2022,2021-01-04,2022-12-30,0.0,3.9921618581264813,0.17357225470115137,23,False,one_way_turnover_times_cost_bps,0.04515632277930104,0.21380130607130027,-0.37674775139463845,0.019061189746515383,0.03560619135412707,0.005800691284665649,Maximum Sharpe
503,0.0411522732720393,0.05242283813371431,0.020409599652903232,0.25419799777515334,0.20622836762107022,-0.37724593556235,1.0411522732720393,equity_maximum_sharpe,equity_maximum_sharpe,Equity,maximum_sharpe,base,0.0,Base Fund,development_2021_2022,2021-01-04,2022-12-30,10.0,3.838013761397831,0.16687016353903614,23,False,one_way_turnover_times_cost_bps,0.0411522732720393,0.20622836762107022,-0.37724593556235,0.0,0.0,0.0,Maximum Sharpe
503,0.06814667904846994,0.06565941392962424,0.03357954872496727,0.2558994470937665,0.25658286751032083,-0.3708140470031345,1.06814667904847,equity_maximum_sharpe,equity_maximum_sharpe_coverage_rank_sentiment,Equity,maximum_sharpe,coverage_rank,0.25,Coverage-Aware Rank Sentiment,development_2021_2022,2021-01-04,2022-12-30,10.0,4.025351833786066,0.17501529712113328,23,False,one_way_turnover_times_cost_bps,0.0411522732720393,0.20622836762107022,-0.37724593556235,0.02699440577643064,0.050354499889250615,0.006431888559215504,Maximum Sharpe
503,0.05997698519132455,0.062173415107301094,0.02961144962703588,0.25730677904485283,0.24163146940043598,-0.3714610738350729,1.0599769851913245,equity_maximum_sharpe,equity_maximum_sharpe_naive_sentiment,Equity,maximum_sharpe,naive,1.0,Naive Sentiment,development_2021_2022,2021-01-04,2022-12-30,10.0,3.9921618581264813,0.17357225470115137,23,False,one_way_turnover_times_cost_bps,0.0411522732720393,0.20622836762107022,-0.37724593556235,0.018824711919285253,0.03540310177936576,0.005784861727277102,Maximum Sharpe
503,0.02528074353530818,0.0446821037573991,0.012586606045614568,0.2540232300756545,0.17589770724548162,-0.37923546677908193,1.0252807435353082,equity_maximum_sharpe,equity_maximum_sharpe,Equity,maximum_sharpe,base,0.0,Base Fund,development_2021_2022,2021-01-04,2022-12-30,50.0,3.838013761397831,0.16687016353903614,23,False,one_way_turnover_times_cost_bps,0.02528074353530818,0.17589770724548162,-0.37923546677908193,0.0,0.0,0.0,Maximum Sharpe
503,0.05107422265311801,0.05754291943426764,0.025269875195774505,0.25572916953963815,0.22501507957757028,-0.3728647379267247,1.051074222653118,equity_maximum_sharpe,equity_maximum_sharpe_coverage_rank_sentiment,Equity,maximum_sharpe,coverage_rank,0.25,Coverage-Aware Rank Sentiment,development_2021_2022,2021-01-04,2022-12-30,50.0,4.025351833786066,0.17501529712113328,23,False,one_way_turnover_times_cost_bps,0.02528074353530818,0.17589770724548162,-0.37923546677908193,0.025793479117809825,0.049117372332088655,0.0063707288523572325,Maximum Sharpe
503,0.04317395561788384,0.054121638761207236,0.021401791159522343,0.2571292139232641,0.21048420728015343,-0.3735137936140317,1.0431739556178838,equity_maximum_sharpe,equity_maximum_sharpe_naive_sentiment,Equity,maximum_sharpe,naive,1.0,Naive Sentiment,development_2021_2022,2021-01-04,2022-12-30,50.0,3.9921618581264813,0.17357225470115137,23,False,one_way_turnover_times_cost_bps,0.02528074353530818,0.17589770724548162,-0.37923546677908193,0.01789321208257566,0.03458650003467181,0.005721673165050234,Maximum Sharpe
503,0.16228370618744115,0.08452496617216869,0.07825380006636107,0.13551704342975027,0.6237220354942661,-0.17995004219487476,1.1622837061874411,equity_minimum_variance,equity_minimum_variance,Equity,minimum_variance,base,0.0,Base Fund,development_2021_2022,2021-01-04,2022-12-30,0.0,0.8097736709584191,0.03520755091123561,23,False,one_way_turnover_times_cost_bps,0.16228370618744115,0.6237220354942661,-0.17995004219487476,0.0,0.0,0.0,Minimum Variance
503,0.15862423572229822,0.08294864528121329,0.07655163677746946,0.13553967229138056,0.6119879433004081,-0.18418848513086727,1.1586242357222982,equity_minimum_variance,equity_minimum_variance_coverage_rank_sentiment,Equity,minimum_variance,coverage_rank,0.25,Coverage-Aware Rank Sentiment,development_2021_2022,2021-01-04,2022-12-30,0.0,1.687187829260728,0.0733559925765534,23,False,one_way_turnover_times_cost_bps,0.16228370618744115,0.6237220354942661,-0.17995004219487476,-0.003659470465142922,-0.011734092193858014,-0.004238442935992515,Minimum Variance
503,0.16064175276532477,0.08379252020455115,0.07749039437314598,0.13533610762730586,0.6191438609665237,-0.17972475034636448,1.1606417527653248,equity_minimum_variance,equity_minimum_variance_naive_sentiment,Equity,minimum_variance,naive,1.0,Naive Sentiment,development_2021_2022,2021-01-04,2022-12-30,0.0,1.2437355119452198,0.054075457041096515,23,False,one_way_turnover_times_cost_bps,0.16228370618744115,0.6237220354942661,-0.17995004219487476,-0.0016419534221163712,-0.00457817452774234,0.0002252918485102784,Minimum Variance
503,0.16134288115853868,0.084118241309481,0.07781644113048336,0.1355102376823363,0.6207519280327096,-0.18014489963724956,1.1613428811585387,equity_minimum_variance,equity_minimum_variance,Equity,minimum_variance,base,0.0,Base Fund,development_2021_2022,2021-01-04,2022-12-30,10.0,0.8097736709584191,0.03520755091123561,23,False,one_way_turnover_times_cost_bps,0.16134288115853868,0.6207519280327096,-0.18014489963724956,0.0,0.0,0.0,Minimum Variance
503,0.15667098860983986,0.08210070416607008,0.0756420067416197,0.1355217418230813,0.6058120495030942,-0.18447205415977708,1.1566709886098399,equity_minimum_variance,equity_minimum_variance_coverage_rank_sentiment,Equity,minimum_variance,coverage_rank,0.25,Coverage-Aware Rank Sentiment,development_2021_2022,2021-01-04,2022-12-30,10.0,1.687187829260728,0.0733559925765534,23,False,one_way_turnover_times_cost_bps,0.16134288115853868,0.6207519280327096,-0.18014489963724956,-0.004671892548698819,-0.014939878529615425,-0.004327154522527521,Minimum Variance
503,0.15919907661645039,0.08316737855808064,0.07681919525629022,0.13532231959389038,0.6145872965204148,-0.17997253033996508,1.1591990766164504,equity_minimum_variance,equity_minimum_variance_naive_sentiment,Equity,minimum_variance,naive,1.0,Naive Sentiment,development_2021_2022,2021-01-04,2022-12-30,10.0,1.2437355119452198,0.054075457041096515,23,False,one_way_turnover_times_cost_bps,0.16134288115853868,0.6207519280327096,-0.18014489963724956,-0.00214380454208829,-0.006164631512294849,0.00017236929728448036,Minimum Variance
503,0.15758680655919788,0.08249134185872924,0.07606859986387193,0.13548419684918256,0.608863201592112,-0.1809239611244028,1.1575868065591979,equity_minimum_variance,equity_minimum_variance,Equity,minimum_variance,base,0.0,Base Fund,development_2021_2022,2021-01-04,2022-12-30,50.0,0.8097736709584191,0.03520755091123561,23,False,one_way_turnover_times_cost_bps,0.15758680655919788,0.608863201592112,-0.1809239611244028,0.0,0.0,0.0,Minimum Variance
503,0.14888931233464175,0.07870893970549665,0.07201043635831206,0.13545485890132175,0.5810713646148032,-0.18560555371407716,1.1488893123346418,equity_minimum_variance,equity_minimum_variance_coverage_rank_sentiment,Equity,minimum_variance,coverage_rank,0.25,Coverage-Aware Rank Sentiment,development_2021_2022,2021-01-04,2022-12-30,50.0,1.687187829260728,0.0733559925765534,23,False,one_way_turnover_times_cost_bps,0.15758680655919788,0.608863201592112,-0.1809239611244028,-0.008697494224556124,-0.027791836977308804,-0.004681592589674377,Minimum Variance
503,0.15344544423786988,0.08066681197219908,0.07413818632928004,0.13526975503744557,0.5963403419328199,-0.18096306032070708,1.1534454442378699,equity_minimum_variance,equity_minimum_variance_naive_sentiment,Equity,minimum_variance,naive,1.0,Naive Sentiment,development_2021_2022,2021-01-04,2022-12-30,50.0,1.2437355119452198,0.054075457041096515,23,False,one_way_turnover_times_cost_bps,0.15758680655919788,0.608863201592112,-0.1809239611244028,-0.0041413623213280015,-0.012522859659292118,-3.909919630429304e-05,Minimum Variance
503,0.16912728480065997,0.09108655109235594,0.08142985534352154,0.16004971237225002,0.5691141192462952,-0.19395230461104163,1.16912728480066,equity_risk_parity,equity_risk_parity,Equity,risk_parity,base,0.0,Base Fund,development_2021_2022,2021-01-04,2022-12-30,0.0,0.627140928174939,0.027266996877171264,23,False,one_way_turnover_times_cost_bps,0.16912728480065997,0.5691141192462952,-0.19395230461104163,0.0,0.0,0.0,Risk Parity
503,0.16115308452464783,0.08745236397567221,0.07772818942370963,0.15875586667281286,0.55086067563038,-0.18934207791096225,1.1611530845246478,equity_risk_parity,equity_risk_parity_coverage_rank_sentiment,Equity,risk_parity,coverage_rank,0.25,Coverage-Aware Rank Sentiment,development_2021_2022,2021-01-04,2022-12-30,0.0,1.5198264203485754,0.06607940958037284,23,False,one_way_turnover_times_cost_bps,0.16912728480065997,0.5691141192462952,-0.19395230461104163,-0.007974200276012144,-0.018253443615915188,0.004610226700079378,Risk Parity
503,0.16331187720335483,0.08850217842307198,0.07873156133320447,0.15950869894383707,0.5548423315410124,-0.189715406415376,1.1633118772033548,equity_risk_parity,equity_risk_parity_naive_sentiment,Equity,risk_parity,naive,1.0,Naive Sentiment,development_2021_2022,2021-01-04,2022-12-30,0.0,1.1485343484698518,0.04993627602042834,23,False,one_way_turnover_times_cost_bps,0.16912728480065997,0.5691141192462952,-0.19395230461104163,-0.0058154075973051444,-0.014271787705282812,0.004236898195665639,Risk Parity
503,0.16839429656776028,0.09077085001546059,0.08109012521088199,0.1600408004342727,0.5671731818958213,-0.19409616959146958,1.1683942965677603,equity_risk_parity,equity_risk_parity,Equity,risk_parity,base,0.0,Base Fund,development_2021_2022,2021-01-04,2022-12-30,10.0,0.627140928174939,0.027266996877171264,23,False,one_way_turnover_times_cost_bps,0.16839429656776028,0.5671731818958213,-0.19409616959146958,0.0,0.0,0.0,Risk Parity
503,0.15938961173612465,0.08668777079969713,0.07690786481467793,0.1587372875228424,0.5461084295472964,-0.1896704905315103,1.1593896117361246,equity_risk_parity,equity_risk_parity_coverage_rank_sentiment,Equity,risk_parity,coverage_rank,0.25,Coverage-Aware Rank Sentiment,development_2021_2022,2021-01-04,2022-12-30,10.0,1.5198264203485754,0.06607940958037284,23,False,one_way_turnover_times_cost_bps,0.16839429656776028,0.5671731818958213,-0.19409616959146958,-0.009004684831635634,-0.021064752348524896,0.0044256790599592755,Risk Parity
503,0.1619765054632758,0.08792411603140689,0.07811101187870584,0.1594930489624977,0.551272400918744,-0.1899812126928644,1.1619765054632758,equity_risk_parity,equity_risk_parity_naive_sentiment,Equity,risk_parity,naive,1.0,Naive Sentiment,development_2021_2022,2021-01-04,2022-12-30,10.0,1.1485343484698518,0.04993627602042834,23,False,one_way_turnover_times_cost_bps,0.16839429656776028,0.5671731818958213,-0.19409616959146958,-0.006417791104484483,-0.015900780977077367,0.004114956898605193,Risk Parity
503,0.16546672622559178,0.08950804570787986,0.07973217412334432,0.1600056942433644,0.5594053769845247,-0.19467141658058273,1.1654667262255918,equity_risk_parity,equity_risk_parity,Equity,risk_parity,base,0.0,Base Fund,development_2021_2022,2021-01-04,2022-12-30,50.0,0.627140928174939,0.027266996877171264,23,False,one_way_turnover_times_cost_bps,0.16546672622559178,0.5594053769845247,-0.19467141658058273,0.0,0.0,0.0,Risk Parity
503,0.15236122884006043,0.08362939809579736,0.07363222990485196,0.15866621462312197,0.5270775400701486,-0.19098304330533078,1.1523612288400604,equity_risk_parity,equity_risk_parity_coverage_rank_sentiment,Equity,risk_parity,coverage_rank,0.25,Coverage-Aware Rank Sentiment,development_2021_2022,2021-01-04,2022-12-30,50.0,1.5198264203485754,0.06607940958037284,23,False,one_way_turnover_times_cost_bps,0.16546672622559178,0.5594053769845247,-0.19467141658058273,-0.01310549738553135,-0.03232783691437613,0.003688373275251955,Risk Parity
503,0.15664963124700382,0.08561186646474715,0.07563205635183046,0.15943226943124836,0.5369795385222524,-0.19104372022438632,1.1566496312470038,equity_risk_parity,equity_risk_parity_naive_sentiment,Equity,risk_parity,naive,1.0,Naive Sentiment,development_2021_2022,2021-01-04,2022-12-30,50.0,1.1485343484698518,0.04993627602042834,23,False,one_way_turnover_times_cost_bps,0.16546672622559178,0.5594053769845247,-0.19467141658058273,-0.008817094978587958,-0.022425838462272307,0.0036276963561964193,Risk Parity
753,0.5236892003153522,0.16433693011443073,0.1513526195518089,0.2160038524438884,0.7608055516376531,-0.2787245867171566,1.5236892003153522,combined_equal_weight,combined_equal_weight,Combined,equal_weight,base,0.0,Base Fund,full_oos,2021-01-04,2023-12-29,0.0,1.3500479890860284,0.03857279968817224,35,False,one_way_turnover_times_cost_bps,0.5236892003153522,0.7608055516376531,-0.2787245867171566,0.0,0.0,0.0,Equal Weight
753,0.5182441251320711,0.16296480836605234,0.14997401905390717,0.2151939157044991,0.7572928250900599,-0.27349779224938353,1.518244125132071,combined_equal_weight,combined_equal_weight_coverage_rank_sentiment,Combined,equal_weight,coverage_rank,0.25,Coverage-Aware Rank Sentiment,full_oos,2021-01-04,2023-12-29,0.0,2.5758613206822236,0.07359603773377782,35,False,one_way_turnover_times_cost_bps,0.5236892003153522,0.7608055516376531,-0.2787245867171566,-0.005445075183281078,-0.003512726547593159,0.005226794467773077,Equal Weight
753,0.5168335559828798,0.1627566837761885,0.14961635059491085,0.21567410633396014,0.7546417441701055,-0.2756036141057995,1.5168335559828798,combined_equal_weight,combined_equal_weight_naive_sentiment,Combined,equal_weight,naive,1.0,Naive Sentiment,full_oos,2021-01-04,2023-12-29,0.0,1.9398142590730045,0.055423264544942986,35,False,one_way_turnover_times_cost_bps,0.5236892003153522,0.7608055516376531,-0.2787245867171566,-0.0068556443324723215,-0.006163807467547522,0.0031209726113571312,Equal Weight
753,0.5216334911236229,0.1638828627068163,0.15083253466783564,0.21599448361296975,0.7587363342133784,-0.2790304824945198,1.521633491123623,combined_equal_weight,combined_equal_weight,Combined,equal_weight,base,0.0,Base Fund,full_oos,2021-01-04,2023-12-29,10.0,1.3500479890860284,0.03857279968817224,35,False,one_way_turnover_times_cost_bps,0.5216334911236229,0.7587363342133784,-0.2790304824945198,0.0,0.0,0.0,Equal Weight
753,0.5143382213512844,0.16209927832114712,0.14898308310612074,0.21517996013248678,0.7533195852501424,-0.27403205926832175,1.5143382213512844,combined_equal_weight,combined_equal_weight_coverage_rank_sentiment,Combined,equal_weight,coverage_rank,0.25,Coverage-Aware Rank Sentiment,full_oos,2021-01-04,2023-12-29,10.0,2.5758613206822236,0.07359603773377782,35,False,one_way_turnover_times_cost_bps,0.5216334911236229,0.7587363342133784,-0.2790304824945198,-0.00729526977233852,-0.005416748963235962,0.004998423226198034,Equal Weight
753,0.5138939458648466,0.1621045961253746,0.1488702618170914,0.21566226360659738,0.7516595319665169,-0.2760389533492701,1.5138939458648466,combined_equal_weight,combined_equal_weight_naive_sentiment,Combined,equal_weight,naive,1.0,Naive Sentiment,full_oos,2021-01-04,2023-12-29,10.0,1.9398142590730045,0.055423264544942986,35,False,one_way_turnover_times_cost_bps,0.5216334911236229,0.7587363342133784,-0.2790304824945198,-0.0077395452587762925,-0.007076802246861469,0.002991529145249694,Equal Weight
753,0.5134374847116985,0.16206659307635876,0.14875432310003234,0.21595786580028525,0.750454689278304,-0.28025290683095216,1.5134374847116985,combined_equal_weight,combined_equal_weight,Combined,equal_weight,base,0.0,Base Fund,full_oos,2021-01-04,2023-12-29,50.0,1.3500479890860284,0.03857279968817224,35,False,one_way_turnover_times_cost_bps,0.5134374847116985,0.750454689278304,-0.28025290683095216,0.0,0.0,0.0,Equal Weight
753,0.4988118637959984,0.1586371581415259,0.14502711173157268,0.21512710023703105,0.7374113162253223,-0.276165615830553,1.4988118637959984,combined_equal_weight,combined_equal_weight_coverage_rank_sentiment,Combined,equal_weight,coverage_rank,0.25,Coverage-Aware Rank Sentiment,full_oos,2021-01-04,2023-12-29,50.0,2.5758613206822236,0.07359603773377782,35,False,one_way_turnover_times_cost_bps,0.5134374847116985,0.750454689278304,-0.28025290683095216,-0.014625620915700077,-0.013043373052981755,0.004087291000399174,Equal Weight
753,0.5021906426528193,0.15949624552211886,0.14589030604656483,0.21561660489617998,0.7397215330373872,-0.27777797282560956,1.5021906426528193,combined_equal_weight,combined_equal_weight_naive_sentiment,Combined,equal_weight,naive,1.0,Naive Sentiment,full_oos,2021-01-04,2023-12-29,50.0,1.9398142590730045,0.055423264544942986,35,False,one_way_turnover_times_cost_bps,0.5134374847116985,0.750454689278304,-0.28025290683095216,-0.011246842058879158,-0.010733156240916863,0.0024749340053425994,Equal Weight
753,0.5707219119279183,0.18257706092199455,0.1631262524874335,0.25036106080364945,0.7292550220706413,-0.33512178543727034,1.5707219119279183,combined_hierarchical_risk_parity,combined_hierarchical_risk_parity,Combined,hierarchical_risk_parity,base,0.0,Base Fund,full_oos,2021-01-04,2023-12-29,0.0,1.5041657638072583,0.04297616468020738,35,False,one_way_turnover_times_cost_bps,0.5707219119279183,0.7292550220706413,-0.33512178543727034,0.0,0.0,0.0,Hierarchical Sleeve Risk Parity
753,0.5679505290024462,0.18184408125395607,0.162439049962102,0.24979196927983643,0.7279820955742583,-0.3336613373478464,1.5679505290024462,combined_hierarchical_risk_parity,combined_hierarchical_risk_parity_coverage_rank_sentiment,Combined,hierarchical_risk_parity,coverage_rank,0.25,Coverage-Aware Rank Sentiment,full_oos,2021-01-04,2023-12-29,0.0,2.6118625436425904,0.07462464410407402,35,False,one_way_turnover_times_cost_bps,0.5707219119279183,0.7292550220706413,-0.33512178543727034,-0.0027713829254720768,-0.0012729264963829978,0.0014604480894239158,Hierarchical Sleeve Risk Parity
753,0.5670307045620171,0.18172940821635877,0.16221078822417323,0.25011798282036857,0.7265747395175277,-0.33485640570807584,1.567030704562017,combined_hierarchical_risk_parity,combined_hierarchical_risk_parity_naive_sentiment,Combined,hierarchical_risk_parity,naive,1.0,Naive Sentiment,full_oos,2021-01-04,2023-12-29,0.0,2.043093408990936,0.05837409739974103,35,False,one_way_turnover_times_cost_bps,0.5707219119279183,0.7292550220706413,-0.33512178543727034,-0.003691207365901228,-0.0026802825531135888,0.0002653797291944926,Hierarchical Sleeve Risk Parity
753,0.5683610017079141,0.1820709646695832,0.16254088327313476,0.2503513502825976,0.7272617641728746,-0.33561773752797486,1.5683610017079141,combined_hierarchical_risk_parity,combined_hierarchical_risk_parity,Combined,hierarchical_risk_parity,base,0.0,Base Fund,full_oos,2021-01-04,2023-12-29,10.0,1.5041657638072583,0.04297616468020738,35,False,one_way_turnover_times_cost_bps,0.5683610017079141,0.7272617641728746,-0.33561773752797486,0.0,0.0,0.0,Hierarchical Sleeve Risk Parity
753,0.5638604403254137,0.1809663654111518,0.16142337819283337,0.24977958297546432,0.724504233914619,-0.3344418359850658,1.5638604403254137,combined_hierarchical_risk_parity,combined_hierarchical_risk_parity_coverage_rank_sentiment,Combined,hierarchical_risk_parity,coverage_rank,0.25,Coverage-Aware Rank Sentiment,full_oos,2021-01-04,2023-12-29,10.0,2.6118625436425904,0.07462464410407402,35,False,one_way_turnover_times_cost_bps,0.5683610017079141,0.7272617641728746,-0.33561773752797486,-0.004500561382500434,-0.002757530258255536,0.0011759015429090303,Hierarchical Sleeve Risk Parity
753,0.563832280409279,0.1810425002878611,0.16141637925569174,0.2501069344172615,0.7238603788003015,-0.33551227481553203,1.563832280409279,combined_hierarchical_risk_parity,combined_hierarchical_risk_parity_naive_sentiment,Combined,hierarchical_risk_parity,naive,1.0,Naive Sentiment,full_oos,2021-01-04,2023-12-29,10.0,2.043093408990936,0.05837409739974103,35,False,one_way_turnover_times_cost_bps,0.5683610017079141,0.7272617641728746,-0.33561773752797486,-0.00452872129863513,-0.0034013853725730625,0.00010546271244282757,Hierarchical Sleeve Risk Parity
753,0.558951598793989,0.18004657965993814,0.16020205331940307,0.2503135052339801,0.7192843210422862,-0.33759808429789284,1.558951598793989,combined_hierarchical_risk_parity,combined_hierarchical_risk_parity,Combined,hierarchical_risk_parity,base,0.0,Base Fund,full_oos,2021-01-04,2023-12-29,50.0,1.5041657638072583,0.04297616468020738,35,False,one_way_turnover_times_cost_bps,0.558951598793989,0.7192843210422862,-0.33759808429789284,0.0,0.0,0.0,Hierarchical Sleeve Risk Parity
753,0.5476033143490886,0.1774555020399349,0.15736876043436632,0.24973269469228224,0.7105817772822799,-0.3375552989144567,1.5476033143490886,combined_hierarchical_risk_parity,combined_hierarchical_risk_parity_coverage_rank_sentiment,Combined,hierarchical_risk_parity,coverage_rank,0.25,Coverage-Aware Rank Sentiment,full_oos,2021-01-04,2023-12-29,50.0,2.6118625436425904,0.07462464410407402,35,False,one_way_turnover_times_cost_bps,0.558951598793989,0.7192843210422862,-0.33759808429789284,-0.011348284444900436,-0.008702543760006343,4.278538343616134e-05,Hierarchical Sleeve Risk Parity
753,0.5511017011344392,0.17829486857387136,0.1582436619883958,0.2500644342739103,0.7129957088522813,-0.3381297186541383,1.5511017011344392,combined_hierarchical_risk_parity,combined_hierarchical_risk_parity_naive_sentiment,Combined,hierarchical_risk_parity,naive,1.0,Naive Sentiment,full_oos,2021-01-04,2023-12-29,50.0,2.043093408990936,0.05837409739974103,35,False,one_way_turnover_times_cost_bps,0.558951598793989,0.7192843210422862,-0.33759808429789284,-0.007849897659549798,-0.006288612190004983,-0.0005316343562454806,Hierarchical Sleeve Risk Parity
753,0.2631257682376038,0.13895293106555612,0.08131008843204857,0.3489607129181628,0.39819075879221666,-0.5210003618413179,1.2631257682376038,combined_maximum_sharpe,combined_maximum_sharpe,Combined,maximum_sharpe,base,0.0,Base Fund,full_oos,2021-01-04,2023-12-29,0.0,5.398811415062602,0.15425175471607436,35,False,one_way_turnover_times_cost_bps,0.2631257682376038,0.39819075879221666,-0.5210003618413179,0.0,0.0,0.0,Maximum Sharpe
753,0.27121968613228975,0.14117679120351612,0.0836239881537173,0.34919963452588554,0.4042867667808253,-0.5167496470544604,1.2712196861322898,combined_maximum_sharpe,combined_maximum_sharpe_coverage_rank_sentiment,Combined,maximum_sharpe,coverage_rank,0.25,Coverage-Aware Rank Sentiment,full_oos,2021-01-04,2023-12-29,0.0,5.659038209986217,0.1616868059996062,35,False,one_way_turnover_times_cost_bps,0.2631257682376038,0.39819075879221666,-0.5210003618413179,0.008093917894685942,0.006096007988608654,0.004250714786857568,Maximum Sharpe
753,0.2826261270980146,0.14443485110997947,0.08686829451934086,0.349968194518191,0.41270850715113166,-0.5169718995116073,1.2826261270980146,combined_maximum_sharpe,combined_maximum_sharpe_naive_sentiment,Combined,maximum_sharpe,naive,1.0,Naive Sentiment,full_oos,2021-01-04,2023-12-29,0.0,5.471947979897962,0.15634137085422747,35,False,one_way_turnover_times_cost_bps,0.2631257682376038,0.39819075879221666,-0.5210003618413179,0.019500358860410794,0.014517748358915006,0.004028462329710658,Maximum Sharpe
753,0.25632414574102524,0.13713653762704534,0.07935799161871127,0.34893495753547266,0.3930146139430701,-0.52190940996383,1.2563241457410252,combined_maximum_sharpe,combined_maximum_sharpe,Combined,maximum_sharpe,base,0.0,Base Fund,full_oos,2021-01-04,2023-12-29,10.0,5.398811415062602,0.15425175471607436,35,False,one_way_turnover_times_cost_bps,0.25632414574102524,0.3930146139430701,-0.52190940996383,0.0,0.0,0.0,Maximum Sharpe
753,0.26404545440798843,0.1392729903373494,0.08157350538170705,0.34917315194417037,0.3988651176698084,-0.5177067402674473,1.2640454544079884,combined_maximum_sharpe,combined_maximum_sharpe_coverage_rank_sentiment,Combined,maximum_sharpe,coverage_rank,0.25,Coverage-Aware Rank Sentiment,full_oos,2021-01-04,2023-12-29,10.0,5.659038209986217,0.1616868059996062,35,False,one_way_turnover_times_cost_bps,0.25632414574102524,0.3930146139430701,-0.52190940996383,0.007721308666963189,0.005850503726738343,0.0042026696963826105,Maximum Sharpe
753,0.2756261797167936,0.14259382390568337,0.0848796033839434,0.3499421990068362,0.4074782187183369,-0.5179156783960139,1.2756261797167936,combined_maximum_sharpe,combined_maximum_sharpe_naive_sentiment,Combined,maximum_sharpe,naive,1.0,Naive Sentiment,full_oos,2021-01-04,2023-12-29,10.0,5.471947979897962,0.15634137085422747,35,False,one_way_turnover_times_cost_bps,0.25632414574102524,0.3930146139430701,-0.52190940996383,0.01930203397576835,0.014463604775266814,0.003993731567816017,Maximum Sharpe
753,0.22946979889005226,0.12987096387300257,0.07158124090933304,0.3488411099087791,0.37229260022410615,-0.5261497198788666,1.2294697988900523,combined_maximum_sharpe,combined_maximum_sharpe,Combined,maximum_sharpe,base,0.0,Base Fund,full_oos,2021-01-04,2023-12-29,50.0,5.398811415062602,0.15425175471607436,35,False,one_way_turnover_times_cost_bps,0.22946979889005226,0.37229260022410615,-0.5261497198788666,0.0,0.0,0.0,Maximum Sharpe
753,0.23573806592254298,0.13165778687268417,0.07340650267048021,0.34907703370815407,0.3771596930170912,-0.5215182599272423,1.235738065922543,combined_maximum_sharpe,combined_maximum_sharpe_coverage_rank_sentiment,Combined,maximum_sharpe,coverage_rank,0.25,Coverage-Aware Rank Sentiment,full_oos,2021-01-04,2023-12-29,50.0,5.659038209986217,0.1616868059996062,35,False,one_way_turnover_times_cost_bps,0.22946979889005226,0.37229260022410615,-0.5261497198788666,0.006268267032490726,0.004867092792985028,0.004631459951624284,Maximum Sharpe
753,0.24799358117409165,0.1352297150884982,0.07695747734536962,0.34984769036157537,0.38653882479182666,-0.5216743972213453,1.2479935811740916,combined_maximum_sharpe,combined_maximum_sharpe_naive_sentiment,Combined,maximum_sharpe,naive,1.0,Naive Sentiment,full_oos,2021-01-04,2023-12-29,50.0,5.471947979897962,0.15634137085422747,35,False,one_way_turnover_times_cost_bps,0.22946979889005226,0.37229260022410615,-0.5261497198788666,0.018523782284039392,0.014246224567720511,0.0044753226575212635,Maximum Sharpe
753,0.2214165037352771,0.0750616447584189,0.06922708517452691,0.1274552183582494,0.5889256299215355,-0.17995001821664847,1.221416503735277,combined_minimum_variance,combined_minimum_variance,Combined,minimum_variance,base,0.0,Base Fund,full_oos,2021-01-04,2023-12-29,0.0,1.0723044110294262,0.030637268886555033,35,False,one_way_turnover_times_cost_bps,0.2214165037352771,0.5889256299215355,-0.17995001821664847,0.0,0.0,0.0,Minimum Variance
753,0.22196919269549875,0.0752534825902005,0.0693889778342831,0.1277664730402832,0.5889924077850532,-0.18418848564175416,1.2219691926954988,combined_minimum_variance,combined_minimum_variance_coverage_rank_sentiment,Combined,minimum_variance,coverage_rank,0.25,Coverage-Aware Rank Sentiment,full_oos,2021-01-04,2023-12-29,0.0,2.6064220730705534,0.0744692020877301,35,False,one_way_turnover_times_cost_bps,0.2214165037352771,0.5889256299215355,-0.17995001821664847,0.0005526889602216478,6.677786351771964e-05,-0.004238467425105696,Minimum Variance
753,0.2174956009258997,0.07398550979556076,0.0680771796056312,0.1274537255700241,0.5804891890344352,-0.17972473839018477,1.2174956009258997,combined_minimum_variance,combined_minimum_variance_naive_sentiment,Combined,minimum_variance,naive,1.0,Naive Sentiment,full_oos,2021-01-04,2023-12-29,0.0,1.7517191003570014,0.05004911715305718,35,False,one_way_turnover_times_cost_bps,0.2214165037352771,0.5889256299215355,-0.17995001821664847,-0.003920902809377402,-0.008436440887100272,0.00022527982646369793,Minimum Variance
753,0.22010745148100486,0.07470206234258388,0.06884344540423548,0.1274502334922154,0.5861273086419778,-0.18014487397500356,1.2201074514810049,combined_minimum_variance,combined_minimum_variance,Combined,minimum_variance,base,0.0,Base Fund,full_oos,2021-01-04,2023-12-29,10.0,1.0723044110294262,0.030637268886555033,35,False,one_way_turnover_times_cost_bps,0.22010745148100486,0.5861273086419778,-0.18014487397500356,0.0,0.0,0.0,Minimum Variance
753,0.21878824355910198,0.07437939237915182,0.06845655219151126,0.12775406813493706,0.5822076233266438,-0.1844720564341894,1.218788243559102,combined_minimum_variance,combined_minimum_variance_coverage_rank_sentiment,Combined,minimum_variance,coverage_rank,0.25,Coverage-Aware Rank Sentiment,full_oos,2021-01-04,2023-12-29,10.0,2.6064220730705534,0.0744692020877301,35,False,one_way_turnover_times_cost_bps,0.22010745148100486,0.5861273086419778,-0.18014487397500356,-0.0013192079219028763,-0.003919685315334043,-0.004327182459185841,Minimum Variance
753,0.21536469898719757,0.0733978766115968,0.06745120415093808,0.12744388938498005,0.5759230745844386,-0.17997251830378214,1.2153646989871976,combined_minimum_variance,combined_minimum_variance_naive_sentiment,Combined,minimum_variance,naive,1.0,Naive Sentiment,full_oos,2021-01-04,2023-12-29,10.0,1.7517191003570014,0.05004911715305718,35,False,one_way_turnover_times_cost_bps,0.22010745148100486,0.5861273086419778,-0.18014487397500356,-0.00474275249380729,-0.01020423405753923,0.0001723556712214247,Minimum Variance
753,0.21488478090449736,0.073263732679244,0.06731012229924827,0.12743128646583976,0.5749273566259072,-0.18092392873236052,1.2148847809044974,combined_minimum_variance,combined_minimum_variance,Combined,minimum_variance,base,0.0,Base Fund,full_oos,2021-01-04,2023-12-29,50.0,1.0723044110294262,0.030637268886555033,35,False,one_way_turnover_times_cost_bps,0.21488478090449736,0.5749273566259072,-0.18092392873236052,0.0,0.0,0.0,Minimum Variance
753,0.2061444872420397,0.0708830315349574,0.06473421957892223,0.1277097698733789,0.555032176514265,-0.18560556303308107,1.2061444872420397,combined_minimum_variance,combined_minimum_variance_coverage_rank_sentiment,Combined,minimum_variance,coverage_rank,0.25,Coverage-Aware Rank Sentiment,full_oos,2021-01-04,2023-12-29,50.0,2.6064220730705534,0.0744692020877301,35,False,one_way_turnover_times_cost_bps,0.21488478090449736,0.5749273566259072,-0.18092392873236052,-0.008740293662457654,-0.019895180111642263,-0.00468163430072055,Minimum Variance
753,0.20687715963198228,0.07104734387573965,0.06495062569211996,0.12740697638854953,0.5576409227314878,-0.18096304796513307,1.2068771596319823,combined_minimum_variance,combined_minimum_variance_naive_sentiment,Combined,minimum_variance,naive,1.0,Naive Sentiment,full_oos,2021-01-04,2023-12-29,50.0,1.7517191003570014,0.05004911715305718,35,False,one_way_turnover_times_cost_bps,0.21488478090449736,0.5749273566259072,-0.18092392873236052,-0.008007621272515086,-0.017286433894419417,-3.911923277255536e-05,Minimum Variance
753,0.43277840057665595,0.13558671818632725,0.12789087823871492,0.17439198150177576,0.7774825253932138,-0.22384241904565572,1.432778400576656,combined_risk_parity,combined_risk_parity,Combined,risk_parity,base,0.0,Base Fund,full_oos,2021-01-04,2023-12-29,0.0,1.1335989008553475,0.0323885400244385,35,False,one_way_turnover_times_cost_bps,0.43277840057665595,0.7774825253932138,-0.22384241904565572,0.0,0.0,0.0,Risk Parity
753,0.4283456841397417,0.13441651104983102,0.12672188744283663,0.17362481638028363,0.7741779882169828,-0.21974788253624422,1.4283456841397417,combined_risk_parity,combined_risk_parity_coverage_rank_sentiment,Combined,risk_parity,coverage_rank,0.25,Coverage-Aware Rank Sentiment,full_oos,2021-01-04,2023-12-29,0.0,2.540591402440843,0.07258832578402408,35,False,one_way_turnover_times_cost_bps,0.43277840057665595,0.7774825253932138,-0.22384241904565572,-0.00443271643691423,-0.003304537176231026,0.004094536509411495,Risk Parity
753,0.4276561417878273,0.1343289087987726,0.12653982528976138,0.17405120419939735,0.771778106429428,-0.22008251088927777,1.4276561417878273,combined_risk_parity,combined_risk_parity_naive_sentiment,Combined,risk_parity,naive,1.0,Naive Sentiment,full_oos,2021-01-04,2023-12-29,0.0,1.832410262067489,0.05235457891621397,35,False,one_way_turnover_times_cost_bps,0.43277840057665595,0.7774825253932138,-0.22384241904565572,-0.00512225878882866,-0.005704418963785818,0.0037599081563779446,Risk Parity
753,0.43115509629933113,0.1352056332733795,0.12746306194925316,0.17438311660985242,0.7753367178078097,-0.2240045447705511,1.4311550962993311,combined_risk_parity,combined_risk_parity,Combined,risk_parity,base,0.0,Base Fund,full_oos,2021-01-04,2023-12-29,10.0,1.1335989008553475,0.0323885400244385,35,False,one_way_turnover_times_cost_bps,0.43115509629933113,0.7753367178078097,-0.2240045447705511,0.0,0.0,0.0,Risk Parity
753,0.4247213090459019,0.13356333451438226,0.12576427656250044,0.17361025649420747,0.7693285938946737,-0.22007083035845776,1.4247213090459019,combined_risk_parity,combined_risk_parity_coverage_rank_sentiment,Combined,risk_parity,coverage_rank,0.25,Coverage-Aware Rank Sentiment,full_oos,2021-01-04,2023-12-29,10.0,2.540591402440843,0.07258832578402408,35,False,one_way_turnover_times_cost_bps,0.43115509629933113,0.7753367178078097,-0.2240045447705511,-0.006433787253429246,-0.006008123913135988,0.0039337144120933365,Risk Parity
753,0.4250424131604804,0.13371323276223648,0.12584918217889118,0.17403882574670998,0.76829542022329,-0.2203506921103643,1.4250424131604804,combined_risk_parity,combined_risk_parity_naive_sentiment,Combined,risk_parity,naive,1.0,Naive Sentiment,full_oos,2021-01-04,2023-12-29,10.0,1.832410262067489,0.05235457891621397,35,False,one_way_turnover_times_cost_bps,0.43115509629933113,0.7753367178078097,-0.2240045447705511,-0.006112683138850716,-0.007041297584519657,0.003653852660186807,Risk Parity
753,0.4246796824689234,0.1336812936215876,0.1257532688259051,0.17434839384968745,0.7667480650084993,-0.2246527683279611,1.4246796824689234,combined_risk_parity,combined_risk_parity,Combined,risk_parity,base,0.0,Base Fund,full_oos,2021-01-04,2023-12-29,50.0,1.1335989008553475,0.0323885400244385,35,False,one_way_turnover_times_cost_bps,0.4246796824689234,0.7667480650084993,-0.2246527683279611,0.0,0.0,0.0,Risk Parity
753,0.41031280738790943,0.1301506283725883,0.12194123669266621,0.17355560746748747,0.749907365551238,-0.2213615183036557,1.4103128073879094,combined_risk_parity,combined_risk_parity_coverage_rank_sentiment,Combined,risk_parity,coverage_rank,0.25,Coverage-Aware Rank Sentiment,full_oos,2021-01-04,2023-12-29,50.0,2.540591402440843,0.07258832578402408,35,False,one_way_turnover_times_cost_bps,0.4246796824689234,0.7667480650084993,-0.2246527683279611,-0.014366875081013974,-0.0168406994572613,0.0032912500243054144,Risk Parity
753,0.41463382831628715,0.13125052861609252,0.1230904601021181,0.17399118559578353,0.7543515964137049,-0.22142265819018359,1.4146338283162871,combined_risk_parity,combined_risk_parity_naive_sentiment,Combined,risk_parity,naive,1.0,Naive Sentiment,full_oos,2021-01-04,2023-12-29,50.0,1.832410262067489,0.05235457891621397,35,False,one_way_turnover_times_cost_bps,0.4246796824689234,0.7667480650084993,-0.2246527683279611,-0.010045854152636258,-0.012396468594794485,0.00323011013777752,Risk Parity
753,0.4272168148150326,0.13205338524492422,0.1264237978181748,0.16117980666586584,0.8192923665597749,-0.20249210152511687,1.4272168148150326,equity_equal_weight,equity_equal_weight,Equity,equal_weight,base,0.0,Base Fund,full_oos,2021-01-04,2023-12-29,0.0,0.9533748669333082,0.027239281912380234,35,False,one_way_turnover_times_cost_bps,0.4272168148150326,0.8192923665597749,-0.20249210152511687,0.0,0.0,0.0,Equal Weight
753,0.4205055630486947,0.13032178545037476,0.12464837588250521,0.16021672203863307,0.8134093856879075,-0.1965819725024216,1.4205055630486947,equity_equal_weight,equity_equal_weight_coverage_rank_sentiment,Equity,equal_weight,coverage_rank,0.25,Coverage-Aware Rank Sentiment,full_oos,2021-01-04,2023-12-29,0.0,2.482242577884077,0.07092121651097362,35,False,one_way_turnover_times_cost_bps,0.4272168148150326,0.8192923665597749,-0.20249210152511687,-0.006711251766337911,-0.005882980871867338,0.005910129022695276,Equal Weight
753,0.4190433984667601,0.13007241995711094,0.12426082884718981,0.16081443661450226,0.8088354671099286,-0.19811552328893134,1.41904339846676,equity_equal_weight,equity_equal_weight_naive_sentiment,Equity,equal_weight,naive,1.0,Naive Sentiment,full_oos,2021-01-04,2023-12-29,0.0,1.7051244009805013,0.048717840028014325,35,False,one_way_turnover_times_cost_bps,0.4272168148150326,0.8192923665597749,-0.20249210152511687,-0.00817341634827251,-0.01045689944984629,0.004376578236185535,Equal Weight
753,0.42585677094151575,0.13173283264937205,0.12606445574084346,0.16117138458445857,0.8173462863089084,-0.2026396844834012,1.4258567709415157,equity_equal_weight,equity_equal_weight,Equity,equal_weight,base,0.0,Base Fund,full_oos,2021-01-04,2023-12-29,10.0,0.9533748669333082,0.027239281912380234,35,False,one_way_turnover_times_cost_bps,0.42585677094151575,0.8173462863089084,-0.2026396844834012,0.0,0.0,0.0,Equal Weight
753,0.416983764312445,0.12948807844056417,0.1237144714009919,0.1602004670091997,0.8082877713029898,-0.19690705823479004,1.416983764312445,equity_equal_weight,equity_equal_weight_coverage_rank_sentiment,Equity,equal_weight,coverage_rank,0.25,Coverage-Aware Rank Sentiment,full_oos,2021-01-04,2023-12-29,10.0,2.482242577884077,0.07092121651097362,35,False,one_way_turnover_times_cost_bps,0.42585677094151575,0.8173462863089084,-0.2026396844834012,-0.008873006629070757,-0.009058515005918588,0.00573262624861115,Equal Weight
753,0.4166257526039061,0.1294993449721215,0.12361944803700897,0.16080088691991437,0.8053397431608549,-0.1983748228958816,1.416625752603906,equity_equal_weight,equity_equal_weight_naive_sentiment,Equity,equal_weight,naive,1.0,Naive Sentiment,full_oos,2021-01-04,2023-12-29,10.0,1.7051244009805013,0.048717840028014325,35,False,one_way_turnover_times_cost_bps,0.42585677094151575,0.8173462863089084,-0.2026396844834012,-0.009231018337609642,-0.012006543148053495,0.004264861587519597,Equal Weight
753,0.42042915204142095,0.13045062226716397,0.12462812970301984,0.16113824589561024,0.8095571696347834,-0.20322978991339757,1.420429152041421,equity_equal_weight,equity_equal_weight,Equity,equal_weight,base,0.0,Base Fund,full_oos,2021-01-04,2023-12-29,50.0,0.9533748669333082,0.027239281912380234,35,False,one_way_turnover_times_cost_bps,0.42042915204142095,0.8095571696347834,-0.20322978991339757,0.0,0.0,0.0,Equal Weight
753,0.4029810536171907,0.12615325040132253,0.11998590380519114,0.16013918320865933,0.7877725355757962,-0.19820631397282507,1.4029810536171907,equity_equal_weight,equity_equal_weight_coverage_rank_sentiment,Equity,equal_weight,coverage_rank,0.25,Coverage-Aware Rank Sentiment,full_oos,2021-01-04,2023-12-29,50.0,2.482242577884077,0.07092121651097362,35,False,one_way_turnover_times_cost_bps,0.42042915204142095,0.8095571696347834,-0.20322978991339757,-0.01744809842423023,-0.02178463405898723,0.005023475940572508,Equal Weight
753,0.4069950557662476,0.12720704503216332,0.12105725293219716,0.16074843865252905,0.7913423365008962,-0.1994113301189726,1.4069950557662476,equity_equal_weight,equity_equal_weight_naive_sentiment,Equity,equal_weight,naive,1.0,Naive Sentiment,full_oos,2021-01-04,2023-12-29,50.0,1.7051244009805013,0.048717840028014325,35,False,one_way_turnover_times_cost_bps,0.42042915204142095,0.8095571696347834,-0.20322978991339757,-0.013434096275173335,-0.018214833133887165,0.0038184597944249665,Equal Weight
753,0.4704461529423789,0.15695434208686387,0.13772879836512186,0.23657072666269566,0.6634563130486155,-0.37674775139463845,1.470446152942379,equity_maximum_sharpe,equity_maximum_sharpe,Equity,maximum_sharpe,base,0.0,Base Fund,full_oos,2021-01-04,2023-12-29,0.0,4.767350146110997,0.1362100041745999,35,False,one_way_turnover_times_cost_bps,0.4704461529423789,0.6634563130486155,-0.37674775139463845,0.0,0.0,0.0,Maximum Sharpe
753,0.4830277698663299,0.16004426711464909,0.14097742314569195,0.23761522184476522,0.6735438322179819,-0.3703005444947228,1.48302776986633,equity_maximum_sharpe,equity_maximum_sharpe_coverage_rank_sentiment,Equity,maximum_sharpe,coverage_rank,0.25,Coverage-Aware Rank Sentiment,full_oos,2021-01-04,2023-12-29,0.0,5.234011492711865,0.14954318550605328,35,False,one_way_turnover_times_cost_bps,0.4704461529423789,0.6634563130486155,-0.37674775139463845,0.012581616923950989,0.010087519169366344,0.006447206899915625,Maximum Sharpe
753,0.4897837008253758,0.16197207227715876,0.1427142700357107,0.2393447186502827,0.6767313404304668,-0.3709470601099728,1.4897837008253758,equity_maximum_sharpe,equity_maximum_sharpe_naive_sentiment,Equity,maximum_sharpe,naive,1.0,Naive Sentiment,full_oos,2021-01-04,2023-12-29,0.0,4.933303688666942,0.14095153396191262,35,False,one_way_turnover_times_cost_bps,0.4704461529423789,0.6634563130486155,-0.37674775139463845,0.01933754788299691,0.013275027381851268,0.005800691284665649,Maximum Sharpe
753,0.46345206155540275,0.15534813970674352,0.1359148915983488,0.23652900856600154,0.65678261050756,-0.37724593556235,1.4634520615554028,equity_maximum_sharpe,equity_maximum_sharpe,Equity,maximum_sharpe,base,0.0,Base Fund,full_oos,2021-01-04,2023-12-29,10.0,4.767350146110997,0.1362100041745999,35,False,one_way_turnover_times_cost_bps,0.46345206155540275,0.65678261050756,-0.37724593556235,0.0,0.0,0.0,Maximum Sharpe
753,0.4752850933789994,0.15828155362017174,0.13898041299531672,0.2375728767076885,0.6662442102552076,-0.3708140470031345,1.4752850933789994,equity_maximum_sharpe,equity_maximum_sharpe_coverage_rank_sentiment,Equity,maximum_sharpe,coverage_rank,0.25,Coverage-Aware Rank Sentiment,full_oos,2021-01-04,2023-12-29,10.0,5.234011492711865,0.14954318550605328,35,False,one_way_turnover_times_cost_bps,0.46345206155540275,0.65678261050756,-0.37724593556235,0.01183303182359663,0.009461599747647598,0.006431888559215504,Maximum Sharpe
753,0.4824515300394312,0.1603101059210639,0.14082903720669737,0.23930287307999012,0.6699046436750391,-0.3714610738350729,1.4824515300394312,equity_maximum_sharpe,equity_maximum_sharpe_naive_sentiment,Equity,maximum_sharpe,naive,1.0,Naive Sentiment,full_oos,2021-01-04,2023-12-29,10.0,4.933303688666942,0.14095153396191262,35,False,one_way_turnover_times_cost_bps,0.46345206155540275,0.65678261050756,-0.37724593556235,0.018999468484028448,0.013122033167479064,0.005784861727277102,Maximum Sharpe
753,0.43579415924901577,0.1489233301862609,0.1286848158170779,0.23637430196865755,0.6300318137206287,-0.37923546677908193,1.4357941592490158,equity_maximum_sharpe,equity_maximum_sharpe,Equity,maximum_sharpe,base,0.0,Base Fund,full_oos,2021-01-04,2023-12-29,50.0,4.767350146110997,0.1362100041745999,35,False,one_way_turnover_times_cost_bps,0.43579415924901577,0.6300318137206287,-0.37923546677908193,0.0,0.0,0.0,Maximum Sharpe
753,0.44470141485976766,0.15123069964226257,0.13102330757625924,0.23741788058049393,0.6369810869867886,-0.3728647379267247,1.4447014148597677,equity_maximum_sharpe,equity_maximum_sharpe_coverage_rank_sentiment,Equity,maximum_sharpe,coverage_rank,0.25,Coverage-Aware Rank Sentiment,full_oos,2021-01-04,2023-12-29,50.0,5.234011492711865,0.14954318550605328,35,False,one_way_turnover_times_cost_bps,0.43579415924901577,0.6300318137206287,-0.37923546677908193,0.008907255610751896,0.0069492732661599055,0.0063707288523572325,Maximum Sharpe
753,0.45346791750578186,0.15366224049668512,0.13331549835970424,0.2391486896892473,0.6425385006138051,-0.3735137936140317,1.4534679175057819,equity_maximum_sharpe,equity_maximum_sharpe_naive_sentiment,Equity,maximum_sharpe,naive,1.0,Naive Sentiment,full_oos,2021-01-04,2023-12-29,50.0,4.933303688666942,0.14095153396191262,35,False,one_way_turnover_times_cost_bps,0.43579415924901577,0.6300318137206287,-0.37923546677908193,0.017673758256766092,0.012506686893176466,0.005721673165050234,Maximum Sharpe
753,0.22141581143127986,0.07506145393719242,0.06922688235551933,0.127455210031412,0.5889241712339035,-0.17995004219487476,1.2214158114312799,equity_minimum_variance,equity_minimum_variance,Equity,minimum_variance,base,0.0,Base Fund,full_oos,2021-01-04,2023-12-29,0.0,1.0723059124653185,0.030637311784723384,35,False,one_way_turnover_times_cost_bps,0.22141581143127986,0.5889241712339035,-0.17995004219487476,0.0,0.0,0.0,Minimum Variance
753,0.22196855131032,0.07525330607328921,0.06938878998912434,0.12776646691973556,0.5889910544412584,-0.18418848513086727,1.22196855131032,equity_minimum_variance,equity_minimum_variance_coverage_rank_sentiment,Equity,minimum_variance,coverage_rank,0.25,Coverage-Aware Rank Sentiment,full_oos,2021-01-04,2023-12-29,0.0,2.6064233427629175,0.07446923836465479,35,False,one_way_turnover_times_cost_bps,0.22141581143127986,0.5889241712339035,-0.17995004219487476,0.0005527398790401428,6.688320735492859e-05,-0.004238442935992515,Minimum Variance
753,0.21749499888584878,0.07398534327426415,0.06807700285285057,0.12745371801439218,0.5804879169229858,-0.17972475034636448,1.2174949988858488,equity_minimum_variance,equity_minimum_variance_naive_sentiment,Equity,minimum_variance,naive,1.0,Naive Sentiment,full_oos,2021-01-04,2023-12-29,0.0,1.751723028952353,0.05004922939863866,35,False,one_way_turnover_times_cost_bps,0.22141581143127986,0.5889241712339035,-0.17995004219487476,-0.003920812545431085,-0.008436254310917657,0.0002252918485102784,Minimum Variance
753,0.22010675808696178,0.07470187102394973,0.06884324212090287,0.12745022520406185,0.5861258456338058,-0.18014489963724956,1.2201067580869618,equity_minimum_variance,equity_minimum_variance,Equity,minimum_variance,base,0.0,Base Fund,full_oos,2021-01-04,2023-12-29,10.0,1.0723059124653185,0.030637311784723384,35,False,one_way_turnover_times_cost_bps,0.22010675808696178,0.5861258456338058,-0.18014489963724956,0.0,0.0,0.0,Minimum Variance
753,0.2187876022958244,0.07437921543772238,0.06845636405606781,0.12775406201379452,0.5822062662061667,-0.18447205415977708,1.2187876022958244,equity_minimum_variance,equity_minimum_variance_coverage_rank_sentiment,Equity,minimum_variance,coverage_rank,0.25,Coverage-Aware Rank Sentiment,full_oos,2021-01-04,2023-12-29,10.0,2.6064233427629175,0.07446923836465479,35,False,one_way_turnover_times_cost_bps,0.22010675808696178,0.5861258456338058,-0.18014489963724956,-0.0013191557911373941,-0.003919579427639097,-0.004327154522527521,Minimum Variance
753,0.21536409322591932,0.07339770877240832,0.06745102609824016,0.12744388180414296,0.5759217918770448,-0.17997253033996508,1.2153640932259193,equity_minimum_variance,equity_minimum_variance_naive_sentiment,Equity,minimum_variance,naive,1.0,Naive Sentiment,full_oos,2021-01-04,2023-12-29,10.0,1.751723028952353,0.05004922939863866,35,False,one_way_turnover_times_cost_bps,0.22010675808696178,0.5861258456338058,-0.18014489963724956,-0.004742664861042467,-0.010204053756760922,0.00017236929728448036,Minimum Variance
753,0.2148840831795622,0.07326353937097738,0.06730991716157364,0.127431278337195,0.5749258763387373,-0.1809239611244028,1.2148840831795622,equity_minimum_variance,equity_minimum_variance,Equity,minimum_variance,base,0.0,Base Fund,full_oos,2021-01-04,2023-12-29,50.0,1.0723059124653185,0.030637311784723384,35,False,one_way_turnover_times_cost_bps,0.2148840831795622,0.5749258763387373,-0.1809239611244028,0.0,0.0,0.0,Minimum Variance
753,0.20614384650029827,0.0708828528954546,0.06473403028767422,0.12770976375962997,0.5550308042920459,-0.18560555371407716,1.2061438465002983,equity_minimum_variance,equity_minimum_variance_coverage_rank_sentiment,Equity,minimum_variance,coverage_rank,0.25,Coverage-Aware Rank Sentiment,full_oos,2021-01-04,2023-12-29,50.0,2.6064233427629175,0.07446923836465479,35,False,one_way_turnover_times_cost_bps,0.2148840831795622,0.5749258763387373,-0.1809239611244028,-0.008740236679263935,-0.019895072046691387,-0.004681592589674377,Minimum Variance
753,0.20687653912949355,0.07104717076498555,0.06495044245410786,0.12740696871806984,0.5576395975812044,-0.18096306032070708,1.2068765391294936,equity_minimum_variance,equity_minimum_variance_naive_sentiment,Equity,minimum_variance,naive,1.0,Naive Sentiment,full_oos,2021-01-04,2023-12-29,50.0,1.751723028952353,0.05004922939863866,35,False,one_way_turnover_times_cost_bps,0.2148840831795622,0.5749258763387373,-0.1809239611244028,-0.008007544050068649,-0.017286278757532858,-3.909919630429304e-05,Minimum Variance
753,0.3320494820566,0.1071020781513999,0.10070807279659144,0.14927327664524762,0.7174899657755297,-0.19395230461104163,1.3320494820566,equity_risk_parity,equity_risk_parity,Equity,risk_parity,base,0.0,Base Fund,full_oos,2021-01-04,2023-12-29,0.0,0.9021527665405324,0.0257757933297295,35,False,one_way_turnover_times_cost_bps,0.3320494820566,0.7174899657755297,-0.19395230461104163,0.0,0.0,0.0,Risk Parity
753,0.3269159927766194,0.10568977080838009,0.0992866357141462,0.14846487379853163,0.7118840174397225,-0.18934207791096225,1.3269159927766194,equity_risk_parity,equity_risk_parity_coverage_rank_sentiment,Equity,risk_parity,coverage_rank,0.25,Coverage-Aware Rank Sentiment,full_oos,2021-01-04,2023-12-29,0.0,2.4811657099416773,0.07089044885547649,35,False,one_way_turnover_times_cost_bps,0.3320494820566,0.7174899657755297,-0.19395230461104163,-0.005133489279980585,-0.005605948335807187,0.004610226700079378,Risk Parity
753,0.32644590209742064,0.10564168008309016,0.09915628725081427,0.14894042598146834,0.7092881558982143,-0.189715406415376,1.3264459020974206,equity_risk_parity,equity_risk_parity_naive_sentiment,Equity,risk_parity,naive,1.0,Naive Sentiment,full_oos,2021-01-04,2023-12-29,0.0,1.696242464037093,0.0484640704010598,35,False,one_way_turnover_times_cost_bps,0.3320494820566,0.7174899657755297,-0.19395230461104163,-0.005603579959179372,-0.008201809877315447,0.004236898195665639,Risk Parity
753,0.33084829549178485,0.10679897653594142,0.10037579742467329,0.14926603244265876,0.7154941736457606,-0.19409616959146958,1.3308482954917848,equity_risk_parity,equity_risk_parity,Equity,risk_parity,base,0.0,Base Fund,full_oos,2021-01-04,2023-12-29,10.0,0.9021527665405324,0.0257757933297295,35,False,one_way_turnover_times_cost_bps,0.33084829549178485,0.7154941736457606,-0.19409616959146958,0.0,0.0,0.0,Risk Parity
753,0.32362765166253515,0.10485685193314051,0.09837418727767888,0.148449731599407,0.7063458505677714,-0.1896704905315103,1.3236276516625352,equity_risk_parity,equity_risk_parity_coverage_rank_sentiment,Equity,risk_parity,coverage_rank,0.25,Coverage-Aware Rank Sentiment,full_oos,2021-01-04,2023-12-29,10.0,2.4811657099416773,0.07089044885547649,35,False,one_way_turnover_times_cost_bps,0.33084829549178485,0.7154941736457606,-0.19409616959146958,-0.0072206438292496955,-0.009148323077989184,0.0044256790599592755,Risk Parity
753,0.32419777796901506,0.10507190105100395,0.0985324938376897,0.14892763641649542,0.7055231895116952,-0.1899812126928644,1.324197777969015,equity_risk_parity,equity_risk_parity_naive_sentiment,Equity,risk_parity,naive,1.0,Naive Sentiment,full_oos,2021-01-04,2023-12-29,10.0,1.696242464037093,0.0484640704010598,35,False,one_way_turnover_times_cost_bps,0.33084829549178485,0.7154941736457606,-0.19409616959146958,-0.006650517522769794,-0.009970984134065386,0.004114956898605193,Risk Parity
753,0.32605404560600904,0.10558657007410799,0.09904760835879256,0.1492375840976426,0.7075065621876137,-0.19467141658058273,1.326054045606009,equity_risk_parity,equity_risk_parity,Equity,risk_parity,base,0.0,Base Fund,full_oos,2021-01-04,2023-12-29,50.0,0.9021527665405324,0.0257757933297295,35,False,one_way_turnover_times_cost_bps,0.32605404560600904,0.7075065621876137,-0.19467141658058273,0.0,0.0,0.0,Risk Parity
753,0.3105531274857156,0.10152517643218224,0.0947312762507091,0.14839320579225865,0.684163239753114,-0.19098304330533078,1.3105531274857156,equity_risk_parity,equity_risk_parity_coverage_rank_sentiment,Equity,risk_parity,coverage_rank,0.25,Coverage-Aware Rank Sentiment,full_oos,2021-01-04,2023-12-29,50.0,2.4811657099416773,0.07089044885547649,35,False,one_way_turnover_times_cost_bps,0.32605404560600904,0.7075065621876137,-0.19467141658058273,-0.015500918120293417,-0.023343322434499658,0.003688373275251955,Risk Parity
753,0.3152421780793295,0.10279278492265842,0.09604054008294693,0.14887834868316954,0.6904481802213794,-0.19104372022438632,1.3152421780793295,equity_risk_parity,equity_risk_parity_naive_sentiment,Equity,risk_parity,naive,1.0,Naive Sentiment,full_oos,2021-01-04,2023-12-29,50.0,1.696242464037093,0.0484640704010598,35,False,one_way_turnover_times_cost_bps,0.32605404560600904,0.7075065621876137,-0.19467141658058273,-0.010811867526679508,-0.017058381966234215,0.0036276963561964193,Risk Parity
250,0.24948159668218906,0.23619819231706632,0.2517099450814031,0.1526401699833346,1.54741829980178,-0.10720005169004765,1.249481596682189,combined_equal_weight,combined_equal_weight,Combined,equal_weight,base,0.0,Base Fund,locked_holdout_2023,2023-01-03,2023-12-29,0.0,0.3642541553575706,0.030354512946464216,12,False,one_way_turnover_times_cost_bps,0.24948159668218906,1.54741829980178,-0.10720005169004765,0.0,0.0,0.0,Equal Weight
250,0.25436494643447216,0.24010643065622328,0.2566412173506152,0.15247198668085657,1.5747576711176254,-0.10830405453058523,1.2543649464344722,combined_equal_weight,combined_equal_weight_coverage_rank_sentiment,Combined,equal_weight,coverage_rank,0.25,Coverage-Aware Rank Sentiment,locked_holdout_2023,2023-01-03,2023-12-29,0.0,0.9227489069197268,0.07689574224331057,12,False,one_way_turnover_times_cost_bps,0.24948159668218906,1.54741829980178,-0.10720005169004765,0.004883349752283106,0.027339371315845407,-0.0011040028405375768,Equal Weight
250,0.2518092181673899,0.2380685354245441,0.2540603893736988,0.15259499534317317,1.5601333116407141,-0.10743937761757816,1.2518092181673899,combined_equal_weight,combined_equal_weight_naive_sentiment,Combined,equal_weight,naive,1.0,Naive Sentiment,locked_holdout_2023,2023-01-03,2023-12-29,0.0,0.575404774937365,0.04795039791144708,12,False,one_way_turnover_times_cost_bps,0.24948159668218906,1.54741829980178,-0.10720005169004765,0.002327621485200826,0.012715011838934087,-0.0002393259275305093,Equal Weight
250,0.24902654349376885,0.23583012516130028,0.25125043409435577,0.152636443151352,1.5450446845610435,-0.10728035663531976,1.2490265434937688,combined_equal_weight,combined_equal_weight,Combined,equal_weight,base,0.0,Base Fund,locked_holdout_2023,2023-01-03,2023-12-29,10.0,0.3642541553575706,0.030354512946464216,12,False,one_way_turnover_times_cost_bps,0.24902654349376885,1.5450446845610435,-0.10728035663531976,0.0,0.0,0.0,Equal Weight
250,0.25320797085377,0.23917429348344652,0.25547287394041973,0.1524645686480398,1.5687204942387216,-0.10849443195637898,1.25320797085377,combined_equal_weight,combined_equal_weight_coverage_rank_sentiment,Combined,equal_weight,coverage_rank,0.25,Coverage-Aware Rank Sentiment,locked_holdout_2023,2023-01-03,2023-12-29,10.0,0.9227489069197268,0.07689574224331057,12,False,one_way_turnover_times_cost_bps,0.24902654349376885,1.5450446845610435,-0.10728035663531976,0.004181427360001155,0.023675809677678128,-0.001214075321059216,Equal Weight
250,0.25108911014747726,0.2374871036989543,0.2533332168084166,0.15258917720307685,1.556382359824177,-0.10757315762669839,1.2510891101474773,combined_equal_weight,combined_equal_weight_naive_sentiment,Combined,equal_weight,naive,1.0,Naive Sentiment,locked_holdout_2023,2023-01-03,2023-12-29,10.0,0.575404774937365,0.04795039791144708,12,False,one_way_turnover_times_cost_bps,0.24902654349376885,1.5450446845610435,-0.10728035663531976,0.0020625666537084086,0.011337675263133562,-0.0002928009913786278,Equal Weight
250,0.24720784348501135,0.234357856538238,0.24941393108800258,0.15262226922198108,1.535541685580476,-0.10760152843170356,1.2472078434850113,combined_equal_weight,combined_equal_weight,Combined,equal_weight,base,0.0,Base Fund,locked_holdout_2023,2023-01-03,2023-12-29,50.0,0.3642541553575706,0.030354512946464216,12,False,one_way_turnover_times_cost_bps,0.24720784348501135,1.535541685580476,-0.10760152843170356,0.0,0.0,0.0,Equal Weight
250,0.2485898221305689,0.23544574479233887,0.25080943577446435,0.15243951812574968,1.5445190832872884,-0.10925567097743083,1.248589822130569,combined_equal_weight,combined_equal_weight_coverage_rank_sentiment,Combined,equal_weight,coverage_rank,0.25,Coverage-Aware Rank Sentiment,locked_holdout_2023,2023-01-03,2023-12-29,50.0,0.9227489069197268,0.07689574224331057,12,False,one_way_turnover_times_cost_bps,0.24720784348501135,1.535541685580476,-0.10760152843170356,0.0013819786455575578,0.008977397706812384,-0.0016541425457272663,Equal Weight
250,0.24821245471008124,0.23516137679659604,0.25042837366387416,0.15256775615975876,1.5413569860092244,-0.10810814805393754,1.2482124547100812,combined_equal_weight,combined_equal_weight_naive_sentiment,Combined,equal_weight,naive,1.0,Naive Sentiment,locked_holdout_2023,2023-01-03,2023-12-29,50.0,0.575404774937365,0.04795039791144708,12,False,one_way_turnover_times_cost_bps,0.24720784348501135,1.535541685580476,-0.10760152843170356,0.0010046112250698958,0.005815300428748449,-0.0005066196222339725,Equal Weight
250,0.24852471907981344,0.23644896938126095,0.250743695253687,0.15929280570290213,1.484366907456343,-0.10414662491674154,1.2485247190798134,combined_hierarchical_risk_parity,combined_hierarchical_risk_parity,Combined,hierarchical_risk_parity,base,0.0,Base Fund,locked_holdout_2023,2023-01-03,2023-12-29,0.0,0.3747720599579871,0.031231004996498928,12,False,one_way_turnover_times_cost_bps,0.24852471907981344,1.484366907456343,-0.10414662491674154,0.0,0.0,0.0,Hierarchical Sleeve Risk Parity
250,0.25140956600611464,0.2387523916358781,0.25365681605279167,0.15914213859546888,1.5002462185252794,-0.10595986042644434,1.2514095660061146,combined_hierarchical_risk_parity,combined_hierarchical_risk_parity_coverage_rank_sentiment,Combined,hierarchical_risk_parity,coverage_rank,0.25,Coverage-Aware Rank Sentiment,locked_holdout_2023,2023-01-03,2023-12-29,0.0,0.8972987933621356,0.07477489944684464,12,False,one_way_turnover_times_cost_bps,0.24852471907981344,1.484366907456343,-0.10414662491674154,0.002884846926301199,0.015879311068936364,-0.0018132355097028041,Hierarchical Sleeve Risk Parity
250,0.24929832054842027,0.2370664204173034,0.251524873374273,0.1592479456179837,1.4886623466151123,-0.10494955823655694,1.2492983205484203,combined_hierarchical_risk_parity,combined_hierarchical_risk_parity_naive_sentiment,Combined,hierarchical_risk_parity,naive,1.0,Naive Sentiment,locked_holdout_2023,2023-01-03,2023-12-29,0.0,0.5743300040747188,0.04786083367289323,12,False,one_way_turnover_times_cost_bps,0.24852471907981344,1.484366907456343,-0.10414662491674154,0.0007736014686068327,0.0042954391587692875,-0.0008029333198154021,Hierarchical Sleeve Risk Parity
250,0.24805688682285298,0.2360704407572203,0.2502712829268561,0.15929018265186368,1.482015004485013,-0.10423236603607144,1.248056886822853,combined_hierarchical_risk_parity,combined_hierarchical_risk_parity,Combined,hierarchical_risk_parity,base,0.0,Base Fund,locked_holdout_2023,2023-01-03,2023-12-29,10.0,0.3747720599579871,0.031231004996498928,12,False,one_way_turnover_times_cost_bps,0.24805688682285298,1.482015004485013,-0.10423236603607144,0.0,0.0,0.0,Hierarchical Sleeve Risk Parity
250,0.25028713826953797,0.23784633050105047,0.25252338120927376,0.1591374963603346,1.4945964083945098,-0.106155166098435,1.250287138269538,combined_hierarchical_risk_parity,combined_hierarchical_risk_parity_coverage_rank_sentiment,Combined,hierarchical_risk_parity,coverage_rank,0.25,Coverage-Aware Rank Sentiment,locked_holdout_2023,2023-01-03,2023-12-29,10.0,0.8972987933621356,0.07477489944684464,12,False,one_way_turnover_times_cost_bps,0.24805688682285298,1.482015004485013,-0.10423236603607144,0.002230251446684983,0.012581403909496691,-0.001922800062363561,Hierarchical Sleeve Risk Parity
250,0.2485809988997003,0.23648638131400637,0.2508005261474946,0.15924429350697503,1.4850540393376677,-0.10508719701504943,1.2485809988997003,combined_hierarchical_risk_parity,combined_hierarchical_risk_parity_naive_sentiment,Combined,hierarchical_risk_parity,naive,1.0,Naive Sentiment,locked_holdout_2023,2023-01-03,2023-12-29,10.0,0.5743300040747188,0.04786083367289323,12,False,one_way_turnover_times_cost_bps,0.24805688682285298,1.482015004485013,-0.10423236603607144,0.0005241120768473273,0.003039034852654554,-0.0008548309789779829,Hierarchical Sleeve Risk Parity
250,0.24618715545057923,0.23455632626105755,0.24838326106623998,0.15928044669114919,1.4725996262169652,-0.10457527610094075,1.2461871554505792,combined_hierarchical_risk_parity,combined_hierarchical_risk_parity,Combined,hierarchical_risk_parity,base,0.0,Base Fund,locked_holdout_2023,2023-01-03,2023-12-29,50.0,0.3747720599579871,0.031231004996498928,12,False,one_way_turnover_times_cost_bps,0.24618715545057923,1.4725996262169652,-0.10457527610094075,0.0,0.0,0.0,Hierarchical Sleeve Risk Parity
250,0.24580662704882128,0.2342220859617388,0.24799901295199134,0.1591231211771076,1.4719550762270703,-0.10693610612351612,1.2458066270488213,combined_hierarchical_risk_parity,combined_hierarchical_risk_parity_coverage_rank_sentiment,Combined,hierarchical_risk_parity,coverage_rank,0.25,Coverage-Aware Rank Sentiment,locked_holdout_2023,2023-01-03,2023-12-29,50.0,0.8972987933621356,0.07477489944684464,12,False,one_way_turnover_times_cost_bps,0.24618715545057923,1.4725996262169652,-0.10457527610094075,-0.00038052840175795133,-0.000644549989894827,-0.0023608300225753664,Hierarchical Sleeve Risk Parity
250,0.2457154665569612,0.2341662249008183,0.24790696149437652,0.1592314551828986,1.4706028066618313,-0.10563761485750722,1.2457154665569612,combined_hierarchical_risk_parity,combined_hierarchical_risk_parity_naive_sentiment,Combined,hierarchical_risk_parity,naive,1.0,Naive Sentiment,locked_holdout_2023,2023-01-03,2023-12-29,50.0,0.5743300040747188,0.04786083367289323,12,False,one_way_turnover_times_cost_bps,0.24618715545057923,1.4725996262169652,-0.10457527610094075,-0.00047168889361803856,-0.0019968195551338663,-0.0010623387565664721,Hierarchical Sleeve Risk Parity
250,0.30107573782474506,0.28150251383936764,0.3038180795488261,0.17991465630402087,1.5646447022286112,-0.10449136129345438,1.301075737824745,combined_maximum_sharpe,combined_maximum_sharpe,Combined,maximum_sharpe,base,0.0,Base Fund,locked_holdout_2023,2023-01-03,2023-12-29,0.0,1.1290437717755564,0.09408698098129636,12,False,one_way_turnover_times_cost_bps,0.30107573782474506,1.5646447022286112,-0.10449136129345438,0.0,0.0,0.0,Maximum Sharpe
250,0.28040893181154014,0.2654131360292755,0.2829433635905989,0.1802672682120688,1.4723312704613685,-0.10810778782951413,1.2804089318115401,combined_maximum_sharpe,combined_maximum_sharpe_coverage_rank_sentiment,Combined,maximum_sharpe,coverage_rank,0.25,Coverage-Aware Rank Sentiment,locked_holdout_2023,2023-01-03,2023-12-29,0.0,1.3300075764551176,0.11083396470459313,12,False,one_way_turnover_times_cost_bps,0.30107573782474506,1.5646447022286112,-0.10449136129345438,-0.02066680601320492,-0.09231343176724272,-0.003616426536059758,Maximum Sharpe
250,0.29493278109999377,0.2770320919389916,0.29761304514636167,0.18162781195238917,1.5252735192978657,-0.1043910212839706,1.2949327810999938,combined_maximum_sharpe,combined_maximum_sharpe_naive_sentiment,Combined,maximum_sharpe,naive,1.0,Naive Sentiment,locked_holdout_2023,2023-01-03,2023-12-29,0.0,1.1382611825677413,0.09485509854731178,12,False,one_way_turnover_times_cost_bps,0.30107573782474506,1.5646447022286112,-0.10449136129345438,-0.006142956724751292,-0.039371182930745485,0.00010034000948377919,Maximum Sharpe
250,0.29960751683233444,0.2803559034424036,0.3023350000862448,0.17987378615582908,1.5586256865662702,-0.1046790739915362,1.2996075168323344,combined_maximum_sharpe,combined_maximum_sharpe,Combined,maximum_sharpe,base,0.0,Base Fund,locked_holdout_2023,2023-01-03,2023-12-29,10.0,1.1290437717755564,0.09408698098129636,12,False,one_way_turnover_times_cost_bps,0.29960751683233444,1.5586256865662702,-0.1046790739915362,0.0,0.0,0.0,Maximum Sharpe
250,0.27870700914583857,0.2640643238655192,0.28122443896376836,0.18022950873077964,1.4651558766659514,-0.10837584612512396,1.2787070091458386,combined_maximum_sharpe,combined_maximum_sharpe_coverage_rank_sentiment,Combined,maximum_sharpe,coverage_rank,0.25,Coverage-Aware Rank Sentiment,locked_holdout_2023,2023-01-03,2023-12-29,10.0,1.3300075764551176,0.11083396470459313,12,False,one_way_turnover_times_cost_bps,0.29960751683233444,1.5586256865662702,-0.1046790739915362,-0.020900507686495873,-0.09346980990031883,-0.003696772133587767,Maximum Sharpe
250,0.2934595717699269,0.2758766134001445,0.296124983259318,0.18158964152892745,1.5192310039127261,-0.10459930841389264,1.2934595717699269,combined_maximum_sharpe,combined_maximum_sharpe_naive_sentiment,Combined,maximum_sharpe,naive,1.0,Naive Sentiment,locked_holdout_2023,2023-01-03,2023-12-29,10.0,1.1382611825677413,0.09485509854731178,12,False,one_way_turnover_times_cost_bps,0.29960751683233444,1.5586256865662702,-0.1046790739915362,-0.006147945062407567,-0.039394682653544066,7.976557764355352e-05,Maximum Sharpe
250,0.2937496192566804,0.2757694618545455,0.2964179538665259,0.17971684535877042,1.534466406329492,-0.10542970536338081,1.2937496192566804,combined_maximum_sharpe,combined_maximum_sharpe,Combined,maximum_sharpe,base,0.0,Base Fund,locked_holdout_2023,2023-01-03,2023-12-29,50.0,1.1290437717755564,0.09408698098129636,12,False,one_way_turnover_times_cost_bps,0.2937496192566804,1.534466406329492,-0.10542970536338081,0.0,0.0,0.0,Maximum Sharpe
250,0.27191989924129545,0.2586690752104957,0.27436970908514113,0.18008699306254133,1.4363562343487186,-0.10944758273349464,1.2719198992412954,combined_maximum_sharpe,combined_maximum_sharpe_coverage_rank_sentiment,Combined,maximum_sharpe,coverage_rank,0.25,Coverage-Aware Rank Sentiment,locked_holdout_2023,2023-01-03,2023-12-29,50.0,1.3300075764551176,0.11083396470459313,12,False,one_way_turnover_times_cost_bps,0.2937496192566804,1.534466406329492,-0.10542970536338081,-0.021829720015384968,-0.09811017198077332,-0.0040178773701138315,Maximum Sharpe
250,0.28758195853178403,0.2712546992447541,0.29018824838928703,0.18144327184523687,1.49498350909436,-0.10543213836511733,1.287581958531784,combined_maximum_sharpe,combined_maximum_sharpe_naive_sentiment,Combined,maximum_sharpe,naive,1.0,Naive Sentiment,locked_holdout_2023,2023-01-03,2023-12-29,50.0,1.1382611825677413,0.09485509854731178,12,False,one_way_turnover_times_cost_bps,0.2937496192566804,1.534466406329492,-0.10542970536338081,-0.006167660724896384,-0.039482897235131986,-2.433001736523721e-06,Maximum Sharpe
250,0.05087643064132186,0.05602148344316331,0.05129370730355509,0.10969860307264227,0.5106854770617814,-0.08588793433473563,1.0508764306413219,combined_minimum_variance,combined_minimum_variance,Combined,minimum_variance,base,0.0,Base Fund,locked_holdout_2023,2023-01-03,2023-12-29,0.0,0.2625341060858188,0.021877842173818232,12,False,one_way_turnover_times_cost_bps,0.05087643064132186,0.5106854770617814,-0.08588793433473563,0.0,0.0,0.0,Minimum Variance
250,0.054672620262371296,0.059770870676509484,0.055121841120493675,0.11073419561899238,0.539768861302479,-0.08787473571524984,1.0546726202623713,combined_minimum_variance,combined_minimum_variance_coverage_rank_sentiment,Combined,minimum_variance,coverage_rank,0.25,Coverage-Aware Rank Sentiment,locked_holdout_2023,2023-01-03,2023-12-29,0.0,0.9192324062553962,0.07660270052128301,12,False,one_way_turnover_times_cost_bps,0.05087643064132186,0.5106854770617814,-0.08588793433473563,0.0037961896210494395,0.029083384240697674,-0.0019868013805142137,Minimum Variance
250,0.04898492765709084,0.05425389196389488,0.04938632895939166,0.11014206890018015,0.4925810138273709,-0.08705786447687569,1.0489849276570908,combined_minimum_variance,combined_minimum_variance_naive_sentiment,Combined,minimum_variance,naive,1.0,Naive Sentiment,locked_holdout_2023,2023-01-03,2023-12-29,0.0,0.5079858819756519,0.04233215683130432,12,False,one_way_turnover_times_cost_bps,0.05087643064132186,0.5106854770617814,-0.08588793433473563,-0.0018915029842310194,-0.01810446323441045,-0.0011699301421400632,Minimum Variance
250,0.05060057277831054,0.055756748230601186,0.05101553245722634,0.10969815945207909,0.5082742364055629,-0.0859411619254179,1.0506005727783105,combined_minimum_variance,combined_minimum_variance,Combined,minimum_variance,base,0.0,Base Fund,locked_holdout_2023,2023-01-03,2023-12-29,10.0,0.2625341060858188,0.021877842173818232,12,False,one_way_turnover_times_cost_bps,0.05060057277831054,0.5082742364055629,-0.0859411619254179,0.0,0.0,0.0,Minimum Variance
250,0.053703536720743905,0.058844170332684645,0.05414459243571956,0.11073517127334688,0.5313954875947168,-0.08829229811724193,1.053703536720744,combined_minimum_variance,combined_minimum_variance_coverage_rank_sentiment,Combined,minimum_variance,coverage_rank,0.25,Coverage-Aware Rank Sentiment,locked_holdout_2023,2023-01-03,2023-12-29,10.0,0.9192324062553962,0.07660270052128301,12,False,one_way_turnover_times_cost_bps,0.05060057277831054,0.5082742364055629,-0.0859411619254179,0.0031029639424333677,0.02312125118915387,-0.0023511361918240326,Minimum Variance
250,0.048452181051749976,0.05374172347088824,0.04884911598269981,0.11014192962954676,0.48793155932208626,-0.08713576131051082,1.04845218105175,combined_minimum_variance,combined_minimum_variance_naive_sentiment,Combined,minimum_variance,naive,1.0,Naive Sentiment,locked_holdout_2023,2023-01-03,2023-12-29,10.0,0.5079858819756519,0.04233215683130432,12,False,one_way_turnover_times_cost_bps,0.05060057277831054,0.5082742364055629,-0.0859411619254179,-0.002148391726560561,-0.020342677083476646,-0.0011945993850929204,Minimum Variance
250,0.04949780191389297,0.054697807380353146,0.04990350504642582,0.10969691664526511,0.4986266620167039,-0.08615405679144317,1.049497801913893,combined_minimum_variance,combined_minimum_variance,Combined,minimum_variance,base,0.0,Base Fund,locked_holdout_2023,2023-01-03,2023-12-29,50.0,0.2625341060858188,0.021877842173818232,12,False,one_way_turnover_times_cost_bps,0.04949780191389297,0.4986266620167039,-0.08615405679144317,0.0,0.0,0.0,Minimum Variance
250,0.04983530651423762,0.05513736895738356,0.050243841633824005,0.11074565617417283,0.4978738748061365,-0.08996098341966585,1.0498353065142376,combined_minimum_variance,combined_minimum_variance_coverage_rank_sentiment,Combined,minimum_variance,coverage_rank,0.25,Coverage-Aware Rank Sentiment,locked_holdout_2023,2023-01-03,2023-12-29,50.0,0.9192324062553962,0.07660270052128301,12,False,one_way_turnover_times_cost_bps,0.04949780191389297,0.4986266620167039,-0.08615405679144317,0.00033750460034465135,-0.0007527872105674294,-0.0038069266282226844,Minimum Variance
250,0.046323651493884066,0.05169304949886196,0.04670276334038337,0.1101434495833012,0.46932477323371496,-0.08779412268092124,1.046323651493884,combined_minimum_variance,combined_minimum_variance_naive_sentiment,Combined,minimum_variance,naive,1.0,Naive Sentiment,locked_holdout_2023,2023-01-03,2023-12-29,50.0,0.5079858819756519,0.04233215683130432,12,False,one_way_turnover_times_cost_bps,0.04949780191389297,0.4986266620167039,-0.08615405679144317,-0.0031741504200089032,-0.02930188878298895,-0.0016400658894780706,Minimum Variance
250,0.17659072903698014,0.17243871144554943,0.1781224324711974,0.13040009358142243,1.3223818074783658,-0.0980713187165051,1.1765907290369801,combined_risk_parity,combined_risk_parity,Combined,risk_parity,base,0.0,Base Fund,locked_holdout_2023,2023-01-03,2023-12-29,0.0,0.3135872792764591,0.026132273273038256,12,False,one_way_turnover_times_cost_bps,0.17659072903698014,1.3223818074783658,-0.0980713187165051,0.0,0.0,0.0,Risk Parity
250,0.1796892913847603,0.17510777516705225,0.1812498822583457,0.13053367113895906,1.341475909159423,-0.10032154989032982,1.1796892913847603,combined_risk_parity,combined_risk_parity_coverage_rank_sentiment,Combined,risk_parity,coverage_rank,0.25,Coverage-Aware Rank Sentiment,locked_holdout_2023,2023-01-03,2023-12-29,0.0,0.9390593987508257,0.07825494989590213,12,False,one_way_turnover_times_cost_bps,0.17659072903698014,1.3223818074783658,-0.0980713187165051,0.003098562347780165,0.019094101681057296,-0.002250231173824724,Risk Parity
250,0.1773089537417447,0.1730626569662515,0.17884734721891737,0.13046719027617723,1.3264841267747607,-0.09904602883909241,1.1773089537417447,combined_risk_parity,combined_risk_parity_naive_sentiment,Combined,risk_parity,naive,1.0,Naive Sentiment,locked_holdout_2023,2023-01-03,2023-12-29,0.0,0.5598943660713466,0.04665786383927888,12,False,one_way_turnover_times_cost_bps,0.17659072903698014,1.3223818074783658,-0.0980713187165051,0.0007182247047645696,0.0041023192963949295,-0.0009747101225873189,Risk Parity
250,0.17622181804197812,0.17212199877119558,0.1777500865593793,0.13039694394639553,1.3199849134650936,-0.09813922875081049,1.1762218180419781,combined_risk_parity,combined_risk_parity,Combined,risk_parity,base,0.0,Base Fund,locked_holdout_2023,2023-01-03,2023-12-29,10.0,0.3135872792764591,0.026132273273038256,12,False,one_way_turnover_times_cost_bps,0.17622181804197812,1.3199849134650936,-0.09813922875081049,0.0,0.0,0.0,Risk Parity
250,0.17858196844584806,0.17415980447581378,0.18013222835608556,0.1305279724934028,1.3342718893807703,-0.1005229165291458,1.178581968445848,combined_risk_parity,combined_risk_parity_coverage_rank_sentiment,Combined,risk_parity,coverage_rank,0.25,Coverage-Aware Rank Sentiment,locked_holdout_2023,2023-01-03,2023-12-29,10.0,0.9390593987508257,0.07825494989590213,12,False,one_way_turnover_times_cost_bps,0.17622181804197812,1.3199849134650936,-0.09813922875081049,0.002360150403869943,0.014286975915676736,-0.0023836877783353083,Risk Parity
250,0.17664995343794576,0.17249725408284933,0.17818220839541188,0.1304622112662586,1.3222009071331926,-0.0991780217503514,1.1766499534379458,combined_risk_parity,combined_risk_parity_naive_sentiment,Combined,risk_parity,naive,1.0,Naive Sentiment,locked_holdout_2023,2023-01-03,2023-12-29,10.0,0.5598943660713466,0.04665786383927888,12,False,one_way_turnover_times_cost_bps,0.17622181804197812,1.3199849134650936,-0.09813922875081049,0.0004281353959676437,0.0022159936680989922,-0.001038792999540905,Risk Parity
250,0.17474723141450377,0.17085514807377816,0.1762617794430823,0.13038497124342005,1.3103898896047075,-0.09841083490750191,1.1747472314145038,combined_risk_parity,combined_risk_parity,Combined,risk_parity,base,0.0,Base Fund,locked_holdout_2023,2023-01-03,2023-12-29,50.0,0.3135872792764591,0.026132273273038256,12,False,one_way_turnover_times_cost_bps,0.17474723141450377,1.3103898896047075,-0.09841083490750191,0.0,0.0,0.0,Risk Parity
250,0.17416217192214778,0.17036792171086074,0.17567128032648416,0.13051079168296364,1.3053933664330064,-0.10132808456575126,1.1741621719221478,combined_risk_parity,combined_risk_parity_coverage_rank_sentiment,Combined,risk_parity,coverage_rank,0.25,Coverage-Aware Rank Sentiment,locked_holdout_2023,2023-01-03,2023-12-29,50.0,0.9390593987508257,0.07825494989590213,12,False,one_way_turnover_times_cost_bps,0.17474723141450377,1.3103898896047075,-0.09841083490750191,-0.0005850594923559882,-0.004996523171701073,-0.0029172496582493546,Risk Parity
250,0.1740173165608081,0.1702356425492422,0.17552507852759924,0.13044433484780985,1.305044352810393,-0.09970586853995711,1.174017316560808,combined_risk_parity,combined_risk_parity_naive_sentiment,Combined,risk_parity,naive,1.0,Naive Sentiment,locked_holdout_2023,2023-01-03,2023-12-29,50.0,0.5598943660713466,0.04665786383927888,12,False,one_way_turnover_times_cost_bps,0.17474723141450377,1.3103898896047075,-0.09841083490750191,-0.0007299148536956679,-0.005345536794314487,-0.0012950336324552003,Risk Parity
250,0.1733309980747073,0.16999978021040868,0.17483238264013412,0.13315659043383085,1.276690696694327,-0.10569634529727634,1.1733309980747073,equity_equal_weight,equity_equal_weight,Equity,equal_weight,base,0.0,Base Fund,locked_holdout_2023,2023-01-03,2023-12-29,0.0,0.2882039214411966,0.024016993453433052,12,False,one_way_turnover_times_cost_bps,0.1733309980747073,1.276690696694327,-0.10569634529727634,0.0,0.0,0.0,Equal Weight
250,0.17888641841887387,0.1747944077444012,0.1804395179114766,0.1333966634343676,1.3103356804002948,-0.10703251431390903,1.1788864184188739,equity_equal_weight,equity_equal_weight_coverage_rank_sentiment,Equity,equal_weight,coverage_rank,0.25,Coverage-Aware Rank Sentiment,locked_holdout_2023,2023-01-03,2023-12-29,0.0,0.9674906305843104,0.0806242192153592,12,False,one_way_turnover_times_cost_bps,0.1733309980747073,1.276690696694327,-0.10569634529727634,0.005555420344166562,0.0336449837059678,-0.0013361690166326934,Equal Weight
250,0.1759484165113936,0.17226417769502028,0.17747413999985895,0.13328695045990058,1.2924309326654302,-0.10599856633416194,1.1759484165113936,equity_equal_weight,equity_equal_weight_naive_sentiment,Equity,equal_weight,naive,1.0,Naive Sentiment,locked_holdout_2023,2023-01-03,2023-12-29,0.0,0.5549178587660347,0.04624315489716956,12,False,one_way_turnover_times_cost_bps,0.1733309980747073,1.276690696694327,-0.10569634529727634,0.0026174184366862807,0.01574023597110319,-0.0003022210368855971,Equal Weight
250,0.17299288399018242,0.16970851858668026,0.1744911279271748,0.13315233416915748,1.2745440749921935,-0.10575311770698215,1.1729928839901824,equity_equal_weight,equity_equal_weight,Equity,equal_weight,base,0.0,Base Fund,locked_holdout_2023,2023-01-03,2023-12-29,10.0,0.2882039214411966,0.024016993453433052,12,False,one_way_turnover_times_cost_bps,0.17299288399018242,1.2745440749921935,-0.10575311770698215,0.0,0.0,0.0,Equal Weight
250,0.177746360912175,0.17381722212972142,0.17928883043660648,0.13338705082057764,1.303104169860742,-0.10722369207235916,1.177746360912175,equity_equal_weight,equity_equal_weight_coverage_rank_sentiment,Equity,equal_weight,coverage_rank,0.25,Coverage-Aware Rank Sentiment,locked_holdout_2023,2023-01-03,2023-12-29,10.0,0.9674906305843104,0.0806242192153592,12,False,one_way_turnover_times_cost_bps,0.17299288399018242,1.2745440749921935,-0.10575311770698215,0.004753476921992572,0.02856009486854849,-0.0014705743653770087,Equal Weight
250,0.1752960267953252,0.17170338419181838,0.17681567941897924,0.1332789684595694,1.288300668712822,-0.10612229676060747,1.1752960267953252,equity_equal_weight,equity_equal_weight_naive_sentiment,Equity,equal_weight,naive,1.0,Naive Sentiment,locked_holdout_2023,2023-01-03,2023-12-29,10.0,0.5549178587660347,0.04624315489716956,12,False,one_way_turnover_times_cost_bps,0.17299288399018242,1.2745440749921935,-0.10575311770698215,0.002303142805142766,0.01375659372062854,-0.00036917905362532366,Equal Weight
250,0.17164131750360845,0.16854347209176782,0.1731270150546249,0.13313583224206602,1.2659512413256564,-0.10598018334598514,1.1716413175036084,equity_equal_weight,equity_equal_weight,Equity,equal_weight,base,0.0,Base Fund,locked_holdout_2023,2023-01-03,2023-12-29,50.0,0.2882039214411966,0.024016993453433052,12,False,one_way_turnover_times_cost_bps,0.17164131750360845,1.2659512413256564,-0.10598018334598514,0.0,0.0,0.0,Equal Weight
250,0.17319619858604862,0.1699084796710032,0.1746963309498819,0.13335446105458315,1.2741117044555275,-0.10798813091483173,1.1731961985860486,equity_equal_weight,equity_equal_weight_coverage_rank_sentiment,Equity,equal_weight,coverage_rank,0.25,Coverage-Aware Rank Sentiment,locked_holdout_2023,2023-01-03,2023-12-29,50.0,0.9674906305843104,0.0806242192153592,12,False,one_way_turnover_times_cost_bps,0.17164131750360845,1.2659512413256564,-0.10598018334598514,0.0015548810824401738,0.008160463129871065,-0.002007947568846591,Equal Weight
250,0.17268976664020186,0.16946021017901114,0.17418519569066127,0.1332490176875693,1.2717557931747512,-0.10661710870225183,1.1726897666402019,equity_equal_weight,equity_equal_weight_naive_sentiment,Equity,equal_weight,naive,1.0,Naive Sentiment,locked_holdout_2023,2023-01-03,2023-12-29,50.0,0.5549178587660347,0.04624315489716956,12,False,one_way_turnover_times_cost_bps,0.17164131750360845,1.2659512413256564,-0.10598018334598514,0.00104844913659341,0.005804551849094786,-0.0006369253562666932,Equal Weight
250,0.40691504313167215,0.36337813864931484,0.41076285485557684,0.1960786183477538,1.8532267399235147,-0.12282052194626747,1.4069150431316721,equity_maximum_sharpe,equity_maximum_sharpe,Equity,maximum_sharpe,base,0.0,Base Fund,locked_holdout_2023,2023-01-03,2023-12-29,0.0,0.929336384713166,0.07744469872609717,12,False,one_way_turnover_times_cost_bps,0.40691504313167215,1.8532267399235147,-0.12282052194626747,0.0,0.0,0.0,Maximum Sharpe
250,0.3828338520271657,0.3458639949917548,0.38642430298166497,0.19555393597420428,1.768637349428641,-0.13027397733126023,1.3828338520271657,equity_maximum_sharpe,equity_maximum_sharpe_coverage_rank_sentiment,Equity,maximum_sharpe,coverage_rank,0.25,Coverage-Aware Rank Sentiment,locked_holdout_2023,2023-01-03,2023-12-29,0.0,1.2086596589257992,0.1007216382438166,12,False,one_way_turnover_times_cost_bps,0.40691504313167215,1.8532267399235147,-0.12282052194626747,-0.02408119110450646,-0.0845893904948738,-0.007453455384992758,Maximum Sharpe
250,0.3998864736678893,0.3587169270008269,0.403658822618979,0.19811509209454103,1.8106491696737887,-0.12543405740596902,1.3998864736678893,equity_maximum_sharpe,equity_maximum_sharpe_naive_sentiment,Equity,maximum_sharpe,naive,1.0,Naive Sentiment,locked_holdout_2023,2023-01-03,2023-12-29,0.0,0.9411418305404596,0.07842848587837163,12,False,one_way_turnover_times_cost_bps,0.40691504313167215,1.8532267399235147,-0.12282052194626747,-0.00702856946378283,-0.04257757024972597,-0.0026135354597015548,Maximum Sharpe
250,0.4056080931910151,0.3624338464716784,0.4094418512158384,0.19604664276799758,1.8487123337306224,-0.12287879566134419,1.405608093191015,equity_maximum_sharpe,equity_maximum_sharpe,Equity,maximum_sharpe,base,0.0,Base Fund,locked_holdout_2023,2023-01-03,2023-12-29,10.0,0.929336384713166,0.07744469872609717,12,False,one_way_turnover_times_cost_bps,0.4056080931910151,1.8487123337306224,-0.12287879566134419,0.0,0.0,0.0,Maximum Sharpe
250,0.38116339480006034,0.3446372986775533,0.3847361183103266,0.19551935235274043,1.76267614704342,-0.13043684303637326,1.3811633948000603,equity_maximum_sharpe,equity_maximum_sharpe_coverage_rank_sentiment,Equity,maximum_sharpe,coverage_rank,0.25,Coverage-Aware Rank Sentiment,locked_holdout_2023,2023-01-03,2023-12-29,10.0,1.2086596589257992,0.1007216382438166,12,False,one_way_turnover_times_cost_bps,0.4056080931910151,1.8487123337306224,-0.12287879566134419,-0.024444698390954755,-0.08603618668720237,-0.0075580473750290755,Maximum Sharpe
250,0.39856954514144194,0.3577611278383546,0.4023277864864152,0.19808548326340605,1.8060946311881843,-0.1255477142738931,1.398569545141442,equity_maximum_sharpe,equity_maximum_sharpe_naive_sentiment,Equity,maximum_sharpe,naive,1.0,Naive Sentiment,locked_holdout_2023,2023-01-03,2023-12-29,10.0,0.9411418305404596,0.07842848587837163,12,False,one_way_turnover_times_cost_bps,0.4056080931910151,1.8487123337306224,-0.12287879566134419,-0.007038548049573157,-0.04261770254243813,-0.0026689186125489206,Maximum Sharpe
250,0.4003912277706507,0.3586566777611308,0.4041689865596483,0.1959229929330979,1.8306002393685452,-0.12311187859053352,1.4003912277706507,equity_maximum_sharpe,equity_maximum_sharpe,Equity,maximum_sharpe,base,0.0,Base Fund,locked_holdout_2023,2023-01-03,2023-12-29,50.0,0.929336384713166,0.07744469872609717,12,False,one_way_turnover_times_cost_bps,0.4003912277706507,1.8306002393685452,-0.12311187859053352,0.0,0.0,0.0,Maximum Sharpe
250,0.37449990088526675,0.3397305134207484,0.37800207192671964,0.19538760749795955,1.7387515911125337,-0.13108820099767582,1.3744999008852667,equity_maximum_sharpe,equity_maximum_sharpe_coverage_rank_sentiment,Equity,maximum_sharpe,coverage_rank,0.25,Coverage-Aware Rank Sentiment,locked_holdout_2023,2023-01-03,2023-12-29,50.0,1.2086596589257992,0.1007216382438166,12,False,one_way_turnover_times_cost_bps,0.4003912277706507,1.8306002393685452,-0.12311187859053352,-0.02589132688538398,-0.09184864825601147,-0.0079763224071423,Maximum Sharpe
250,0.39331308041032864,0.35393793118846656,0.39701511181461924,0.19797102821135723,1.7878269077361988,-0.12600226957888483,1.3933130804103286,equity_maximum_sharpe,equity_maximum_sharpe_naive_sentiment,Equity,maximum_sharpe,naive,1.0,Naive Sentiment,locked_holdout_2023,2023-01-03,2023-12-29,50.0,0.9411418305404596,0.07842848587837163,12,False,one_way_turnover_times_cost_bps,0.4003912277706507,1.8306002393685452,-0.12311187859053352,-0.007078147360322085,-0.04277333163234642,-0.00289039098835131,Maximum Sharpe
250,0.050875793000493275,0.05602086732042012,0.051293064306384695,0.10969856267902503,0.5106800486013261,-0.08588797585129693,1.0508757930004933,equity_minimum_variance,equity_minimum_variance,Equity,minimum_variance,base,0.0,Base Fund,locked_holdout_2023,2023-01-03,2023-12-29,0.0,0.26253224150689913,0.021877686792241596,12,False,one_way_turnover_times_cost_bps,0.050875793000493275,0.5106800486013261,-0.08588797585129693,0.0,0.0,0.0,Minimum Variance
250,0.05467200981561837,0.05977028358694597,0.05512122552807819,0.11073416340185864,0.539763716550937,-0.08787490493564087,1.0546720098156184,equity_minimum_variance,equity_minimum_variance_coverage_rank_sentiment,Equity,minimum_variance,coverage_rank,0.25,Coverage-Aware Rank Sentiment,locked_holdout_2023,2023-01-03,2023-12-29,0.0,0.9192355135021895,0.07660295945851579,12,False,one_way_turnover_times_cost_bps,0.050875793000493275,0.5106800486013261,-0.08588797585129693,0.0037962168151250975,0.029083667949610925,-0.001986929084343947,Minimum Variance
250,0.048984319222590944,0.054253303290526786,0.049385715422732845,0.11014203309764023,0.49257582926975363,-0.08705791211041869,1.048984319222591,equity_minimum_variance,equity_minimum_variance_naive_sentiment,Equity,minimum_variance,naive,1.0,Naive Sentiment,locked_holdout_2023,2023-01-03,2023-12-29,0.0,0.5079875170071334,0.04233229308392778,12,False,one_way_turnover_times_cost_bps,0.050875793000493275,0.5106800486013261,-0.08588797585129693,-0.0018914737779023305,-0.01810421933157247,-0.0011699362591217621,Minimum Variance
250,0.05059993726383505,0.05575613400946071,0.05101489160561701,0.10969811925080589,0.5082688234789504,-0.08594120331763744,1.050599937263835,equity_minimum_variance,equity_minimum_variance,Equity,minimum_variance,base,0.0,Base Fund,locked_holdout_2023,2023-01-03,2023-12-29,10.0,0.26253224150689913,0.021877686792241596,12,False,one_way_turnover_times_cost_bps,0.05059993726383505,0.5082688234789504,-0.08594120331763744,0.0,0.0,0.0,Minimum Variance
250,0.053702923560519755,0.058843580116286764,0.05414397411150729,0.11073513909326264,0.5313903120375177,-0.08829246816029757,1.0537029235605198,equity_minimum_variance,equity_minimum_variance_coverage_rank_sentiment,Equity,minimum_variance,coverage_rank,0.25,Coverage-Aware Rank Sentiment,locked_holdout_2023,2023-01-03,2023-12-29,10.0,0.9192355135021895,0.07660295945851579,12,False,one_way_turnover_times_cost_bps,0.05059993726383505,0.5082688234789504,-0.08594120331763744,0.0031029862966847066,0.023121488558567327,-0.002351264842660128,Minimum Variance
250,0.04845157121191601,0.05374113316363567,0.048848501031421465,0.11014189394990356,0.48792635786777955,-0.08713581081586574,1.048451571211916,equity_minimum_variance,equity_minimum_variance_naive_sentiment,Equity,minimum_variance,naive,1.0,Naive Sentiment,locked_holdout_2023,2023-01-03,2023-12-29,10.0,0.5079875170071334,0.04233229308392778,12,False,one_way_turnover_times_cost_bps,0.05059993726383505,0.5082688234789504,-0.08594120331763744,-0.0021483660519190373,-0.020342465611170868,-0.0011946074982283061,Minimum Variance
250,0.04949717489496419,0.05469720076562057,0.0499028727670221,0.10969687720648538,0.49862131136752924,-0.08615409768636617,1.0494971748949642,equity_minimum_variance,equity_minimum_variance,Equity,minimum_variance,base,0.0,Base Fund,locked_holdout_2023,2023-01-03,2023-12-29,50.0,0.26253224150689913,0.021877686792241596,12,False,one_way_turnover_times_cost_bps,0.04949717489496419,0.49862131136752924,-0.08615409768636617,0.0,0.0,0.0,Minimum Variance
250,0.049834682550324194,0.055136766233649874,0.05024321243344776,0.1107456241874314,0.49786857619163055,-0.08996115674707739,1.0498346825503242,equity_minimum_variance,equity_minimum_variance_coverage_rank_sentiment,Equity,minimum_variance,coverage_rank,0.25,Coverage-Aware Rank Sentiment,locked_holdout_2023,2023-01-03,2023-12-29,50.0,0.9192355135021895,0.07660295945851579,12,False,one_way_turnover_times_cost_bps,0.04949717489496419,0.49862131136752924,-0.08615409768636617,0.00033750765536000316,-0.0007527351758986889,-0.0038070590607112154,Minimum Variance
250,0.046323036046951316,0.05169245265607199,0.04670214274509932,0.11014341441048542,0.4693195043275413,-0.08779430575557534,1.0463230360469513,equity_minimum_variance,equity_minimum_variance_naive_sentiment,Equity,minimum_variance,naive,1.0,Naive Sentiment,locked_holdout_2023,2023-01-03,2023-12-29,50.0,0.5079875170071334,0.04233229308392778,12,False,one_way_turnover_times_cost_bps,0.04949717489496419,0.49862131136752924,-0.08615409768636617,-0.003174138848012875,-0.029301807039987915,-0.0016402080692091703,Minimum Variance
250,0.13935368661224823,0.13932531859419625,0.14054343859939533,0.12508180862931437,1.1138735530047632,-0.09783815026914133,1.1393536866122482,equity_risk_parity,equity_risk_parity,Equity,risk_parity,base,0.0,Base Fund,locked_holdout_2023,2023-01-03,2023-12-29,0.0,0.27501183836559345,0.02291765319713279,12,False,one_way_turnover_times_cost_bps,0.13935368661224823,1.1138735530047632,-0.09783815026914133,0.0,0.0,0.0,Risk Parity
250,0.14275715274858136,0.14238343335578837,0.14397775590725992,0.125492261629106,1.1345993092116264,-0.09977342579163473,1.1427571527485814,equity_risk_parity,equity_risk_parity_coverage_rank_sentiment,Equity,risk_parity,coverage_rank,0.25,Coverage-Aware Rank Sentiment,locked_holdout_2023,2023-01-03,2023-12-29,0.0,0.961339289593102,0.08011160746609183,12,False,one_way_turnover_times_cost_bps,0.13935368661224823,1.1138735530047632,-0.09783815026914133,0.003403466136333133,0.020725756206863233,-0.001935275522493396,Risk Parity
250,0.1402324072253489,0.14012635742304672,0.14143011664283933,0.12527303010646657,1.1185676382534746,-0.09853055852888482,1.140232407225349,equity_risk_parity,equity_risk_parity_naive_sentiment,Equity,risk_parity,naive,1.0,Naive Sentiment,locked_holdout_2023,2023-01-03,2023-12-29,0.0,0.5477081155672411,0.04564234296393676,12,False,one_way_turnover_times_cost_bps,0.13935368661224823,1.1138735530047632,-0.09783815026914133,0.0008787206131006808,0.004694085248711399,-0.0006924082597434822,Risk Parity
250,0.13904039021864678,0.13904756709514884,0.14022730641037362,0.1250786501201101,1.1116810659662917,-0.09789372181418254,1.1390403902186468,equity_risk_parity,equity_risk_parity,Equity,risk_parity,base,0.0,Base Fund,locked_holdout_2023,2023-01-03,2023-12-29,10.0,0.27501183836559345,0.02291765319713279,12,False,one_way_turnover_times_cost_bps,0.13904039021864678,1.1116810659662917,-0.09789372181418254,0.0,0.0,0.0,Risk Parity
250,0.14165905771785714,0.14141304317362857,0.14286969809488004,0.12548578387073522,1.1269248102183451,-0.09997503464223556,1.1416590577178571,equity_risk_parity,equity_risk_parity_coverage_rank_sentiment,Equity,risk_parity,coverage_rank,0.25,Coverage-Aware Rank Sentiment,locked_holdout_2023,2023-01-03,2023-12-29,10.0,0.961339289593102,0.08011160746609183,12,False,one_way_turnover_times_cost_bps,0.13904039021864678,1.1116810659662917,-0.09789372181418254,0.0026186674992103587,0.015243744252053437,-0.002081312828053017,Risk Parity
250,0.13960804865074805,0.1395732445104332,0.14080010350181493,0.12526725369897382,1.114203755482959,-0.09865651168969836,1.139608048650748,equity_risk_parity,equity_risk_parity_naive_sentiment,Equity,risk_parity,naive,1.0,Naive Sentiment,locked_holdout_2023,2023-01-03,2023-12-29,10.0,0.5477081155672411,0.04564234296393676,12,False,one_way_turnover_times_cost_bps,0.13904039021864678,1.1116810659662917,-0.09789372181418254,0.0005676584321012701,0.0025226895166672314,-0.0007627898755158125,Risk Parity
250,0.13778799151176524,0.137936561098959,0.13896357859439967,0.12506652247168018,1.1029055447687297,-0.09811598521754772,1.1377879915117652,equity_risk_parity,equity_risk_parity,Equity,risk_parity,base,0.0,Base Fund,locked_holdout_2023,2023-01-03,2023-12-29,50.0,0.27501183836559345,0.02291765319713279,12,False,one_way_turnover_times_cost_bps,0.13778799151176524,1.1029055447687297,-0.09811598521754772,0.0,0.0,0.0,Risk Parity
250,0.1372763111831572,0.13753148244498864,0.13844727284348424,0.12546603170177575,1.0961650781455465,-0.10078117137660325,1.1372763111831572,equity_risk_parity,equity_risk_parity_coverage_rank_sentiment,Equity,risk_parity,coverage_rank,0.25,Coverage-Aware Rank Sentiment,locked_holdout_2023,2023-01-03,2023-12-29,50.0,0.961339289593102,0.08011160746609183,12,False,one_way_turnover_times_cost_bps,0.13778799151176524,1.1029055447687297,-0.09811598521754772,-0.000511680328608044,-0.006740466623183172,-0.0026651861590555326,Risk Parity
250,0.13711373137373006,0.13736079285997588,0.13828322375491808,0.1252461885734923,1.0967263309523783,-0.09916021117779172,1.13711373137373,equity_risk_parity,equity_risk_parity_naive_sentiment,Equity,risk_parity,naive,1.0,Naive Sentiment,locked_holdout_2023,2023-01-03,2023-12-29,50.0,0.5477081155672411,0.04564234296393676,12,False,one_way_turnover_times_cost_bps,0.13778799151176524,1.1029055447687297,-0.09811598521754772,-0.0006742601380351765,-0.006179213816351448,-0.0010442259602440052,Risk Parity
