decision_date,effective_start_date,fusion_rule,tilt_strength,variant_label,sector,sentiment_date,signal_source_date,lagged_sentiment_compound,lagged_coverage_rate,sector_signal,sentiment_multiplier
2020-12-31,2021-01-04,coverage_rank,0.25,Coverage-Aware Rank Sentiment,Comm,2020-12-31,2020-12-30,0.11055000000000001,0.4,-0.04444444444444447,0.9888888888888889
2020-12-31,2021-01-04,coverage_rank,0.25,Coverage-Aware Rank Sentiment,Consumer,2020-12-31,2020-12-30,0.42834666666666676,0.8,0.8,1.2
2020-12-31,2021-01-04,coverage_rank,0.25,Coverage-Aware Rank Sentiment,Energy,2020-12-31,2020-12-30,0.10253999999999999,0.6,-0.2,0.95
2020-12-31,2021-01-04,coverage_rank,0.25,Coverage-Aware Rank Sentiment,Financials,2020-12-31,2020-12-30,0.18466,0.8,0.4444444444444445,1.1111111111111112
2020-12-31,2021-01-04,coverage_rank,0.25,Coverage-Aware Rank Sentiment,Healthcare,2020-12-31,2020-12-30,0.17862,0.4,0.1333333333333333,1.0333333333333332
2020-12-31,2021-01-04,coverage_rank,0.25,Coverage-Aware Rank Sentiment,Industrials,2020-12-31,2020-12-30,0.08765799999999999,1.0,-0.5555555555555556,0.8611111111111112
2020-12-31,2021-01-04,coverage_rank,0.25,Coverage-Aware Rank Sentiment,Materials,2020-12-31,2020-12-30,0.12972,0.2,0.022222222222222233,1.0055555555555555
2020-12-31,2021-01-04,coverage_rank,0.25,Coverage-Aware Rank Sentiment,RealEstate,2020-12-31,2020-12-30,0.0,1.0,-0.8888888888888888,0.7777777777777778
2020-12-31,2021-01-04,coverage_rank,0.25,Coverage-Aware Rank Sentiment,Tech,2020-12-31,2020-12-30,0.189685,0.8,0.6222222222222222,1.1555555555555554
2020-12-31,2021-01-04,coverage_rank,0.25,Coverage-Aware Rank Sentiment,Utilities,2020-12-31,2020-12-30,0.0,0.2,-0.17777777777777778,0.9555555555555556
2020-12-31,2021-01-04,naive,1.0,Naive Sentiment,Comm,2020-12-31,2020-12-30,0.11055000000000001,0.4,0.11055000000000001,1.11055
2020-12-31,2021-01-04,naive,1.0,Naive Sentiment,Consumer,2020-12-31,2020-12-30,0.42834666666666676,0.8,0.42834666666666676,1.4283466666666667
2020-12-31,2021-01-04,naive,1.0,Naive Sentiment,Energy,2020-12-31,2020-12-30,0.10253999999999999,0.6,0.10253999999999999,1.10254
2020-12-31,2021-01-04,naive,1.0,Naive Sentiment,Financials,2020-12-31,2020-12-30,0.18466,0.8,0.18466,1.18466
2020-12-31,2021-01-04,naive,1.0,Naive Sentiment,Healthcare,2020-12-31,2020-12-30,0.17862,0.4,0.17862,1.17862
2020-12-31,2021-01-04,naive,1.0,Naive Sentiment,Industrials,2020-12-31,2020-12-30,0.08765799999999999,1.0,0.08765799999999999,1.087658
2020-12-31,2021-01-04,naive,1.0,Naive Sentiment,Materials,2020-12-31,2020-12-30,0.12972,0.2,0.12972,1.12972
2020-12-31,2021-01-04,naive,1.0,Naive Sentiment,RealEstate,2020-12-31,2020-12-30,0.0,1.0,0.0,1.0
2020-12-31,2021-01-04,naive,1.0,Naive Sentiment,Tech,2020-12-31,2020-12-30,0.189685,0.8,0.189685,1.1896849999999999
2020-12-31,2021-01-04,naive,1.0,Naive Sentiment,Utilities,2020-12-31,2020-12-30,0.0,0.2,0.0,1.0
2021-01-29,2021-02-01,coverage_rank,0.25,Coverage-Aware Rank Sentiment,Comm,2021-01-29,2021-01-28,0.19516583333333332,0.8,0.6222222222222222,1.1555555555555554
2021-01-29,2021-02-01,coverage_rank,0.25,Coverage-Aware Rank Sentiment,Consumer,2021-01-29,2021-01-28,0.1696647619047619,1.0,0.33333333333333326,1.0833333333333333
2021-01-29,2021-02-01,coverage_rank,0.25,Coverage-Aware Rank Sentiment,Energy,2021-01-29,2021-01-28,0.09503833333333334,0.8,-0.2666666666666667,0.9333333333333333
2021-01-29,2021-02-01,coverage_rank,0.25,Coverage-Aware Rank Sentiment,Financials,2021-01-29,2021-01-28,0.049536111111111114,0.8,-0.4444444444444445,0.8888888888888888
2021-01-29,2021-02-01,coverage_rank,0.25,Coverage-Aware Rank Sentiment,Healthcare,2021-01-29,2021-01-28,0.19197999999999998,0.8,0.4444444444444445,1.1111111111111112
2021-01-29,2021-02-01,coverage_rank,0.25,Coverage-Aware Rank Sentiment,Industrials,2021-01-29,2021-01-28,0.1171835,1.0,-0.11111111111111116,0.9722222222222222
2021-01-29,2021-02-01,coverage_rank,0.25,Coverage-Aware Rank Sentiment,Materials,2021-01-29,2021-01-28,0.12284500000000001,0.8,0.08888888888888893,1.0222222222222221
2021-01-29,2021-02-01,coverage_rank,0.25,Coverage-Aware Rank Sentiment,RealEstate,2021-01-29,2021-01-28,0.0,0.4,-0.3111111111111111,0.9222222222222223
2021-01-29,2021-02-01,coverage_rank,0.25,Coverage-Aware Rank Sentiment,Tech,2021-01-29,2021-01-28,-0.04761555555555554,0.8,-0.8,0.8
2021-01-29,2021-02-01,coverage_rank,0.25,Coverage-Aware Rank Sentiment,Utilities,2021-01-29,2021-01-28,0.27792,0.6,0.6,1.15
2021-01-29,2021-02-01,naive,1.0,Naive Sentiment,Comm,2021-01-29,2021-01-28,0.19516583333333332,0.8,0.19516583333333332,1.1951658333333333
2021-01-29,2021-02-01,naive,1.0,Naive Sentiment,Consumer,2021-01-29,2021-01-28,0.1696647619047619,1.0,0.1696647619047619,1.169664761904762
2021-01-29,2021-02-01,naive,1.0,Naive Sentiment,Energy,2021-01-29,2021-01-28,0.09503833333333334,0.8,0.09503833333333334,1.0950383333333333
2021-01-29,2021-02-01,naive,1.0,Naive Sentiment,Financials,2021-01-29,2021-01-28,0.049536111111111114,0.8,0.049536111111111114,1.0495361111111112
2021-01-29,2021-02-01,naive,1.0,Naive Sentiment,Healthcare,2021-01-29,2021-01-28,0.19197999999999998,0.8,0.19197999999999998,1.19198
2021-01-29,2021-02-01,naive,1.0,Naive Sentiment,Industrials,2021-01-29,2021-01-28,0.1171835,1.0,0.1171835,1.1171834999999999
2021-01-29,2021-02-01,naive,1.0,Naive Sentiment,Materials,2021-01-29,2021-01-28,0.12284500000000001,0.8,0.12284500000000001,1.122845
2021-01-29,2021-02-01,naive,1.0,Naive Sentiment,RealEstate,2021-01-29,2021-01-28,0.0,0.4,0.0,1.0
2021-01-29,2021-02-01,naive,1.0,Naive Sentiment,Tech,2021-01-29,2021-01-28,-0.04761555555555554,0.8,-0.04761555555555554,0.9523844444444445
2021-01-29,2021-02-01,naive,1.0,Naive Sentiment,Utilities,2021-01-29,2021-01-28,0.27792,0.6,0.27792,1.27792
2021-02-26,2021-03-01,coverage_rank,0.25,Coverage-Aware Rank Sentiment,Comm,2021-02-26,2021-02-25,0.035895555555555556,0.8,-0.2666666666666667,0.9333333333333333
2021-02-26,2021-03-01,coverage_rank,0.25,Coverage-Aware Rank Sentiment,Consumer,2021-02-26,2021-02-25,0.22012057142857144,1.0,1.0,1.25
2021-02-26,2021-03-01,coverage_rank,0.25,Coverage-Aware Rank Sentiment,Energy,2021-02-26,2021-02-25,0.10586999999999999,0.8,0.08888888888888893,1.0222222222222221
2021-02-26,2021-03-01,coverage_rank,0.25,Coverage-Aware Rank Sentiment,Financials,2021-02-26,2021-02-25,0.16677133333333333,0.8,0.4444444444444445,1.1111111111111112
2021-02-26,2021-03-01,coverage_rank,0.25,Coverage-Aware Rank Sentiment,Healthcare,2021-02-26,2021-02-25,0.1832925,0.4,0.3111111111111111,1.0777777777777777
2021-02-26,2021-03-01,coverage_rank,0.25,Coverage-Aware Rank Sentiment,Industrials,2021-02-26,2021-02-25,0.12367444444444445,0.8,0.2666666666666666,1.0666666666666667
2021-02-26,2021-03-01,coverage_rank,0.25,Coverage-Aware Rank Sentiment,Materials,2021-02-26,2021-02-25,0.0,0.6,-0.5333333333333333,0.8666666666666667
2021-02-26,2021-03-01,coverage_rank,0.25,Coverage-Aware Rank Sentiment,RealEstate,2021-02-26,2021-02-25,0.031408000000000005,0.6,-0.3333333333333333,0.9166666666666666
2021-02-26,2021-03-01,coverage_rank,0.25,Coverage-Aware Rank Sentiment,Tech,2021-02-26,2021-02-25,0.0886,0.8,-0.08888888888888893,0.9777777777777777
2021-02-26,2021-03-01,coverage_rank,0.25,Coverage-Aware Rank Sentiment,Utilities,2021-02-26,2021-02-25,0.0,0.6,-0.5333333333333333,0.8666666666666667
2021-02-26,2021-03-01,naive,1.0,Naive Sentiment,Comm,2021-02-26,2021-02-25,0.035895555555555556,0.8,0.035895555555555556,1.0358955555555556
2021-02-26,2021-03-01,naive,1.0,Naive Sentiment,Consumer,2021-02-26,2021-02-25,0.22012057142857144,1.0,0.22012057142857144,1.2201205714285714
2021-02-26,2021-03-01,naive,1.0,Naive Sentiment,Energy,2021-02-26,2021-02-25,0.10586999999999999,0.8,0.10586999999999999,1.10587
2021-02-26,2021-03-01,naive,1.0,Naive Sentiment,Financials,2021-02-26,2021-02-25,0.16677133333333333,0.8,0.16677133333333333,1.1667713333333334
2021-02-26,2021-03-01,naive,1.0,Naive Sentiment,Healthcare,2021-02-26,2021-02-25,0.1832925,0.4,0.1832925,1.1832925
2021-02-26,2021-03-01,naive,1.0,Naive Sentiment,Industrials,2021-02-26,2021-02-25,0.12367444444444445,0.8,0.12367444444444445,1.1236744444444444
2021-02-26,2021-03-01,naive,1.0,Naive Sentiment,Materials,2021-02-26,2021-02-25,0.0,0.6,0.0,1.0
2021-02-26,2021-03-01,naive,1.0,Naive Sentiment,RealEstate,2021-02-26,2021-02-25,0.031408000000000005,0.6,0.031408000000000005,1.031408
2021-02-26,2021-03-01,naive,1.0,Naive Sentiment,Tech,2021-02-26,2021-02-25,0.0886,0.8,0.0886,1.0886
2021-02-26,2021-03-01,naive,1.0,Naive Sentiment,Utilities,2021-02-26,2021-02-25,0.0,0.6,0.0,1.0
2021-03-31,2021-04-01,coverage_rank,0.25,Coverage-Aware Rank Sentiment,Comm,2021-03-31,2021-03-30,0.22321666666666667,0.8,0.6222222222222222,1.1555555555555554
2021-03-31,2021-04-01,coverage_rank,0.25,Coverage-Aware Rank Sentiment,Consumer,2021-03-31,2021-03-30,0.213944,1.0,0.5555555555555556,1.1388888888888888
2021-03-31,2021-04-01,coverage_rank,0.25,Coverage-Aware Rank Sentiment,Energy,2021-03-31,2021-03-30,0.2677733333333333,0.8,0.8,1.2
2021-03-31,2021-04-01,coverage_rank,0.25,Coverage-Aware Rank Sentiment,Financials,2021-03-31,2021-03-30,0.04183807692307693,1.0,-0.33333333333333337,0.9166666666666666
2021-03-31,2021-04-01,coverage_rank,0.25,Coverage-Aware Rank Sentiment,Healthcare,2021-03-31,2021-03-30,-0.04795,0.8,-0.8,0.8
2021-03-31,2021-04-01,coverage_rank,0.25,Coverage-Aware Rank Sentiment,Industrials,2021-03-31,2021-03-30,0.18237666666666666,0.8,0.08888888888888893,1.0222222222222221
2021-03-31,2021-04-01,coverage_rank,0.25,Coverage-Aware Rank Sentiment,Materials,2021-03-31,2021-03-30,0.0,0.0,-0.0,1.0
2021-03-31,2021-04-01,coverage_rank,0.25,Coverage-Aware Rank Sentiment,RealEstate,2021-03-31,2021-03-30,0.07636,0.6,-0.0666666666666667,0.9833333333333333
2021-03-31,2021-04-01,coverage_rank,0.25,Coverage-Aware Rank Sentiment,Tech,2021-03-31,2021-03-30,0.21305333333333332,0.6,0.19999999999999996,1.05
2021-03-31,2021-04-01,coverage_rank,0.25,Coverage-Aware Rank Sentiment,Utilities,2021-03-31,2021-03-30,0.0,0.2,-0.13333333333333336,0.9666666666666667
2021-03-31,2021-04-01,naive,1.0,Naive Sentiment,Comm,2021-03-31,2021-03-30,0.22321666666666667,0.8,0.22321666666666667,1.2232166666666666
2021-03-31,2021-04-01,naive,1.0,Naive Sentiment,Consumer,2021-03-31,2021-03-30,0.213944,1.0,0.213944,1.213944
2021-03-31,2021-04-01,naive,1.0,Naive Sentiment,Energy,2021-03-31,2021-03-30,0.2677733333333333,0.8,0.2677733333333333,1.2677733333333334
2021-03-31,2021-04-01,naive,1.0,Naive Sentiment,Financials,2021-03-31,2021-03-30,0.04183807692307693,1.0,0.04183807692307693,1.0418380769230768
2021-03-31,2021-04-01,naive,1.0,Naive Sentiment,Healthcare,2021-03-31,2021-03-30,-0.04795,0.8,-0.04795,0.95205
2021-03-31,2021-04-01,naive,1.0,Naive Sentiment,Industrials,2021-03-31,2021-03-30,0.18237666666666666,0.8,0.18237666666666666,1.1823766666666666
2021-03-31,2021-04-01,naive,1.0,Naive Sentiment,Materials,2021-03-31,2021-03-30,0.0,0.0,0.0,1.0
2021-03-31,2021-04-01,naive,1.0,Naive Sentiment,RealEstate,2021-03-31,2021-03-30,0.07636,0.6,0.07636,1.07636
2021-03-31,2021-04-01,naive,1.0,Naive Sentiment,Tech,2021-03-31,2021-03-30,0.21305333333333332,0.6,0.21305333333333332,1.2130533333333333
2021-03-31,2021-04-01,naive,1.0,Naive Sentiment,Utilities,2021-03-31,2021-03-30,0.0,0.2,0.0,1.0
2021-04-30,2021-05-03,coverage_rank,0.25,Coverage-Aware Rank Sentiment,Comm,2021-04-30,2021-04-29,0.15329700000000002,0.8,0.2666666666666666,1.0666666666666667
2021-04-30,2021-05-03,coverage_rank,0.25,Coverage-Aware Rank Sentiment,Consumer,2021-04-30,2021-04-29,0.10108466666666667,0.8,-0.2666666666666667,0.9333333333333333
2021-04-30,2021-05-03,coverage_rank,0.25,Coverage-Aware Rank Sentiment,Energy,2021-04-30,2021-04-29,0.12039333333333332,0.6,-0.0666666666666667,0.9833333333333333
2021-04-30,2021-05-03,coverage_rank,0.25,Coverage-Aware Rank Sentiment,Financials,2021-04-30,2021-04-29,0.1728,0.6,0.46666666666666656,1.1166666666666667
2021-04-30,2021-05-03,coverage_rank,0.25,Coverage-Aware Rank Sentiment,Healthcare,2021-04-30,2021-04-29,0.21919285714285713,1.0,1.0,1.25
2021-04-30,2021-05-03,coverage_rank,0.25,Coverage-Aware Rank Sentiment,Industrials,2021-04-30,2021-04-29,0.005193461538461541,1.0,-1.0,0.75
2021-04-30,2021-05-03,coverage_rank,0.25,Coverage-Aware Rank Sentiment,Materials,2021-04-30,2021-04-29,0.019733333333333332,0.4,-0.3111111111111111,0.9222222222222223
2021-04-30,2021-05-03,coverage_rank,0.25,Coverage-Aware Rank Sentiment,RealEstate,2021-04-30,2021-04-29,0.13217533333333334,0.8,0.08888888888888893,1.0222222222222221
2021-04-30,2021-05-03,coverage_rank,0.25,Coverage-Aware Rank Sentiment,Tech,2021-04-30,2021-04-29,0.16224,0.8,0.4444444444444445,1.1111111111111112
2021-04-30,2021-05-03,coverage_rank,0.25,Coverage-Aware Rank Sentiment,Utilities,2021-04-30,2021-04-29,0.04404,0.2,-0.11111111111111112,0.9722222222222222
2021-04-30,2021-05-03,naive,1.0,Naive Sentiment,Comm,2021-04-30,2021-04-29,0.15329700000000002,0.8,0.15329700000000002,1.153297
2021-04-30,2021-05-03,naive,1.0,Naive Sentiment,Consumer,2021-04-30,2021-04-29,0.10108466666666667,0.8,0.10108466666666667,1.1010846666666667
2021-04-30,2021-05-03,naive,1.0,Naive Sentiment,Energy,2021-04-30,2021-04-29,0.12039333333333332,0.6,0.12039333333333332,1.1203933333333334
2021-04-30,2021-05-03,naive,1.0,Naive Sentiment,Financials,2021-04-30,2021-04-29,0.1728,0.6,0.1728,1.1728
2021-04-30,2021-05-03,naive,1.0,Naive Sentiment,Healthcare,2021-04-30,2021-04-29,0.21919285714285713,1.0,0.21919285714285713,1.2191928571428572
2021-04-30,2021-05-03,naive,1.0,Naive Sentiment,Industrials,2021-04-30,2021-04-29,0.005193461538461541,1.0,0.005193461538461541,1.0051934615384615
2021-04-30,2021-05-03,naive,1.0,Naive Sentiment,Materials,2021-04-30,2021-04-29,0.019733333333333332,0.4,0.019733333333333332,1.0197333333333334
2021-04-30,2021-05-03,naive,1.0,Naive Sentiment,RealEstate,2021-04-30,2021-04-29,0.13217533333333334,0.8,0.13217533333333334,1.1321753333333333
2021-04-30,2021-05-03,naive,1.0,Naive Sentiment,Tech,2021-04-30,2021-04-29,0.16224,0.8,0.16224,1.16224
2021-04-30,2021-05-03,naive,1.0,Naive Sentiment,Utilities,2021-04-30,2021-04-29,0.04404,0.2,0.04404,1.04404
2021-05-28,2021-06-01,coverage_rank,0.25,Coverage-Aware Rank Sentiment,Comm,2021-05-28,2021-05-27,0.306692,1.0,1.0,1.25
2021-05-28,2021-06-01,coverage_rank,0.25,Coverage-Aware Rank Sentiment,Consumer,2021-05-28,2021-05-27,0.3057141666666667,1.0,0.7777777777777777,1.1944444444444444
2021-05-28,2021-06-01,coverage_rank,0.25,Coverage-Aware Rank Sentiment,Energy,2021-05-28,2021-05-27,0.06648133333333332,0.6,-0.3333333333333333,0.9166666666666666
2021-05-28,2021-06-01,coverage_rank,0.25,Coverage-Aware Rank Sentiment,Financials,2021-05-28,2021-05-27,0.009452499999999997,0.8,-0.6222222222222222,0.8444444444444444
2021-05-28,2021-06-01,coverage_rank,0.25,Coverage-Aware Rank Sentiment,Healthcare,2021-05-28,2021-05-27,0.22470666666666667,0.8,0.4444444444444445,1.1111111111111112
2021-05-28,2021-06-01,coverage_rank,0.25,Coverage-Aware Rank Sentiment,Industrials,2021-05-28,2021-05-27,0.10131777777777777,0.8,-0.2666666666666667,0.9333333333333333
2021-05-28,2021-06-01,coverage_rank,0.25,Coverage-Aware Rank Sentiment,Materials,2021-05-28,2021-05-27,0.17584000000000002,0.6,0.0666666666666667,1.0166666666666666
2021-05-28,2021-06-01,coverage_rank,0.25,Coverage-Aware Rank Sentiment,RealEstate,2021-05-28,2021-05-27,-0.01027,0.2,-0.2,0.95
2021-05-28,2021-06-01,coverage_rank,0.25,Coverage-Aware Rank Sentiment,Tech,2021-05-28,2021-05-27,0.18884399999999998,0.8,0.2666666666666666,1.0666666666666667
2021-05-28,2021-06-01,coverage_rank,0.25,Coverage-Aware Rank Sentiment,Utilities,2021-05-28,2021-05-27,0.16884,0.4,-0.04444444444444447,0.9888888888888889
2021-05-28,2021-06-01,naive,1.0,Naive Sentiment,Comm,2021-05-28,2021-05-27,0.306692,1.0,0.306692,1.306692
2021-05-28,2021-06-01,naive,1.0,Naive Sentiment,Consumer,2021-05-28,2021-05-27,0.3057141666666667,1.0,0.3057141666666667,1.3057141666666667
2021-05-28,2021-06-01,naive,1.0,Naive Sentiment,Energy,2021-05-28,2021-05-27,0.06648133333333332,0.6,0.06648133333333332,1.0664813333333334
2021-05-28,2021-06-01,naive,1.0,Naive Sentiment,Financials,2021-05-28,2021-05-27,0.009452499999999997,0.8,0.009452499999999997,1.0094525
2021-05-28,2021-06-01,naive,1.0,Naive Sentiment,Healthcare,2021-05-28,2021-05-27,0.22470666666666667,0.8,0.22470666666666667,1.2247066666666666
2021-05-28,2021-06-01,naive,1.0,Naive Sentiment,Industrials,2021-05-28,2021-05-27,0.10131777777777777,0.8,0.10131777777777777,1.1013177777777778
2021-05-28,2021-06-01,naive,1.0,Naive Sentiment,Materials,2021-05-28,2021-05-27,0.17584000000000002,0.6,0.17584000000000002,1.17584
2021-05-28,2021-06-01,naive,1.0,Naive Sentiment,RealEstate,2021-05-28,2021-05-27,-0.01027,0.2,-0.01027,0.98973
2021-05-28,2021-06-01,naive,1.0,Naive Sentiment,Tech,2021-05-28,2021-05-27,0.18884399999999998,0.8,0.18884399999999998,1.188844
2021-05-28,2021-06-01,naive,1.0,Naive Sentiment,Utilities,2021-05-28,2021-05-27,0.16884,0.4,0.16884,1.1688399999999999
2021-06-30,2021-07-01,coverage_rank,0.25,Coverage-Aware Rank Sentiment,Comm,2021-06-30,2021-06-29,0.08808,0.4,-0.04444444444444447,0.9888888888888889
2021-06-30,2021-07-01,coverage_rank,0.25,Coverage-Aware Rank Sentiment,Consumer,2021-06-30,2021-06-29,-0.01890714285714285,1.0,-1.0,0.75
2021-06-30,2021-07-01,coverage_rank,0.25,Coverage-Aware Rank Sentiment,Energy,2021-06-30,2021-06-29,0.525644,1.0,1.0,1.25
2021-06-30,2021-07-01,coverage_rank,0.25,Coverage-Aware Rank Sentiment,Financials,2021-06-30,2021-06-29,0.09911,0.8,0.08888888888888893,1.0222222222222221
2021-06-30,2021-07-01,coverage_rank,0.25,Coverage-Aware Rank Sentiment,Healthcare,2021-06-30,2021-06-29,0.06978666666666666,0.8,-0.2666666666666667,0.9333333333333333
2021-06-30,2021-07-01,coverage_rank,0.25,Coverage-Aware Rank Sentiment,Industrials,2021-06-30,2021-06-29,0.22080000000000002,0.8,0.4444444444444445,1.1111111111111112
2021-06-30,2021-07-01,coverage_rank,0.25,Coverage-Aware Rank Sentiment,Materials,2021-06-30,2021-06-29,0.00516,0.2,-0.11111111111111112,0.9722222222222222
2021-06-30,2021-07-01,coverage_rank,0.25,Coverage-Aware Rank Sentiment,RealEstate,2021-06-30,2021-06-29,0.0,0.2,-0.15555555555555556,0.9611111111111111
2021-06-30,2021-07-01,coverage_rank,0.25,Coverage-Aware Rank Sentiment,Tech,2021-06-30,2021-06-29,0.30737000000000003,0.8,0.6222222222222222,1.1555555555555554
2021-06-30,2021-07-01,coverage_rank,0.25,Coverage-Aware Rank Sentiment,Utilities,2021-06-30,2021-06-29,0.1775,0.6,0.19999999999999996,1.05
2021-06-30,2021-07-01,naive,1.0,Naive Sentiment,Comm,2021-06-30,2021-06-29,0.08808,0.4,0.08808,1.08808
2021-06-30,2021-07-01,naive,1.0,Naive Sentiment,Consumer,2021-06-30,2021-06-29,-0.01890714285714285,1.0,-0.01890714285714285,0.9810928571428571
2021-06-30,2021-07-01,naive,1.0,Naive Sentiment,Energy,2021-06-30,2021-06-29,0.525644,1.0,0.525644,1.525644
2021-06-30,2021-07-01,naive,1.0,Naive Sentiment,Financials,2021-06-30,2021-06-29,0.09911,0.8,0.09911,1.09911
2021-06-30,2021-07-01,naive,1.0,Naive Sentiment,Healthcare,2021-06-30,2021-06-29,0.06978666666666666,0.8,0.06978666666666666,1.0697866666666667
2021-06-30,2021-07-01,naive,1.0,Naive Sentiment,Industrials,2021-06-30,2021-06-29,0.22080000000000002,0.8,0.22080000000000002,1.2208
2021-06-30,2021-07-01,naive,1.0,Naive Sentiment,Materials,2021-06-30,2021-06-29,0.00516,0.2,0.00516,1.00516
2021-06-30,2021-07-01,naive,1.0,Naive Sentiment,RealEstate,2021-06-30,2021-06-29,0.0,0.2,0.0,1.0
2021-06-30,2021-07-01,naive,1.0,Naive Sentiment,Tech,2021-06-30,2021-06-29,0.30737000000000003,0.8,0.30737000000000003,1.3073700000000001
2021-06-30,2021-07-01,naive,1.0,Naive Sentiment,Utilities,2021-06-30,2021-06-29,0.1775,0.6,0.1775,1.1775
2021-07-30,2021-08-02,coverage_rank,0.25,Coverage-Aware Rank Sentiment,Comm,2021-07-30,2021-07-29,0.1347092857142857,0.6,-0.0666666666666667,0.9833333333333333
2021-07-30,2021-08-02,coverage_rank,0.25,Coverage-Aware Rank Sentiment,Consumer,2021-07-30,2021-07-29,0.29139276190476193,1.0,1.0,1.25
2021-07-30,2021-08-02,coverage_rank,0.25,Coverage-Aware Rank Sentiment,Energy,2021-07-30,2021-07-29,0.06970133333333334,0.8,-0.6222222222222222,0.8444444444444444
2021-07-30,2021-08-02,coverage_rank,0.25,Coverage-Aware Rank Sentiment,Financials,2021-07-30,2021-07-29,0.25199,0.8,0.6222222222222222,1.1555555555555554
2021-07-30,2021-08-02,coverage_rank,0.25,Coverage-Aware Rank Sentiment,Healthcare,2021-07-30,2021-07-29,0.11453716666666666,1.0,-0.33333333333333337,0.9166666666666666
2021-07-30,2021-08-02,coverage_rank,0.25,Coverage-Aware Rank Sentiment,Industrials,2021-07-30,2021-07-29,0.11099,0.6,-0.3333333333333333,0.9166666666666666
2021-07-30,2021-08-02,coverage_rank,0.25,Coverage-Aware Rank Sentiment,Materials,2021-07-30,2021-07-29,0.20673,0.8,0.4444444444444445,1.1111111111111112
2021-07-30,2021-08-02,coverage_rank,0.25,Coverage-Aware Rank Sentiment,RealEstate,2021-07-30,2021-07-29,-0.03864,0.6,-0.6,0.85
2021-07-30,2021-08-02,coverage_rank,0.25,Coverage-Aware Rank Sentiment,Tech,2021-07-30,2021-07-29,0.18576166666666666,0.8,0.08888888888888893,1.0222222222222221
2021-07-30,2021-08-02,coverage_rank,0.25,Coverage-Aware Rank Sentiment,Utilities,2021-07-30,2021-07-29,0.19106,0.6,0.19999999999999996,1.05
2021-07-30,2021-08-02,naive,1.0,Naive Sentiment,Comm,2021-07-30,2021-07-29,0.1347092857142857,0.6,0.1347092857142857,1.1347092857142858
2021-07-30,2021-08-02,naive,1.0,Naive Sentiment,Consumer,2021-07-30,2021-07-29,0.29139276190476193,1.0,0.29139276190476193,1.291392761904762
2021-07-30,2021-08-02,naive,1.0,Naive Sentiment,Energy,2021-07-30,2021-07-29,0.06970133333333334,0.8,0.06970133333333334,1.0697013333333334
2021-07-30,2021-08-02,naive,1.0,Naive Sentiment,Financials,2021-07-30,2021-07-29,0.25199,0.8,0.25199,1.25199
2021-07-30,2021-08-02,naive,1.0,Naive Sentiment,Healthcare,2021-07-30,2021-07-29,0.11453716666666666,1.0,0.11453716666666666,1.1145371666666666
2021-07-30,2021-08-02,naive,1.0,Naive Sentiment,Industrials,2021-07-30,2021-07-29,0.11099,0.6,0.11099,1.11099
2021-07-30,2021-08-02,naive,1.0,Naive Sentiment,Materials,2021-07-30,2021-07-29,0.20673,0.8,0.20673,1.20673
2021-07-30,2021-08-02,naive,1.0,Naive Sentiment,RealEstate,2021-07-30,2021-07-29,-0.03864,0.6,-0.03864,0.96136
2021-07-30,2021-08-02,naive,1.0,Naive Sentiment,Tech,2021-07-30,2021-07-29,0.18576166666666666,0.8,0.18576166666666666,1.1857616666666666
2021-07-30,2021-08-02,naive,1.0,Naive Sentiment,Utilities,2021-07-30,2021-07-29,0.19106,0.6,0.19106,1.19106
2021-08-31,2021-09-01,coverage_rank,0.25,Coverage-Aware Rank Sentiment,Comm,2021-08-31,2021-08-30,0.139286,0.8,-0.08888888888888893,0.9777777777777777
2021-08-31,2021-09-01,coverage_rank,0.25,Coverage-Aware Rank Sentiment,Consumer,2021-08-31,2021-08-30,0.20068547619047622,1.0,0.33333333333333326,1.0833333333333333
2021-08-31,2021-09-01,coverage_rank,0.25,Coverage-Aware Rank Sentiment,Energy,2021-08-31,2021-08-30,-0.1371757142857143,1.0,-1.0,0.75
2021-08-31,2021-09-01,coverage_rank,0.25,Coverage-Aware Rank Sentiment,Financials,2021-08-31,2021-08-30,0.11717999999999999,0.4,-0.13333333333333336,0.9666666666666667
2021-08-31,2021-09-01,coverage_rank,0.25,Coverage-Aware Rank Sentiment,Healthcare,2021-08-31,2021-08-30,0.19630666666666668,0.8,0.08888888888888893,1.0222222222222221
2021-08-31,2021-09-01,coverage_rank,0.25,Coverage-Aware Rank Sentiment,Industrials,2021-08-31,2021-08-30,0.08308666666666667,0.6,-0.3333333333333333,0.9166666666666666
2021-08-31,2021-09-01,coverage_rank,0.25,Coverage-Aware Rank Sentiment,Materials,2021-08-31,2021-08-30,0.20324,0.8,0.4444444444444445,1.1111111111111112
2021-08-31,2021-09-01,coverage_rank,0.25,Coverage-Aware Rank Sentiment,RealEstate,2021-08-31,2021-08-30,-0.0070599999999999994,0.2,-0.15555555555555556,0.9611111111111111
2021-08-31,2021-09-01,coverage_rank,0.25,Coverage-Aware Rank Sentiment,Tech,2021-08-31,2021-08-30,0.32654266666666665,0.8,0.8,1.2
2021-08-31,2021-09-01,coverage_rank,0.25,Coverage-Aware Rank Sentiment,Utilities,2021-08-31,2021-08-30,0.21960000000000002,0.6,0.46666666666666656,1.1166666666666667
2021-08-31,2021-09-01,naive,1.0,Naive Sentiment,Comm,2021-08-31,2021-08-30,0.139286,0.8,0.139286,1.139286
2021-08-31,2021-09-01,naive,1.0,Naive Sentiment,Consumer,2021-08-31,2021-08-30,0.20068547619047622,1.0,0.20068547619047622,1.2006854761904762
2021-08-31,2021-09-01,naive,1.0,Naive Sentiment,Energy,2021-08-31,2021-08-30,-0.1371757142857143,1.0,-0.1371757142857143,0.8628242857142857
2021-08-31,2021-09-01,naive,1.0,Naive Sentiment,Financials,2021-08-31,2021-08-30,0.11717999999999999,0.4,0.11717999999999999,1.11718
2021-08-31,2021-09-01,naive,1.0,Naive Sentiment,Healthcare,2021-08-31,2021-08-30,0.19630666666666668,0.8,0.19630666666666668,1.1963066666666666
2021-08-31,2021-09-01,naive,1.0,Naive Sentiment,Industrials,2021-08-31,2021-08-30,0.08308666666666667,0.6,0.08308666666666667,1.0830866666666668
2021-08-31,2021-09-01,naive,1.0,Naive Sentiment,Materials,2021-08-31,2021-08-30,0.20324,0.8,0.20324,1.20324
2021-08-31,2021-09-01,naive,1.0,Naive Sentiment,RealEstate,2021-08-31,2021-08-30,-0.0070599999999999994,0.2,-0.0070599999999999994,0.99294
2021-08-31,2021-09-01,naive,1.0,Naive Sentiment,Tech,2021-08-31,2021-08-30,0.32654266666666665,0.8,0.32654266666666665,1.3265426666666666
2021-08-31,2021-09-01,naive,1.0,Naive Sentiment,Utilities,2021-08-31,2021-08-30,0.21960000000000002,0.6,0.21960000000000002,1.2196
2021-09-30,2021-10-01,coverage_rank,0.25,Coverage-Aware Rank Sentiment,Comm,2021-09-30,2021-09-29,0.045799999999999993,0.8,-0.2666666666666667,0.9333333333333333
2021-09-30,2021-10-01,coverage_rank,0.25,Coverage-Aware Rank Sentiment,Consumer,2021-09-30,2021-09-29,0.18826900000000002,0.8,0.6222222222222222,1.1555555555555554
2021-09-30,2021-10-01,coverage_rank,0.25,Coverage-Aware Rank Sentiment,Energy,2021-09-30,2021-09-29,0.15294642857142857,0.6,0.19999999999999996,1.05
2021-09-30,2021-10-01,coverage_rank,0.25,Coverage-Aware Rank Sentiment,Financials,2021-09-30,2021-09-29,0.008009999999999998,0.4,-0.22222222222222224,0.9444444444444444
2021-09-30,2021-10-01,coverage_rank,0.25,Coverage-Aware Rank Sentiment,Healthcare,2021-09-30,2021-09-29,0.27834166666666665,1.0,1.0,1.25
2021-09-30,2021-10-01,coverage_rank,0.25,Coverage-Aware Rank Sentiment,Industrials,2021-09-30,2021-09-29,0.0843,0.4,0.04444444444444447,1.011111111111111
2021-09-30,2021-10-01,coverage_rank,0.25,Coverage-Aware Rank Sentiment,Materials,2021-09-30,2021-09-29,0.0,0.4,-0.35555555555555557,0.9111111111111111
2021-09-30,2021-10-01,coverage_rank,0.25,Coverage-Aware Rank Sentiment,RealEstate,2021-09-30,2021-09-29,0.0,0.2,-0.17777777777777778,0.9555555555555556
2021-09-30,2021-10-01,coverage_rank,0.25,Coverage-Aware Rank Sentiment,Tech,2021-09-30,2021-09-29,0.17054533333333333,0.8,0.4444444444444445,1.1111111111111112
2021-09-30,2021-10-01,coverage_rank,0.25,Coverage-Aware Rank Sentiment,Utilities,2021-09-30,2021-09-29,0.052669999999999995,0.2,-0.022222222222222233,0.9944444444444445
2021-09-30,2021-10-01,naive,1.0,Naive Sentiment,Comm,2021-09-30,2021-09-29,0.045799999999999993,0.8,0.045799999999999993,1.0458
2021-09-30,2021-10-01,naive,1.0,Naive Sentiment,Consumer,2021-09-30,2021-09-29,0.18826900000000002,0.8,0.18826900000000002,1.188269
2021-09-30,2021-10-01,naive,1.0,Naive Sentiment,Energy,2021-09-30,2021-09-29,0.15294642857142857,0.6,0.15294642857142857,1.1529464285714286
2021-09-30,2021-10-01,naive,1.0,Naive Sentiment,Financials,2021-09-30,2021-09-29,0.008009999999999998,0.4,0.008009999999999998,1.00801
2021-09-30,2021-10-01,naive,1.0,Naive Sentiment,Healthcare,2021-09-30,2021-09-29,0.27834166666666665,1.0,0.27834166666666665,1.2783416666666667
2021-09-30,2021-10-01,naive,1.0,Naive Sentiment,Industrials,2021-09-30,2021-09-29,0.0843,0.4,0.0843,1.0843
2021-09-30,2021-10-01,naive,1.0,Naive Sentiment,Materials,2021-09-30,2021-09-29,0.0,0.4,0.0,1.0
2021-09-30,2021-10-01,naive,1.0,Naive Sentiment,RealEstate,2021-09-30,2021-09-29,0.0,0.2,0.0,1.0
2021-09-30,2021-10-01,naive,1.0,Naive Sentiment,Tech,2021-09-30,2021-09-29,0.17054533333333333,0.8,0.17054533333333333,1.1705453333333333
2021-09-30,2021-10-01,naive,1.0,Naive Sentiment,Utilities,2021-09-30,2021-09-29,0.052669999999999995,0.2,0.052669999999999995,1.05267
2021-10-29,2021-11-01,coverage_rank,0.25,Coverage-Aware Rank Sentiment,Comm,2021-10-29,2021-10-28,0.10438333333333334,0.8,-0.08888888888888893,0.9777777777777777
2021-10-29,2021-11-01,coverage_rank,0.25,Coverage-Aware Rank Sentiment,Consumer,2021-10-29,2021-10-28,0.1004461111111111,0.8,-0.2666666666666667,0.9333333333333333
2021-10-29,2021-11-01,coverage_rank,0.25,Coverage-Aware Rank Sentiment,Energy,2021-10-29,2021-10-28,0.08302833333333333,0.8,-0.4444444444444445,0.8888888888888888
2021-10-29,2021-11-01,coverage_rank,0.25,Coverage-Aware Rank Sentiment,Financials,2021-10-29,2021-10-28,0.11509499999999999,0.4,0.04444444444444447,1.011111111111111
2021-10-29,2021-11-01,coverage_rank,0.25,Coverage-Aware Rank Sentiment,Healthcare,2021-10-29,2021-10-28,0.13332015384615384,1.0,0.5555555555555556,1.1388888888888888
2021-10-29,2021-11-01,coverage_rank,0.25,Coverage-Aware Rank Sentiment,Industrials,2021-10-29,2021-10-28,0.14222581818181818,0.8,0.6222222222222222,1.1555555555555554
2021-10-29,2021-11-01,coverage_rank,0.25,Coverage-Aware Rank Sentiment,Materials,2021-10-29,2021-10-28,0.009626666666666669,0.4,-0.4,0.9
2021-10-29,2021-11-01,coverage_rank,0.25,Coverage-Aware Rank Sentiment,RealEstate,2021-10-29,2021-10-28,0.12450999999999998,0.6,0.19999999999999996,1.05
2021-10-29,2021-11-01,coverage_rank,0.25,Coverage-Aware Rank Sentiment,Tech,2021-10-29,2021-10-28,0.33743,1.0,1.0,1.25
2021-10-29,2021-11-01,coverage_rank,0.25,Coverage-Aware Rank Sentiment,Utilities,2021-10-29,2021-10-28,0.038290000000000005,0.4,-0.3111111111111111,0.9222222222222223
2021-10-29,2021-11-01,naive,1.0,Naive Sentiment,Comm,2021-10-29,2021-10-28,0.10438333333333334,0.8,0.10438333333333334,1.1043833333333333
2021-10-29,2021-11-01,naive,1.0,Naive Sentiment,Consumer,2021-10-29,2021-10-28,0.1004461111111111,0.8,0.1004461111111111,1.100446111111111
2021-10-29,2021-11-01,naive,1.0,Naive Sentiment,Energy,2021-10-29,2021-10-28,0.08302833333333333,0.8,0.08302833333333333,1.0830283333333333
2021-10-29,2021-11-01,naive,1.0,Naive Sentiment,Financials,2021-10-29,2021-10-28,0.11509499999999999,0.4,0.11509499999999999,1.115095
2021-10-29,2021-11-01,naive,1.0,Naive Sentiment,Healthcare,2021-10-29,2021-10-28,0.13332015384615384,1.0,0.13332015384615384,1.133320153846154
2021-10-29,2021-11-01,naive,1.0,Naive Sentiment,Industrials,2021-10-29,2021-10-28,0.14222581818181818,0.8,0.14222581818181818,1.1422258181818181
2021-10-29,2021-11-01,naive,1.0,Naive Sentiment,Materials,2021-10-29,2021-10-28,0.009626666666666669,0.4,0.009626666666666669,1.0096266666666667
2021-10-29,2021-11-01,naive,1.0,Naive Sentiment,RealEstate,2021-10-29,2021-10-28,0.12450999999999998,0.6,0.12450999999999998,1.12451
2021-10-29,2021-11-01,naive,1.0,Naive Sentiment,Tech,2021-10-29,2021-10-28,0.33743,1.0,0.33743,1.33743
2021-10-29,2021-11-01,naive,1.0,Naive Sentiment,Utilities,2021-10-29,2021-10-28,0.038290000000000005,0.4,0.038290000000000005,1.03829
2021-11-30,2021-12-01,coverage_rank,0.25,Coverage-Aware Rank Sentiment,Comm,2021-11-30,2021-11-29,-0.13546,0.6,-0.6,0.85
2021-11-30,2021-12-01,coverage_rank,0.25,Coverage-Aware Rank Sentiment,Consumer,2021-11-30,2021-11-29,0.049567575757575755,1.0,0.33333333333333326,1.0833333333333333
2021-11-30,2021-12-01,coverage_rank,0.25,Coverage-Aware Rank Sentiment,Energy,2021-11-30,2021-11-29,-0.030499999999999992,0.8,-0.6222222222222222,0.8444444444444444
2021-11-30,2021-12-01,coverage_rank,0.25,Coverage-Aware Rank Sentiment,Financials,2021-11-30,2021-11-29,0.029997666666666662,0.8,-0.08888888888888893,0.9777777777777777
2021-11-30,2021-12-01,coverage_rank,0.25,Coverage-Aware Rank Sentiment,Healthcare,2021-11-30,2021-11-29,0.1288171794871795,0.8,0.6222222222222222,1.1555555555555554
2021-11-30,2021-12-01,coverage_rank,0.25,Coverage-Aware Rank Sentiment,Industrials,2021-11-30,2021-11-29,0.02026,0.8,-0.2666666666666667,0.9333333333333333
2021-11-30,2021-12-01,coverage_rank,0.25,Coverage-Aware Rank Sentiment,Materials,2021-11-30,2021-11-29,0.0,0.4,-0.22222222222222224,0.9444444444444444
2021-11-30,2021-12-01,coverage_rank,0.25,Coverage-Aware Rank Sentiment,RealEstate,2021-11-30,2021-11-29,0.07224666666666665,0.8,0.4444444444444445,1.1111111111111112
2021-11-30,2021-12-01,coverage_rank,0.25,Coverage-Aware Rank Sentiment,Tech,2021-11-30,2021-11-29,0.24959721212121214,1.0,1.0,1.25
2021-11-30,2021-12-01,coverage_rank,0.25,Coverage-Aware Rank Sentiment,Utilities,2021-11-30,2021-11-29,0.04755,0.2,0.022222222222222233,1.0055555555555555
2021-11-30,2021-12-01,naive,1.0,Naive Sentiment,Comm,2021-11-30,2021-11-29,-0.13546,0.6,-0.13546,0.86454
2021-11-30,2021-12-01,naive,1.0,Naive Sentiment,Consumer,2021-11-30,2021-11-29,0.049567575757575755,1.0,0.049567575757575755,1.0495675757575758
2021-11-30,2021-12-01,naive,1.0,Naive Sentiment,Energy,2021-11-30,2021-11-29,-0.030499999999999992,0.8,-0.030499999999999992,0.9695
2021-11-30,2021-12-01,naive,1.0,Naive Sentiment,Financials,2021-11-30,2021-11-29,0.029997666666666662,0.8,0.029997666666666662,1.0299976666666666
2021-11-30,2021-12-01,naive,1.0,Naive Sentiment,Healthcare,2021-11-30,2021-11-29,0.1288171794871795,0.8,0.1288171794871795,1.1288171794871795
2021-11-30,2021-12-01,naive,1.0,Naive Sentiment,Industrials,2021-11-30,2021-11-29,0.02026,0.8,0.02026,1.02026
2021-11-30,2021-12-01,naive,1.0,Naive Sentiment,Materials,2021-11-30,2021-11-29,0.0,0.4,0.0,1.0
2021-11-30,2021-12-01,naive,1.0,Naive Sentiment,RealEstate,2021-11-30,2021-11-29,0.07224666666666665,0.8,0.07224666666666665,1.0722466666666666
2021-11-30,2021-12-01,naive,1.0,Naive Sentiment,Tech,2021-11-30,2021-11-29,0.24959721212121214,1.0,0.24959721212121214,1.2495972121212122
2021-11-30,2021-12-01,naive,1.0,Naive Sentiment,Utilities,2021-11-30,2021-11-29,0.04755,0.2,0.04755,1.04755
2021-12-31,2022-01-03,coverage_rank,0.25,Coverage-Aware Rank Sentiment,Comm,2021-12-31,2021-12-30,0.18000266666666667,0.8,0.2666666666666666,1.0666666666666667
2021-12-31,2022-01-03,coverage_rank,0.25,Coverage-Aware Rank Sentiment,Consumer,2021-12-31,2021-12-30,0.15949249999999998,1.0,0.11111111111111116,1.0277777777777777
2021-12-31,2022-01-03,coverage_rank,0.25,Coverage-Aware Rank Sentiment,Energy,2021-12-31,2021-12-30,0.047455000000000004,0.8,-0.6222222222222222,0.8444444444444444
2021-12-31,2022-01-03,coverage_rank,0.25,Coverage-Aware Rank Sentiment,Financials,2021-12-31,2021-12-30,0.3227466666666666,0.8,0.8,1.2
2021-12-31,2022-01-03,coverage_rank,0.25,Coverage-Aware Rank Sentiment,Healthcare,2021-12-31,2021-12-30,0.1374338095238095,0.8,-0.08888888888888893,0.9777777777777777
2021-12-31,2022-01-03,coverage_rank,0.25,Coverage-Aware Rank Sentiment,Industrials,2021-12-31,2021-12-30,0.0843,0.8,-0.2666666666666667,0.9333333333333333
2021-12-31,2022-01-03,coverage_rank,0.25,Coverage-Aware Rank Sentiment,Materials,2021-12-31,2021-12-30,0.04019,0.4,-0.4,0.9
2021-12-31,2022-01-03,coverage_rank,0.25,Coverage-Aware Rank Sentiment,RealEstate,2021-12-31,2021-12-30,0.22857000000000002,0.6,0.46666666666666656,1.1166666666666667
2021-12-31,2022-01-03,coverage_rank,0.25,Coverage-Aware Rank Sentiment,Tech,2021-12-31,2021-12-30,0.080655,1.0,-0.5555555555555556,0.8611111111111112
2021-12-31,2022-01-03,coverage_rank,0.25,Coverage-Aware Rank Sentiment,Utilities,2021-12-31,2021-12-30,0.20051999999999998,0.4,0.22222222222222224,1.0555555555555556
2021-12-31,2022-01-03,naive,1.0,Naive Sentiment,Comm,2021-12-31,2021-12-30,0.18000266666666667,0.8,0.18000266666666667,1.1800026666666668
2021-12-31,2022-01-03,naive,1.0,Naive Sentiment,Consumer,2021-12-31,2021-12-30,0.15949249999999998,1.0,0.15949249999999998,1.1594925
2021-12-31,2022-01-03,naive,1.0,Naive Sentiment,Energy,2021-12-31,2021-12-30,0.047455000000000004,0.8,0.047455000000000004,1.047455
2021-12-31,2022-01-03,naive,1.0,Naive Sentiment,Financials,2021-12-31,2021-12-30,0.3227466666666666,0.8,0.3227466666666666,1.3227466666666667
2021-12-31,2022-01-03,naive,1.0,Naive Sentiment,Healthcare,2021-12-31,2021-12-30,0.1374338095238095,0.8,0.1374338095238095,1.1374338095238095
2021-12-31,2022-01-03,naive,1.0,Naive Sentiment,Industrials,2021-12-31,2021-12-30,0.0843,0.8,0.0843,1.0843
2021-12-31,2022-01-03,naive,1.0,Naive Sentiment,Materials,2021-12-31,2021-12-30,0.04019,0.4,0.04019,1.04019
2021-12-31,2022-01-03,naive,1.0,Naive Sentiment,RealEstate,2021-12-31,2021-12-30,0.22857000000000002,0.6,0.22857000000000002,1.22857
2021-12-31,2022-01-03,naive,1.0,Naive Sentiment,Tech,2021-12-31,2021-12-30,0.080655,1.0,0.080655,1.080655
2021-12-31,2022-01-03,naive,1.0,Naive Sentiment,Utilities,2021-12-31,2021-12-30,0.20051999999999998,0.4,0.20051999999999998,1.20052
2022-01-31,2022-02-01,coverage_rank,0.25,Coverage-Aware Rank Sentiment,Comm,2022-01-31,2022-01-28,-0.142852,1.0,-1.0,0.75
2022-01-31,2022-02-01,coverage_rank,0.25,Coverage-Aware Rank Sentiment,Consumer,2022-01-31,2022-01-28,0.092168,0.8,-0.2666666666666667,0.9333333333333333
2022-01-31,2022-02-01,coverage_rank,0.25,Coverage-Aware Rank Sentiment,Energy,2022-01-31,2022-01-28,0.17594972222222222,0.8,0.08888888888888893,1.0222222222222221
2022-01-31,2022-02-01,coverage_rank,0.25,Coverage-Aware Rank Sentiment,Financials,2022-01-31,2022-01-28,0.16085278388278387,1.0,-0.11111111111111116,0.9722222222222222
2022-01-31,2022-02-01,coverage_rank,0.25,Coverage-Aware Rank Sentiment,Healthcare,2022-01-31,2022-01-28,0.22502,1.0,0.33333333333333326,1.0833333333333333
2022-01-31,2022-02-01,coverage_rank,0.25,Coverage-Aware Rank Sentiment,Industrials,2022-01-31,2022-01-28,0.23452233333333333,1.0,0.7777777777777777,1.1944444444444444
2022-01-31,2022-02-01,coverage_rank,0.25,Coverage-Aware Rank Sentiment,Materials,2022-01-31,2022-01-28,0.0,0.2,-0.15555555555555556,0.9611111111111111
2022-01-31,2022-02-01,coverage_rank,0.25,Coverage-Aware Rank Sentiment,RealEstate,2022-01-31,2022-01-28,0.05667,0.8,-0.4444444444444445,0.8888888888888888
2022-01-31,2022-02-01,coverage_rank,0.25,Coverage-Aware Rank Sentiment,Tech,2022-01-31,2022-01-28,0.24906809523809526,1.0,1.0,1.25
2022-01-31,2022-02-01,coverage_rank,0.25,Coverage-Aware Rank Sentiment,Utilities,2022-01-31,2022-01-28,0.22712666666666664,1.0,0.5555555555555556,1.1388888888888888
2022-01-31,2022-02-01,naive,1.0,Naive Sentiment,Comm,2022-01-31,2022-01-28,-0.142852,1.0,-0.142852,0.857148
2022-01-31,2022-02-01,naive,1.0,Naive Sentiment,Consumer,2022-01-31,2022-01-28,0.092168,0.8,0.092168,1.092168
2022-01-31,2022-02-01,naive,1.0,Naive Sentiment,Energy,2022-01-31,2022-01-28,0.17594972222222222,0.8,0.17594972222222222,1.1759497222222222
2022-01-31,2022-02-01,naive,1.0,Naive Sentiment,Financials,2022-01-31,2022-01-28,0.16085278388278387,1.0,0.16085278388278387,1.1608527838827838
2022-01-31,2022-02-01,naive,1.0,Naive Sentiment,Healthcare,2022-01-31,2022-01-28,0.22502,1.0,0.22502,1.22502
2022-01-31,2022-02-01,naive,1.0,Naive Sentiment,Industrials,2022-01-31,2022-01-28,0.23452233333333333,1.0,0.23452233333333333,1.2345223333333333
2022-01-31,2022-02-01,naive,1.0,Naive Sentiment,Materials,2022-01-31,2022-01-28,0.0,0.2,0.0,1.0
2022-01-31,2022-02-01,naive,1.0,Naive Sentiment,RealEstate,2022-01-31,2022-01-28,0.05667,0.8,0.05667,1.05667
2022-01-31,2022-02-01,naive,1.0,Naive Sentiment,Tech,2022-01-31,2022-01-28,0.24906809523809526,1.0,0.24906809523809526,1.2490680952380953
2022-01-31,2022-02-01,naive,1.0,Naive Sentiment,Utilities,2022-01-31,2022-01-28,0.22712666666666664,1.0,0.22712666666666664,1.2271266666666667
2022-02-28,2022-03-01,coverage_rank,0.25,Coverage-Aware Rank Sentiment,Comm,2022-02-28,2022-02-25,0.11096666666666666,0.8,-0.08888888888888893,0.9777777777777777
2022-02-28,2022-03-01,coverage_rank,0.25,Coverage-Aware Rank Sentiment,Consumer,2022-02-28,2022-02-25,0.12904333333333334,1.0,0.11111111111111116,1.0277777777777777
2022-02-28,2022-03-01,coverage_rank,0.25,Coverage-Aware Rank Sentiment,Energy,2022-02-28,2022-02-25,0.1646423076923077,0.8,0.4444444444444445,1.1111111111111112
2022-02-28,2022-03-01,coverage_rank,0.25,Coverage-Aware Rank Sentiment,Financials,2022-02-28,2022-02-25,0.1393813333333333,0.8,0.2666666666666666,1.0666666666666667
2022-02-28,2022-03-01,coverage_rank,0.25,Coverage-Aware Rank Sentiment,Healthcare,2022-02-28,2022-02-25,0.04280666666666667,1.0,-0.7777777777777778,0.8055555555555556
2022-02-28,2022-03-01,coverage_rank,0.25,Coverage-Aware Rank Sentiment,Industrials,2022-02-28,2022-02-25,0.16784333333333334,1.0,0.7777777777777777,1.1944444444444444
2022-02-28,2022-03-01,coverage_rank,0.25,Coverage-Aware Rank Sentiment,Materials,2022-02-28,2022-02-25,0.09176,0.6,-0.2,0.95
2022-02-28,2022-03-01,coverage_rank,0.25,Coverage-Aware Rank Sentiment,RealEstate,2022-02-28,2022-02-25,0.21483,0.8,0.8,1.2
2022-02-28,2022-03-01,coverage_rank,0.25,Coverage-Aware Rank Sentiment,Tech,2022-02-28,2022-02-25,-0.020846666666666673,0.8,-0.8,0.8
2022-02-28,2022-03-01,coverage_rank,0.25,Coverage-Aware Rank Sentiment,Utilities,2022-02-28,2022-02-25,0.06364,0.4,-0.22222222222222224,0.9444444444444444
2022-02-28,2022-03-01,naive,1.0,Naive Sentiment,Comm,2022-02-28,2022-02-25,0.11096666666666666,0.8,0.11096666666666666,1.1109666666666667
2022-02-28,2022-03-01,naive,1.0,Naive Sentiment,Consumer,2022-02-28,2022-02-25,0.12904333333333334,1.0,0.12904333333333334,1.1290433333333334
2022-02-28,2022-03-01,naive,1.0,Naive Sentiment,Energy,2022-02-28,2022-02-25,0.1646423076923077,0.8,0.1646423076923077,1.1646423076923078
2022-02-28,2022-03-01,naive,1.0,Naive Sentiment,Financials,2022-02-28,2022-02-25,0.1393813333333333,0.8,0.1393813333333333,1.1393813333333334
2022-02-28,2022-03-01,naive,1.0,Naive Sentiment,Healthcare,2022-02-28,2022-02-25,0.04280666666666667,1.0,0.04280666666666667,1.0428066666666667
2022-02-28,2022-03-01,naive,1.0,Naive Sentiment,Industrials,2022-02-28,2022-02-25,0.16784333333333334,1.0,0.16784333333333334,1.1678433333333333
2022-02-28,2022-03-01,naive,1.0,Naive Sentiment,Materials,2022-02-28,2022-02-25,0.09176,0.6,0.09176,1.09176
2022-02-28,2022-03-01,naive,1.0,Naive Sentiment,RealEstate,2022-02-28,2022-02-25,0.21483,0.8,0.21483,1.21483
2022-02-28,2022-03-01,naive,1.0,Naive Sentiment,Tech,2022-02-28,2022-02-25,-0.020846666666666673,0.8,-0.020846666666666673,0.9791533333333333
2022-02-28,2022-03-01,naive,1.0,Naive Sentiment,Utilities,2022-02-28,2022-02-25,0.06364,0.4,0.06364,1.06364
2022-03-31,2022-04-01,coverage_rank,0.25,Coverage-Aware Rank Sentiment,Comm,2022-03-31,2022-03-30,0.07905999999999999,0.6,-0.4666666666666667,0.8833333333333333
2022-03-31,2022-04-01,coverage_rank,0.25,Coverage-Aware Rank Sentiment,Consumer,2022-03-31,2022-03-30,0.16915714285714284,0.8,-0.2666666666666667,0.9333333333333333
2022-03-31,2022-04-01,coverage_rank,0.25,Coverage-Aware Rank Sentiment,Energy,2022-03-31,2022-03-30,0.3100266666666667,0.8,0.6222222222222222,1.1555555555555554
2022-03-31,2022-04-01,coverage_rank,0.25,Coverage-Aware Rank Sentiment,Financials,2022-03-31,2022-03-30,0.08719916666666667,0.6,-0.3333333333333333,0.9166666666666666
2022-03-31,2022-04-01,coverage_rank,0.25,Coverage-Aware Rank Sentiment,Healthcare,2022-03-31,2022-03-30,0.23360666666666666,0.8,0.08888888888888893,1.0222222222222221
2022-03-31,2022-04-01,coverage_rank,0.25,Coverage-Aware Rank Sentiment,Industrials,2022-03-31,2022-03-30,0.3090822222222222,0.8,0.4444444444444445,1.1111111111111112
2022-03-31,2022-04-01,coverage_rank,0.25,Coverage-Aware Rank Sentiment,Materials,2022-03-31,2022-03-30,0.068,0.6,-0.6,0.85
2022-03-31,2022-04-01,coverage_rank,0.25,Coverage-Aware Rank Sentiment,RealEstate,2022-03-31,2022-03-30,0.28186999999999995,0.6,0.19999999999999996,1.05
2022-03-31,2022-04-01,coverage_rank,0.25,Coverage-Aware Rank Sentiment,Tech,2022-03-31,2022-03-30,0.20585683333333335,1.0,-0.11111111111111116,0.9722222222222222
2022-03-31,2022-04-01,coverage_rank,0.25,Coverage-Aware Rank Sentiment,Utilities,2022-03-31,2022-03-30,0.3404,0.6,0.6,1.15
2022-03-31,2022-04-01,naive,1.0,Naive Sentiment,Comm,2022-03-31,2022-03-30,0.07905999999999999,0.6,0.07905999999999999,1.07906
2022-03-31,2022-04-01,naive,1.0,Naive Sentiment,Consumer,2022-03-31,2022-03-30,0.16915714285714284,0.8,0.16915714285714284,1.1691571428571428
2022-03-31,2022-04-01,naive,1.0,Naive Sentiment,Energy,2022-03-31,2022-03-30,0.3100266666666667,0.8,0.3100266666666667,1.3100266666666667
2022-03-31,2022-04-01,naive,1.0,Naive Sentiment,Financials,2022-03-31,2022-03-30,0.08719916666666667,0.6,0.08719916666666667,1.0871991666666667
2022-03-31,2022-04-01,naive,1.0,Naive Sentiment,Healthcare,2022-03-31,2022-03-30,0.23360666666666666,0.8,0.23360666666666666,1.2336066666666667
2022-03-31,2022-04-01,naive,1.0,Naive Sentiment,Industrials,2022-03-31,2022-03-30,0.3090822222222222,0.8,0.3090822222222222,1.3090822222222223
2022-03-31,2022-04-01,naive,1.0,Naive Sentiment,Materials,2022-03-31,2022-03-30,0.068,0.6,0.068,1.068
2022-03-31,2022-04-01,naive,1.0,Naive Sentiment,RealEstate,2022-03-31,2022-03-30,0.28186999999999995,0.6,0.28186999999999995,1.28187
2022-03-31,2022-04-01,naive,1.0,Naive Sentiment,Tech,2022-03-31,2022-03-30,0.20585683333333335,1.0,0.20585683333333335,1.2058568333333333
2022-03-31,2022-04-01,naive,1.0,Naive Sentiment,Utilities,2022-03-31,2022-03-30,0.3404,0.6,0.3404,1.3404
2022-04-29,2022-05-02,coverage_rank,0.25,Coverage-Aware Rank Sentiment,Comm,2022-04-29,2022-04-28,0.13420333333333334,1.0,-0.33333333333333337,0.9166666666666666
2022-04-29,2022-05-02,coverage_rank,0.25,Coverage-Aware Rank Sentiment,Consumer,2022-04-29,2022-04-28,0.17100166666666666,1.0,0.33333333333333326,1.0833333333333333
2022-04-29,2022-05-02,coverage_rank,0.25,Coverage-Aware Rank Sentiment,Energy,2022-04-29,2022-04-28,0.2841192857142857,1.0,1.0,1.25
2022-04-29,2022-05-02,coverage_rank,0.25,Coverage-Aware Rank Sentiment,Financials,2022-04-29,2022-04-28,0.04965857142857144,1.0,-0.7777777777777778,0.8055555555555556
2022-04-29,2022-05-02,coverage_rank,0.25,Coverage-Aware Rank Sentiment,Healthcare,2022-04-29,2022-04-28,0.16209828571428572,1.0,0.11111111111111116,1.0277777777777777
2022-04-29,2022-05-02,coverage_rank,0.25,Coverage-Aware Rank Sentiment,Industrials,2022-04-29,2022-04-28,0.22206071428571428,1.0,0.5555555555555556,1.1388888888888888
2022-04-29,2022-05-02,coverage_rank,0.25,Coverage-Aware Rank Sentiment,Materials,2022-04-29,2022-04-28,0.025826666666666664,0.6,-0.6,0.85
2022-04-29,2022-05-02,coverage_rank,0.25,Coverage-Aware Rank Sentiment,RealEstate,2022-04-29,2022-04-28,0.16131,0.4,-0.04444444444444447,0.9888888888888889
2022-04-29,2022-05-02,coverage_rank,0.25,Coverage-Aware Rank Sentiment,Tech,2022-04-29,2022-04-28,0.10072965909090907,0.8,-0.4444444444444445,0.8888888888888888
2022-04-29,2022-05-02,coverage_rank,0.25,Coverage-Aware Rank Sentiment,Utilities,2022-04-29,2022-04-28,0.26132666666666665,1.0,0.7777777777777777,1.1944444444444444
2022-04-29,2022-05-02,naive,1.0,Naive Sentiment,Comm,2022-04-29,2022-04-28,0.13420333333333334,1.0,0.13420333333333334,1.1342033333333332
2022-04-29,2022-05-02,naive,1.0,Naive Sentiment,Consumer,2022-04-29,2022-04-28,0.17100166666666666,1.0,0.17100166666666666,1.1710016666666667
2022-04-29,2022-05-02,naive,1.0,Naive Sentiment,Energy,2022-04-29,2022-04-28,0.2841192857142857,1.0,0.2841192857142857,1.2841192857142856
2022-04-29,2022-05-02,naive,1.0,Naive Sentiment,Financials,2022-04-29,2022-04-28,0.04965857142857144,1.0,0.04965857142857144,1.0496585714285716
2022-04-29,2022-05-02,naive,1.0,Naive Sentiment,Healthcare,2022-04-29,2022-04-28,0.16209828571428572,1.0,0.16209828571428572,1.1620982857142856
2022-04-29,2022-05-02,naive,1.0,Naive Sentiment,Industrials,2022-04-29,2022-04-28,0.22206071428571428,1.0,0.22206071428571428,1.2220607142857143
2022-04-29,2022-05-02,naive,1.0,Naive Sentiment,Materials,2022-04-29,2022-04-28,0.025826666666666664,0.6,0.025826666666666664,1.0258266666666667
2022-04-29,2022-05-02,naive,1.0,Naive Sentiment,RealEstate,2022-04-29,2022-04-28,0.16131,0.4,0.16131,1.16131
2022-04-29,2022-05-02,naive,1.0,Naive Sentiment,Tech,2022-04-29,2022-04-28,0.10072965909090907,0.8,0.10072965909090907,1.100729659090909
2022-04-29,2022-05-02,naive,1.0,Naive Sentiment,Utilities,2022-04-29,2022-04-28,0.26132666666666665,1.0,0.26132666666666665,1.2613266666666667
2022-05-31,2022-06-01,coverage_rank,0.25,Coverage-Aware Rank Sentiment,Comm,2022-05-31,2022-05-27,0.24592,0.8,0.2666666666666666,1.0666666666666667
2022-05-31,2022-06-01,coverage_rank,0.25,Coverage-Aware Rank Sentiment,Consumer,2022-05-31,2022-05-27,0.251518,1.0,0.5555555555555556,1.1388888888888888
2022-05-31,2022-06-01,coverage_rank,0.25,Coverage-Aware Rank Sentiment,Energy,2022-05-31,2022-05-27,0.3015357142857143,1.0,0.7777777777777777,1.1944444444444444
2022-05-31,2022-06-01,coverage_rank,0.25,Coverage-Aware Rank Sentiment,Financials,2022-05-31,2022-05-27,0.11309,1.0,-0.11111111111111116,0.9722222222222222
2022-05-31,2022-06-01,coverage_rank,0.25,Coverage-Aware Rank Sentiment,Healthcare,2022-05-31,2022-05-27,0.039198666666666666,0.8,-0.4444444444444445,0.8888888888888888
2022-05-31,2022-06-01,coverage_rank,0.25,Coverage-Aware Rank Sentiment,Industrials,2022-05-31,2022-05-27,0.17660333333333333,1.0,0.11111111111111116,1.0277777777777777
2022-05-31,2022-06-01,coverage_rank,0.25,Coverage-Aware Rank Sentiment,Materials,2022-05-31,2022-05-27,-0.07432,0.4,-0.4,0.9
2022-05-31,2022-06-01,coverage_rank,0.25,Coverage-Aware Rank Sentiment,RealEstate,2022-05-31,2022-05-27,0.42277000000000003,0.8,0.8,1.2
2022-05-31,2022-06-01,coverage_rank,0.25,Coverage-Aware Rank Sentiment,Tech,2022-05-31,2022-05-27,0.010498888888888891,1.0,-0.7777777777777778,0.8055555555555556
2022-05-31,2022-06-01,coverage_rank,0.25,Coverage-Aware Rank Sentiment,Utilities,2022-05-31,2022-05-27,0.07636,0.2,-0.06666666666666668,0.9833333333333333
2022-05-31,2022-06-01,naive,1.0,Naive Sentiment,Comm,2022-05-31,2022-05-27,0.24592,0.8,0.24592,1.24592
2022-05-31,2022-06-01,naive,1.0,Naive Sentiment,Consumer,2022-05-31,2022-05-27,0.251518,1.0,0.251518,1.251518
2022-05-31,2022-06-01,naive,1.0,Naive Sentiment,Energy,2022-05-31,2022-05-27,0.3015357142857143,1.0,0.3015357142857143,1.3015357142857142
2022-05-31,2022-06-01,naive,1.0,Naive Sentiment,Financials,2022-05-31,2022-05-27,0.11309,1.0,0.11309,1.11309
2022-05-31,2022-06-01,naive,1.0,Naive Sentiment,Healthcare,2022-05-31,2022-05-27,0.039198666666666666,0.8,0.039198666666666666,1.0391986666666666
2022-05-31,2022-06-01,naive,1.0,Naive Sentiment,Industrials,2022-05-31,2022-05-27,0.17660333333333333,1.0,0.17660333333333333,1.1766033333333334
2022-05-31,2022-06-01,naive,1.0,Naive Sentiment,Materials,2022-05-31,2022-05-27,-0.07432,0.4,-0.07432,0.9256800000000001
2022-05-31,2022-06-01,naive,1.0,Naive Sentiment,RealEstate,2022-05-31,2022-05-27,0.42277000000000003,0.8,0.42277000000000003,1.42277
2022-05-31,2022-06-01,naive,1.0,Naive Sentiment,Tech,2022-05-31,2022-05-27,0.010498888888888891,1.0,0.010498888888888891,1.0104988888888888
2022-05-31,2022-06-01,naive,1.0,Naive Sentiment,Utilities,2022-05-31,2022-05-27,0.07636,0.2,0.07636,1.07636
2022-06-30,2022-07-01,coverage_rank,0.25,Coverage-Aware Rank Sentiment,Comm,2022-06-30,2022-06-29,0.005244999999999999,0.4,-0.4,0.9
2022-06-30,2022-07-01,coverage_rank,0.25,Coverage-Aware Rank Sentiment,Consumer,2022-06-30,2022-06-29,0.0681950735930736,1.0,-0.5555555555555556,0.8611111111111112
2022-06-30,2022-07-01,coverage_rank,0.25,Coverage-Aware Rank Sentiment,Energy,2022-06-30,2022-06-29,0.2410116043956044,0.8,0.4444444444444445,1.1111111111111112
2022-06-30,2022-07-01,coverage_rank,0.25,Coverage-Aware Rank Sentiment,Financials,2022-06-30,2022-06-29,0.09393833333333332,0.8,-0.2666666666666667,0.9333333333333333
2022-06-30,2022-07-01,coverage_rank,0.25,Coverage-Aware Rank Sentiment,Healthcare,2022-06-30,2022-06-29,0.3307419047619048,0.8,0.8,1.2
2022-06-30,2022-07-01,coverage_rank,0.25,Coverage-Aware Rank Sentiment,Industrials,2022-06-30,2022-06-29,0.18351333333333333,1.0,-0.11111111111111116,0.9722222222222222
2022-06-30,2022-07-01,coverage_rank,0.25,Coverage-Aware Rank Sentiment,Materials,2022-06-30,2022-06-29,0.034,0.4,-0.3111111111111111,0.9222222222222223
2022-06-30,2022-07-01,coverage_rank,0.25,Coverage-Aware Rank Sentiment,RealEstate,2022-06-30,2022-06-29,0.21565666666666666,0.8,0.08888888888888893,1.0222222222222221
2022-06-30,2022-07-01,coverage_rank,0.25,Coverage-Aware Rank Sentiment,Tech,2022-06-30,2022-06-29,0.23461222222222222,1.0,0.33333333333333326,1.0833333333333333
2022-06-30,2022-07-01,coverage_rank,0.25,Coverage-Aware Rank Sentiment,Utilities,2022-06-30,2022-06-29,0.2544866666666667,0.8,0.6222222222222222,1.1555555555555554
2022-06-30,2022-07-01,naive,1.0,Naive Sentiment,Comm,2022-06-30,2022-06-29,0.005244999999999999,0.4,0.005244999999999999,1.005245
2022-06-30,2022-07-01,naive,1.0,Naive Sentiment,Consumer,2022-06-30,2022-06-29,0.0681950735930736,1.0,0.0681950735930736,1.0681950735930736
2022-06-30,2022-07-01,naive,1.0,Naive Sentiment,Energy,2022-06-30,2022-06-29,0.2410116043956044,0.8,0.2410116043956044,1.2410116043956043
2022-06-30,2022-07-01,naive,1.0,Naive Sentiment,Financials,2022-06-30,2022-06-29,0.09393833333333332,0.8,0.09393833333333332,1.0939383333333332
2022-06-30,2022-07-01,naive,1.0,Naive Sentiment,Healthcare,2022-06-30,2022-06-29,0.3307419047619048,0.8,0.3307419047619048,1.3307419047619047
2022-06-30,2022-07-01,naive,1.0,Naive Sentiment,Industrials,2022-06-30,2022-06-29,0.18351333333333333,1.0,0.18351333333333333,1.1835133333333334
2022-06-30,2022-07-01,naive,1.0,Naive Sentiment,Materials,2022-06-30,2022-06-29,0.034,0.4,0.034,1.034
2022-06-30,2022-07-01,naive,1.0,Naive Sentiment,RealEstate,2022-06-30,2022-06-29,0.21565666666666666,0.8,0.21565666666666666,1.2156566666666666
2022-06-30,2022-07-01,naive,1.0,Naive Sentiment,Tech,2022-06-30,2022-06-29,0.23461222222222222,1.0,0.23461222222222222,1.2346122222222222
2022-06-30,2022-07-01,naive,1.0,Naive Sentiment,Utilities,2022-06-30,2022-06-29,0.2544866666666667,0.8,0.2544866666666667,1.2544866666666667
2022-07-29,2022-08-01,coverage_rank,0.25,Coverage-Aware Rank Sentiment,Comm,2022-07-29,2022-07-28,0.061545555555555555,0.6,-0.2,0.95
2022-07-29,2022-08-01,coverage_rank,0.25,Coverage-Aware Rank Sentiment,Consumer,2022-07-29,2022-07-28,0.12268666666666665,1.0,-0.11111111111111116,0.9722222222222222
2022-07-29,2022-08-01,coverage_rank,0.25,Coverage-Aware Rank Sentiment,Energy,2022-07-29,2022-07-28,0.1853037272727273,1.0,0.5555555555555556,1.1388888888888888
2022-07-29,2022-08-01,coverage_rank,0.25,Coverage-Aware Rank Sentiment,Financials,2022-07-29,2022-07-28,0.02680933333333333,1.0,-1.0,0.75
2022-07-29,2022-08-01,coverage_rank,0.25,Coverage-Aware Rank Sentiment,Healthcare,2022-07-29,2022-07-28,0.182584,1.0,0.33333333333333326,1.0833333333333333
2022-07-29,2022-08-01,coverage_rank,0.25,Coverage-Aware Rank Sentiment,Industrials,2022-07-29,2022-07-28,0.06034761904761905,0.6,-0.3333333333333333,0.9166666666666666
2022-07-29,2022-08-01,coverage_rank,0.25,Coverage-Aware Rank Sentiment,Materials,2022-07-29,2022-07-28,0.22986,0.6,0.46666666666666656,1.1166666666666667
2022-07-29,2022-08-01,coverage_rank,0.25,Coverage-Aware Rank Sentiment,RealEstate,2022-07-29,2022-07-28,0.17617333333333335,0.8,0.08888888888888893,1.0222222222222221
2022-07-29,2022-08-01,coverage_rank,0.25,Coverage-Aware Rank Sentiment,Tech,2022-07-29,2022-07-28,0.059955606060606056,0.8,-0.6222222222222222,0.8444444444444444
2022-07-29,2022-08-01,coverage_rank,0.25,Coverage-Aware Rank Sentiment,Utilities,2022-07-29,2022-07-28,0.35210952380952387,1.0,1.0,1.25
2022-07-29,2022-08-01,naive,1.0,Naive Sentiment,Comm,2022-07-29,2022-07-28,0.061545555555555555,0.6,0.061545555555555555,1.0615455555555555
2022-07-29,2022-08-01,naive,1.0,Naive Sentiment,Consumer,2022-07-29,2022-07-28,0.12268666666666665,1.0,0.12268666666666665,1.1226866666666666
2022-07-29,2022-08-01,naive,1.0,Naive Sentiment,Energy,2022-07-29,2022-07-28,0.1853037272727273,1.0,0.1853037272727273,1.1853037272727274
2022-07-29,2022-08-01,naive,1.0,Naive Sentiment,Financials,2022-07-29,2022-07-28,0.02680933333333333,1.0,0.02680933333333333,1.0268093333333332
2022-07-29,2022-08-01,naive,1.0,Naive Sentiment,Healthcare,2022-07-29,2022-07-28,0.182584,1.0,0.182584,1.182584
2022-07-29,2022-08-01,naive,1.0,Naive Sentiment,Industrials,2022-07-29,2022-07-28,0.06034761904761905,0.6,0.06034761904761905,1.060347619047619
2022-07-29,2022-08-01,naive,1.0,Naive Sentiment,Materials,2022-07-29,2022-07-28,0.22986,0.6,0.22986,1.22986
2022-07-29,2022-08-01,naive,1.0,Naive Sentiment,RealEstate,2022-07-29,2022-07-28,0.17617333333333335,0.8,0.17617333333333335,1.1761733333333333
2022-07-29,2022-08-01,naive,1.0,Naive Sentiment,Tech,2022-07-29,2022-07-28,0.059955606060606056,0.8,0.059955606060606056,1.0599556060606061
2022-07-29,2022-08-01,naive,1.0,Naive Sentiment,Utilities,2022-07-29,2022-07-28,0.35210952380952387,1.0,0.35210952380952387,1.3521095238095238
2022-08-31,2022-09-01,coverage_rank,0.25,Coverage-Aware Rank Sentiment,Comm,2022-08-31,2022-08-30,-0.10533999999999999,0.4,-0.4,0.9
2022-08-31,2022-09-01,coverage_rank,0.25,Coverage-Aware Rank Sentiment,Consumer,2022-08-31,2022-08-30,0.19072166666666665,1.0,1.0,1.25
2022-08-31,2022-09-01,coverage_rank,0.25,Coverage-Aware Rank Sentiment,Energy,2022-08-31,2022-08-30,0.17060714285714287,1.0,0.7777777777777777,1.1944444444444444
2022-08-31,2022-09-01,coverage_rank,0.25,Coverage-Aware Rank Sentiment,Financials,2022-08-31,2022-08-30,0.042483333333333324,0.8,-0.4444444444444445,0.8888888888888888
2022-08-31,2022-09-01,coverage_rank,0.25,Coverage-Aware Rank Sentiment,Healthcare,2022-08-31,2022-08-30,0.17037,0.8,0.4444444444444445,1.1111111111111112
2022-08-31,2022-09-01,coverage_rank,0.25,Coverage-Aware Rank Sentiment,Industrials,2022-08-31,2022-08-30,0.157555,0.8,0.08888888888888893,1.0222222222222221
2022-08-31,2022-09-01,coverage_rank,0.25,Coverage-Aware Rank Sentiment,Materials,2022-08-31,2022-08-30,0.02278,0.6,-0.4666666666666667,0.8833333333333333
2022-08-31,2022-09-01,coverage_rank,0.25,Coverage-Aware Rank Sentiment,RealEstate,2022-08-31,2022-08-30,0.15158,0.4,-0.04444444444444447,0.9888888888888889
2022-08-31,2022-09-01,coverage_rank,0.25,Coverage-Aware Rank Sentiment,Tech,2022-08-31,2022-08-30,0.16695100000000002,1.0,0.33333333333333326,1.0833333333333333
2022-08-31,2022-09-01,coverage_rank,0.25,Coverage-Aware Rank Sentiment,Utilities,2022-08-31,2022-08-30,0.06633499999999999,0.8,-0.2666666666666667,0.9333333333333333
2022-08-31,2022-09-01,naive,1.0,Naive Sentiment,Comm,2022-08-31,2022-08-30,-0.10533999999999999,0.4,-0.10533999999999999,0.89466
2022-08-31,2022-09-01,naive,1.0,Naive Sentiment,Consumer,2022-08-31,2022-08-30,0.19072166666666665,1.0,0.19072166666666665,1.1907216666666667
2022-08-31,2022-09-01,naive,1.0,Naive Sentiment,Energy,2022-08-31,2022-08-30,0.17060714285714287,1.0,0.17060714285714287,1.170607142857143
2022-08-31,2022-09-01,naive,1.0,Naive Sentiment,Financials,2022-08-31,2022-08-30,0.042483333333333324,0.8,0.042483333333333324,1.0424833333333334
2022-08-31,2022-09-01,naive,1.0,Naive Sentiment,Healthcare,2022-08-31,2022-08-30,0.17037,0.8,0.17037,1.17037
2022-08-31,2022-09-01,naive,1.0,Naive Sentiment,Industrials,2022-08-31,2022-08-30,0.157555,0.8,0.157555,1.157555
2022-08-31,2022-09-01,naive,1.0,Naive Sentiment,Materials,2022-08-31,2022-08-30,0.02278,0.6,0.02278,1.02278
2022-08-31,2022-09-01,naive,1.0,Naive Sentiment,RealEstate,2022-08-31,2022-08-30,0.15158,0.4,0.15158,1.15158
2022-08-31,2022-09-01,naive,1.0,Naive Sentiment,Tech,2022-08-31,2022-08-30,0.16695100000000002,1.0,0.16695100000000002,1.166951
2022-08-31,2022-09-01,naive,1.0,Naive Sentiment,Utilities,2022-08-31,2022-08-30,0.06633499999999999,0.8,0.06633499999999999,1.066335
2022-09-30,2022-10-03,coverage_rank,0.25,Coverage-Aware Rank Sentiment,Comm,2022-09-30,2022-09-29,0.10394,0.8,0.08888888888888893,1.0222222222222221
2022-09-30,2022-10-03,coverage_rank,0.25,Coverage-Aware Rank Sentiment,Consumer,2022-09-30,2022-09-29,0.1924744761904762,1.0,0.7777777777777777,1.1944444444444444
2022-09-30,2022-10-03,coverage_rank,0.25,Coverage-Aware Rank Sentiment,Energy,2022-09-30,2022-09-29,0.18788066666666667,0.8,0.4444444444444445,1.1111111111111112
2022-09-30,2022-10-03,coverage_rank,0.25,Coverage-Aware Rank Sentiment,Financials,2022-09-30,2022-09-29,0.10194055555555555,1.0,-0.11111111111111116,0.9722222222222222
2022-09-30,2022-10-03,coverage_rank,0.25,Coverage-Aware Rank Sentiment,Healthcare,2022-09-30,2022-09-29,0.21642,0.8,0.8,1.2
2022-09-30,2022-10-03,coverage_rank,0.25,Coverage-Aware Rank Sentiment,Industrials,2022-09-30,2022-09-29,0.04576,0.8,-0.4444444444444445,0.8888888888888888
2022-09-30,2022-10-03,coverage_rank,0.25,Coverage-Aware Rank Sentiment,Materials,2022-09-30,2022-09-29,0.0,0.2,-0.17777777777777778,0.9555555555555556
2022-09-30,2022-10-03,coverage_rank,0.25,Coverage-Aware Rank Sentiment,RealEstate,2022-09-30,2022-09-29,0.0,0.2,-0.17777777777777778,0.9555555555555556
2022-09-30,2022-10-03,coverage_rank,0.25,Coverage-Aware Rank Sentiment,Tech,2022-09-30,2022-09-29,0.15815031818181818,1.0,0.33333333333333326,1.0833333333333333
2022-09-30,2022-10-03,coverage_rank,0.25,Coverage-Aware Rank Sentiment,Utilities,2022-09-30,2022-09-29,0.07636,0.2,-0.06666666666666668,0.9833333333333333
2022-09-30,2022-10-03,naive,1.0,Naive Sentiment,Comm,2022-09-30,2022-09-29,0.10394,0.8,0.10394,1.10394
2022-09-30,2022-10-03,naive,1.0,Naive Sentiment,Consumer,2022-09-30,2022-09-29,0.1924744761904762,1.0,0.1924744761904762,1.1924744761904762
2022-09-30,2022-10-03,naive,1.0,Naive Sentiment,Energy,2022-09-30,2022-09-29,0.18788066666666667,0.8,0.18788066666666667,1.1878806666666666
2022-09-30,2022-10-03,naive,1.0,Naive Sentiment,Financials,2022-09-30,2022-09-29,0.10194055555555555,1.0,0.10194055555555555,1.1019405555555555
2022-09-30,2022-10-03,naive,1.0,Naive Sentiment,Healthcare,2022-09-30,2022-09-29,0.21642,0.8,0.21642,1.21642
2022-09-30,2022-10-03,naive,1.0,Naive Sentiment,Industrials,2022-09-30,2022-09-29,0.04576,0.8,0.04576,1.04576
2022-09-30,2022-10-03,naive,1.0,Naive Sentiment,Materials,2022-09-30,2022-09-29,0.0,0.2,0.0,1.0
2022-09-30,2022-10-03,naive,1.0,Naive Sentiment,RealEstate,2022-09-30,2022-09-29,0.0,0.2,0.0,1.0
2022-09-30,2022-10-03,naive,1.0,Naive Sentiment,Tech,2022-09-30,2022-09-29,0.15815031818181818,1.0,0.15815031818181818,1.1581503181818182
2022-09-30,2022-10-03,naive,1.0,Naive Sentiment,Utilities,2022-09-30,2022-09-29,0.07636,0.2,0.07636,1.07636
2022-10-31,2022-11-01,coverage_rank,0.25,Coverage-Aware Rank Sentiment,Comm,2022-10-31,2022-10-28,0.19339714285714288,0.8,0.6222222222222222,1.1555555555555554
2022-10-31,2022-11-01,coverage_rank,0.25,Coverage-Aware Rank Sentiment,Consumer,2022-10-31,2022-10-28,0.108868,1.0,-0.33333333333333337,0.9166666666666666
2022-10-31,2022-11-01,coverage_rank,0.25,Coverage-Aware Rank Sentiment,Energy,2022-10-31,2022-10-28,0.17143899999999998,1.0,0.33333333333333326,1.0833333333333333
2022-10-31,2022-11-01,coverage_rank,0.25,Coverage-Aware Rank Sentiment,Financials,2022-10-31,2022-10-28,0.16203,1.0,0.11111111111111116,1.0277777777777777
2022-10-31,2022-11-01,coverage_rank,0.25,Coverage-Aware Rank Sentiment,Healthcare,2022-10-31,2022-10-28,0.18155000000000002,1.0,0.5555555555555556,1.1388888888888888
2022-10-31,2022-11-01,coverage_rank,0.25,Coverage-Aware Rank Sentiment,Industrials,2022-10-31,2022-10-28,0.15372999999999998,0.8,-0.08888888888888893,0.9777777777777777
2022-10-31,2022-11-01,coverage_rank,0.25,Coverage-Aware Rank Sentiment,Materials,2022-10-31,2022-10-28,0.0,0.4,-0.35555555555555557,0.9111111111111111
2022-10-31,2022-11-01,coverage_rank,0.25,Coverage-Aware Rank Sentiment,RealEstate,2022-10-31,2022-10-28,0.0,0.2,-0.17777777777777778,0.9555555555555556
2022-10-31,2022-11-01,coverage_rank,0.25,Coverage-Aware Rank Sentiment,Tech,2022-10-31,2022-10-28,0.07680424242424241,0.8,-0.4444444444444445,0.8888888888888888
2022-10-31,2022-11-01,coverage_rank,0.25,Coverage-Aware Rank Sentiment,Utilities,2022-10-31,2022-10-28,0.2250288888888889,0.8,0.8,1.2
2022-10-31,2022-11-01,naive,1.0,Naive Sentiment,Comm,2022-10-31,2022-10-28,0.19339714285714288,0.8,0.19339714285714288,1.1933971428571428
2022-10-31,2022-11-01,naive,1.0,Naive Sentiment,Consumer,2022-10-31,2022-10-28,0.108868,1.0,0.108868,1.108868
2022-10-31,2022-11-01,naive,1.0,Naive Sentiment,Energy,2022-10-31,2022-10-28,0.17143899999999998,1.0,0.17143899999999998,1.171439
2022-10-31,2022-11-01,naive,1.0,Naive Sentiment,Financials,2022-10-31,2022-10-28,0.16203,1.0,0.16203,1.1620300000000001
2022-10-31,2022-11-01,naive,1.0,Naive Sentiment,Healthcare,2022-10-31,2022-10-28,0.18155000000000002,1.0,0.18155000000000002,1.18155
2022-10-31,2022-11-01,naive,1.0,Naive Sentiment,Industrials,2022-10-31,2022-10-28,0.15372999999999998,0.8,0.15372999999999998,1.15373
2022-10-31,2022-11-01,naive,1.0,Naive Sentiment,Materials,2022-10-31,2022-10-28,0.0,0.4,0.0,1.0
2022-10-31,2022-11-01,naive,1.0,Naive Sentiment,RealEstate,2022-10-31,2022-10-28,0.0,0.2,0.0,1.0
2022-10-31,2022-11-01,naive,1.0,Naive Sentiment,Tech,2022-10-31,2022-10-28,0.07680424242424241,0.8,0.07680424242424241,1.0768042424242423
2022-10-31,2022-11-01,naive,1.0,Naive Sentiment,Utilities,2022-10-31,2022-10-28,0.2250288888888889,0.8,0.2250288888888889,1.225028888888889
2022-11-30,2022-12-01,coverage_rank,0.25,Coverage-Aware Rank Sentiment,Comm,2022-11-30,2022-11-29,0.2244066666666667,0.6,0.46666666666666656,1.1166666666666667
2022-11-30,2022-12-01,coverage_rank,0.25,Coverage-Aware Rank Sentiment,Consumer,2022-11-30,2022-11-29,0.17645777777777777,0.8,0.08888888888888893,1.0222222222222221
2022-11-30,2022-12-01,coverage_rank,0.25,Coverage-Aware Rank Sentiment,Energy,2022-11-30,2022-11-29,0.053108636363636365,1.0,-0.33333333333333337,0.9166666666666666
2022-11-30,2022-12-01,coverage_rank,0.25,Coverage-Aware Rank Sentiment,Financials,2022-11-30,2022-11-29,0.2698966666666667,0.6,0.6,1.15
2022-11-30,2022-12-01,coverage_rank,0.25,Coverage-Aware Rank Sentiment,Healthcare,2022-11-30,2022-11-29,0.19279000000000002,1.0,0.5555555555555556,1.1388888888888888
2022-11-30,2022-12-01,coverage_rank,0.25,Coverage-Aware Rank Sentiment,Industrials,2022-11-30,2022-11-29,0.16576,0.8,-0.08888888888888893,0.9777777777777777
2022-11-30,2022-12-01,coverage_rank,0.25,Coverage-Aware Rank Sentiment,Materials,2022-11-30,2022-11-29,0.02294,0.6,-0.4666666666666667,0.8833333333333333
2022-11-30,2022-12-01,coverage_rank,0.25,Coverage-Aware Rank Sentiment,RealEstate,2022-11-30,2022-11-29,0.0,0.0,-0.0,1.0
2022-11-30,2022-12-01,coverage_rank,0.25,Coverage-Aware Rank Sentiment,Tech,2022-11-30,2022-11-29,0.046520000000000006,1.0,-0.5555555555555556,0.8611111111111112
2022-11-30,2022-12-01,coverage_rank,0.25,Coverage-Aware Rank Sentiment,Utilities,2022-11-30,2022-11-29,0.18246,0.6,0.19999999999999996,1.05
2022-11-30,2022-12-01,naive,1.0,Naive Sentiment,Comm,2022-11-30,2022-11-29,0.2244066666666667,0.6,0.2244066666666667,1.2244066666666666
2022-11-30,2022-12-01,naive,1.0,Naive Sentiment,Consumer,2022-11-30,2022-11-29,0.17645777777777777,0.8,0.17645777777777777,1.1764577777777778
2022-11-30,2022-12-01,naive,1.0,Naive Sentiment,Energy,2022-11-30,2022-11-29,0.053108636363636365,1.0,0.053108636363636365,1.0531086363636364
2022-11-30,2022-12-01,naive,1.0,Naive Sentiment,Financials,2022-11-30,2022-11-29,0.2698966666666667,0.6,0.2698966666666667,1.2698966666666667
2022-11-30,2022-12-01,naive,1.0,Naive Sentiment,Healthcare,2022-11-30,2022-11-29,0.19279000000000002,1.0,0.19279000000000002,1.19279
2022-11-30,2022-12-01,naive,1.0,Naive Sentiment,Industrials,2022-11-30,2022-11-29,0.16576,0.8,0.16576,1.16576
2022-11-30,2022-12-01,naive,1.0,Naive Sentiment,Materials,2022-11-30,2022-11-29,0.02294,0.6,0.02294,1.02294
2022-11-30,2022-12-01,naive,1.0,Naive Sentiment,RealEstate,2022-11-30,2022-11-29,0.0,0.0,0.0,1.0
2022-11-30,2022-12-01,naive,1.0,Naive Sentiment,Tech,2022-11-30,2022-11-29,0.046520000000000006,1.0,0.046520000000000006,1.0465200000000001
2022-11-30,2022-12-01,naive,1.0,Naive Sentiment,Utilities,2022-11-30,2022-11-29,0.18246,0.6,0.18246,1.18246
2022-12-30,2023-01-03,coverage_rank,0.25,Coverage-Aware Rank Sentiment,Comm,2022-12-30,2022-12-29,0.024359999999999993,0.6,-0.6,0.85
2022-12-30,2023-01-03,coverage_rank,0.25,Coverage-Aware Rank Sentiment,Consumer,2022-12-30,2022-12-29,0.18288888888888888,1.0,0.5555555555555556,1.1388888888888888
2022-12-30,2023-01-03,coverage_rank,0.25,Coverage-Aware Rank Sentiment,Energy,2022-12-30,2022-12-29,0.04349785714285715,0.8,-0.6222222222222222,0.8444444444444444
2022-12-30,2023-01-03,coverage_rank,0.25,Coverage-Aware Rank Sentiment,Financials,2022-12-30,2022-12-29,0.08195999999999999,1.0,-0.11111111111111116,0.9722222222222222
2022-12-30,2023-01-03,coverage_rank,0.25,Coverage-Aware Rank Sentiment,Healthcare,2022-12-30,2022-12-29,0.222256,0.8,0.6222222222222222,1.1555555555555554
2022-12-30,2023-01-03,coverage_rank,0.25,Coverage-Aware Rank Sentiment,Industrials,2022-12-30,2022-12-29,0.14626166666666668,0.8,0.2666666666666666,1.0666666666666667
2022-12-30,2023-01-03,coverage_rank,0.25,Coverage-Aware Rank Sentiment,Materials,2022-12-30,2022-12-29,0.10377,0.4,0.04444444444444447,1.011111111111111
2022-12-30,2023-01-03,coverage_rank,0.25,Coverage-Aware Rank Sentiment,RealEstate,2022-12-30,2022-12-29,0.08092,0.8,-0.2666666666666667,0.9333333333333333
2022-12-30,2023-01-03,coverage_rank,0.25,Coverage-Aware Rank Sentiment,Tech,2022-12-30,2022-12-29,0.25610666666666665,1.0,1.0,1.25
2022-12-30,2023-01-03,coverage_rank,0.25,Coverage-Aware Rank Sentiment,Utilities,2022-12-30,2022-12-29,0.06384,0.4,-0.22222222222222224,0.9444444444444444
2022-12-30,2023-01-03,naive,1.0,Naive Sentiment,Comm,2022-12-30,2022-12-29,0.024359999999999993,0.6,0.024359999999999993,1.02436
2022-12-30,2023-01-03,naive,1.0,Naive Sentiment,Consumer,2022-12-30,2022-12-29,0.18288888888888888,1.0,0.18288888888888888,1.1828888888888889
2022-12-30,2023-01-03,naive,1.0,Naive Sentiment,Energy,2022-12-30,2022-12-29,0.04349785714285715,0.8,0.04349785714285715,1.0434978571428573
2022-12-30,2023-01-03,naive,1.0,Naive Sentiment,Financials,2022-12-30,2022-12-29,0.08195999999999999,1.0,0.08195999999999999,1.08196
2022-12-30,2023-01-03,naive,1.0,Naive Sentiment,Healthcare,2022-12-30,2022-12-29,0.222256,0.8,0.222256,1.222256
2022-12-30,2023-01-03,naive,1.0,Naive Sentiment,Industrials,2022-12-30,2022-12-29,0.14626166666666668,0.8,0.14626166666666668,1.1462616666666667
2022-12-30,2023-01-03,naive,1.0,Naive Sentiment,Materials,2022-12-30,2022-12-29,0.10377,0.4,0.10377,1.10377
2022-12-30,2023-01-03,naive,1.0,Naive Sentiment,RealEstate,2022-12-30,2022-12-29,0.08092,0.8,0.08092,1.08092
2022-12-30,2023-01-03,naive,1.0,Naive Sentiment,Tech,2022-12-30,2022-12-29,0.25610666666666665,1.0,0.25610666666666665,1.2561066666666667
2022-12-30,2023-01-03,naive,1.0,Naive Sentiment,Utilities,2022-12-30,2022-12-29,0.06384,0.4,0.06384,1.06384
2023-01-31,2023-02-01,coverage_rank,0.25,Coverage-Aware Rank Sentiment,Comm,2023-01-31,2023-01-30,0.100545,0.6,-0.6,0.85
2023-01-31,2023-02-01,coverage_rank,0.25,Coverage-Aware Rank Sentiment,Consumer,2023-01-31,2023-01-30,0.1272272222222222,1.0,-0.5555555555555556,0.8611111111111112
2023-01-31,2023-02-01,coverage_rank,0.25,Coverage-Aware Rank Sentiment,Energy,2023-01-31,2023-01-30,0.2120987878787879,1.0,0.5555555555555556,1.1388888888888888
2023-01-31,2023-02-01,coverage_rank,0.25,Coverage-Aware Rank Sentiment,Financials,2023-01-31,2023-01-30,0.1610366666666667,1.0,0.11111111111111116,1.0277777777777777
2023-01-31,2023-02-01,coverage_rank,0.25,Coverage-Aware Rank Sentiment,Healthcare,2023-01-31,2023-01-30,0.26572300000000004,1.0,1.0,1.25
2023-01-31,2023-02-01,coverage_rank,0.25,Coverage-Aware Rank Sentiment,Industrials,2023-01-31,2023-01-30,0.140824,0.8,-0.08888888888888893,0.9777777777777777
2023-01-31,2023-02-01,coverage_rank,0.25,Coverage-Aware Rank Sentiment,Materials,2023-01-31,2023-01-30,0.162175,0.4,0.1333333333333333,1.0333333333333332
2023-01-31,2023-02-01,coverage_rank,0.25,Coverage-Aware Rank Sentiment,RealEstate,2023-01-31,2023-01-30,0.250355,0.8,0.6222222222222222,1.1555555555555554
2023-01-31,2023-02-01,coverage_rank,0.25,Coverage-Aware Rank Sentiment,Tech,2023-01-31,2023-01-30,0.12766264957264956,1.0,-0.33333333333333337,0.9166666666666666
2023-01-31,2023-02-01,coverage_rank,0.25,Coverage-Aware Rank Sentiment,Utilities,2023-01-31,2023-01-30,0.11356000000000002,0.6,-0.4666666666666667,0.8833333333333333
2023-01-31,2023-02-01,naive,1.0,Naive Sentiment,Comm,2023-01-31,2023-01-30,0.100545,0.6,0.100545,1.1005449999999999
2023-01-31,2023-02-01,naive,1.0,Naive Sentiment,Consumer,2023-01-31,2023-01-30,0.1272272222222222,1.0,0.1272272222222222,1.1272272222222222
2023-01-31,2023-02-01,naive,1.0,Naive Sentiment,Energy,2023-01-31,2023-01-30,0.2120987878787879,1.0,0.2120987878787879,1.2120987878787879
2023-01-31,2023-02-01,naive,1.0,Naive Sentiment,Financials,2023-01-31,2023-01-30,0.1610366666666667,1.0,0.1610366666666667,1.1610366666666667
2023-01-31,2023-02-01,naive,1.0,Naive Sentiment,Healthcare,2023-01-31,2023-01-30,0.26572300000000004,1.0,0.26572300000000004,1.265723
2023-01-31,2023-02-01,naive,1.0,Naive Sentiment,Industrials,2023-01-31,2023-01-30,0.140824,0.8,0.140824,1.140824
2023-01-31,2023-02-01,naive,1.0,Naive Sentiment,Materials,2023-01-31,2023-01-30,0.162175,0.4,0.162175,1.162175
2023-01-31,2023-02-01,naive,1.0,Naive Sentiment,RealEstate,2023-01-31,2023-01-30,0.250355,0.8,0.250355,1.2503549999999999
2023-01-31,2023-02-01,naive,1.0,Naive Sentiment,Tech,2023-01-31,2023-01-30,0.12766264957264956,1.0,0.12766264957264956,1.1276626495726496
2023-01-31,2023-02-01,naive,1.0,Naive Sentiment,Utilities,2023-01-31,2023-01-30,0.11356000000000002,0.6,0.11356000000000002,1.11356
2023-02-28,2023-03-01,coverage_rank,0.25,Coverage-Aware Rank Sentiment,Comm,2023-02-28,2023-02-27,0.11113999999999999,0.6,-0.0666666666666667,0.9833333333333333
2023-02-28,2023-03-01,coverage_rank,0.25,Coverage-Aware Rank Sentiment,Consumer,2023-02-28,2023-02-27,0.10981566666666667,1.0,-0.33333333333333337,0.9166666666666666
2023-02-28,2023-03-01,coverage_rank,0.25,Coverage-Aware Rank Sentiment,Energy,2023-02-28,2023-02-27,0.04461152380952381,1.0,-0.7777777777777778,0.8055555555555556
2023-02-28,2023-03-01,coverage_rank,0.25,Coverage-Aware Rank Sentiment,Financials,2023-02-28,2023-02-27,-0.0035225000000000005,1.0,-1.0,0.75
2023-02-28,2023-03-01,coverage_rank,0.25,Coverage-Aware Rank Sentiment,Healthcare,2023-02-28,2023-02-27,0.1698109523809524,1.0,0.33333333333333326,1.0833333333333333
2023-02-28,2023-03-01,coverage_rank,0.25,Coverage-Aware Rank Sentiment,Industrials,2023-02-28,2023-02-27,0.070885,0.8,-0.4444444444444445,0.8888888888888888
2023-02-28,2023-03-01,coverage_rank,0.25,Coverage-Aware Rank Sentiment,Materials,2023-02-28,2023-02-27,0.2454,0.8,0.6222222222222222,1.1555555555555554
2023-02-28,2023-03-01,coverage_rank,0.25,Coverage-Aware Rank Sentiment,RealEstate,2023-02-28,2023-02-27,0.3260466666666667,1.0,1.0,1.25
2023-02-28,2023-03-01,coverage_rank,0.25,Coverage-Aware Rank Sentiment,Tech,2023-02-28,2023-02-27,0.14444976190476191,1.0,0.11111111111111116,1.0277777777777777
2023-02-28,2023-03-01,coverage_rank,0.25,Coverage-Aware Rank Sentiment,Utilities,2023-02-28,2023-02-27,0.22647499999999998,1.0,0.5555555555555556,1.1388888888888888
2023-02-28,2023-03-01,naive,1.0,Naive Sentiment,Comm,2023-02-28,2023-02-27,0.11113999999999999,0.6,0.11113999999999999,1.11114
2023-02-28,2023-03-01,naive,1.0,Naive Sentiment,Consumer,2023-02-28,2023-02-27,0.10981566666666667,1.0,0.10981566666666667,1.1098156666666668
2023-02-28,2023-03-01,naive,1.0,Naive Sentiment,Energy,2023-02-28,2023-02-27,0.04461152380952381,1.0,0.04461152380952381,1.0446115238095237
2023-02-28,2023-03-01,naive,1.0,Naive Sentiment,Financials,2023-02-28,2023-02-27,-0.0035225000000000005,1.0,-0.0035225000000000005,0.9964775
2023-02-28,2023-03-01,naive,1.0,Naive Sentiment,Healthcare,2023-02-28,2023-02-27,0.1698109523809524,1.0,0.1698109523809524,1.1698109523809523
2023-02-28,2023-03-01,naive,1.0,Naive Sentiment,Industrials,2023-02-28,2023-02-27,0.070885,0.8,0.070885,1.070885
2023-02-28,2023-03-01,naive,1.0,Naive Sentiment,Materials,2023-02-28,2023-02-27,0.2454,0.8,0.2454,1.2454
2023-02-28,2023-03-01,naive,1.0,Naive Sentiment,RealEstate,2023-02-28,2023-02-27,0.3260466666666667,1.0,0.3260466666666667,1.3260466666666666
2023-02-28,2023-03-01,naive,1.0,Naive Sentiment,Tech,2023-02-28,2023-02-27,0.14444976190476191,1.0,0.14444976190476191,1.144449761904762
2023-02-28,2023-03-01,naive,1.0,Naive Sentiment,Utilities,2023-02-28,2023-02-27,0.22647499999999998,1.0,0.22647499999999998,1.226475
2023-03-31,2023-04-03,coverage_rank,0.25,Coverage-Aware Rank Sentiment,Comm,2023-03-31,2023-03-30,0.19775333333333334,0.8,0.2666666666666666,1.0666666666666667
2023-03-31,2023-04-03,coverage_rank,0.25,Coverage-Aware Rank Sentiment,Consumer,2023-03-31,2023-03-30,0.1927151282051282,1.0,-0.11111111111111116,0.9722222222222222
2023-03-31,2023-04-03,coverage_rank,0.25,Coverage-Aware Rank Sentiment,Energy,2023-03-31,2023-03-30,0.07989666666666667,1.0,-0.7777777777777778,0.8055555555555556
2023-03-31,2023-04-03,coverage_rank,0.25,Coverage-Aware Rank Sentiment,Financials,2023-03-31,2023-03-30,0.25678047619047617,0.8,0.8,1.2
2023-03-31,2023-04-03,coverage_rank,0.25,Coverage-Aware Rank Sentiment,Healthcare,2023-03-31,2023-03-30,0.04583833333333334,0.8,-0.8,0.8
2023-03-31,2023-04-03,coverage_rank,0.25,Coverage-Aware Rank Sentiment,Industrials,2023-03-31,2023-03-30,0.19546666666666665,0.6,0.0666666666666667,1.0166666666666666
2023-03-31,2023-04-03,coverage_rank,0.25,Coverage-Aware Rank Sentiment,Materials,2023-03-31,2023-03-30,0.09992999999999999,0.6,-0.3333333333333333,0.9166666666666666
2023-03-31,2023-04-03,coverage_rank,0.25,Coverage-Aware Rank Sentiment,RealEstate,2023-03-31,2023-03-30,0.18566333333333335,0.6,-0.2,0.95
2023-03-31,2023-04-03,coverage_rank,0.25,Coverage-Aware Rank Sentiment,Tech,2023-03-31,2023-03-30,0.21090923809523807,1.0,0.5555555555555556,1.1388888888888888
2023-03-31,2023-04-03,coverage_rank,0.25,Coverage-Aware Rank Sentiment,Utilities,2023-03-31,2023-03-30,0.24053,0.8,0.6222222222222222,1.1555555555555554
2023-03-31,2023-04-03,naive,1.0,Naive Sentiment,Comm,2023-03-31,2023-03-30,0.19775333333333334,0.8,0.19775333333333334,1.1977533333333334
2023-03-31,2023-04-03,naive,1.0,Naive Sentiment,Consumer,2023-03-31,2023-03-30,0.1927151282051282,1.0,0.1927151282051282,1.1927151282051283
2023-03-31,2023-04-03,naive,1.0,Naive Sentiment,Energy,2023-03-31,2023-03-30,0.07989666666666667,1.0,0.07989666666666667,1.0798966666666667
2023-03-31,2023-04-03,naive,1.0,Naive Sentiment,Financials,2023-03-31,2023-03-30,0.25678047619047617,0.8,0.25678047619047617,1.2567804761904762
2023-03-31,2023-04-03,naive,1.0,Naive Sentiment,Healthcare,2023-03-31,2023-03-30,0.04583833333333334,0.8,0.04583833333333334,1.0458383333333334
2023-03-31,2023-04-03,naive,1.0,Naive Sentiment,Industrials,2023-03-31,2023-03-30,0.19546666666666665,0.6,0.19546666666666665,1.1954666666666667
2023-03-31,2023-04-03,naive,1.0,Naive Sentiment,Materials,2023-03-31,2023-03-30,0.09992999999999999,0.6,0.09992999999999999,1.09993
2023-03-31,2023-04-03,naive,1.0,Naive Sentiment,RealEstate,2023-03-31,2023-03-30,0.18566333333333335,0.6,0.18566333333333335,1.1856633333333333
2023-03-31,2023-04-03,naive,1.0,Naive Sentiment,Tech,2023-03-31,2023-03-30,0.21090923809523807,1.0,0.21090923809523807,1.210909238095238
2023-03-31,2023-04-03,naive,1.0,Naive Sentiment,Utilities,2023-03-31,2023-03-30,0.24053,0.8,0.24053,1.24053
2023-04-28,2023-05-01,coverage_rank,0.25,Coverage-Aware Rank Sentiment,Comm,2023-04-28,2023-04-27,0.12635396825396825,1.0,-0.11111111111111116,0.9722222222222222
2023-04-28,2023-05-01,coverage_rank,0.25,Coverage-Aware Rank Sentiment,Consumer,2023-04-28,2023-04-27,0.08976333333333333,1.0,-0.5555555555555556,0.8611111111111112
2023-04-28,2023-05-01,coverage_rank,0.25,Coverage-Aware Rank Sentiment,Energy,2023-04-28,2023-04-27,0.13237966666666667,1.0,0.33333333333333326,1.0833333333333333
2023-04-28,2023-05-01,coverage_rank,0.25,Coverage-Aware Rank Sentiment,Financials,2023-04-28,2023-04-27,0.25369933333333333,0.8,0.8,1.2
2023-04-28,2023-05-01,coverage_rank,0.25,Coverage-Aware Rank Sentiment,Healthcare,2023-04-28,2023-04-27,0.12639755952380952,1.0,0.11111111111111116,1.0277777777777777
2023-04-28,2023-05-01,coverage_rank,0.25,Coverage-Aware Rank Sentiment,Industrials,2023-04-28,2023-04-27,0.167325,0.8,0.4444444444444445,1.1111111111111112
2023-04-28,2023-05-01,coverage_rank,0.25,Coverage-Aware Rank Sentiment,Materials,2023-04-28,2023-04-27,0.08132,1.0,-0.7777777777777778,0.8055555555555556
2023-04-28,2023-05-01,coverage_rank,0.25,Coverage-Aware Rank Sentiment,RealEstate,2023-04-28,2023-04-27,0.03544,0.4,-0.4,0.9
2023-04-28,2023-05-01,coverage_rank,0.25,Coverage-Aware Rank Sentiment,Tech,2023-04-28,2023-04-27,0.12434500000000001,1.0,-0.33333333333333337,0.9166666666666666
2023-04-28,2023-05-01,coverage_rank,0.25,Coverage-Aware Rank Sentiment,Utilities,2023-04-28,2023-04-27,0.24336000000000002,1.0,0.7777777777777777,1.1944444444444444
2023-04-28,2023-05-01,naive,1.0,Naive Sentiment,Comm,2023-04-28,2023-04-27,0.12635396825396825,1.0,0.12635396825396825,1.1263539682539683
2023-04-28,2023-05-01,naive,1.0,Naive Sentiment,Consumer,2023-04-28,2023-04-27,0.08976333333333333,1.0,0.08976333333333333,1.0897633333333334
2023-04-28,2023-05-01,naive,1.0,Naive Sentiment,Energy,2023-04-28,2023-04-27,0.13237966666666667,1.0,0.13237966666666667,1.1323796666666666
2023-04-28,2023-05-01,naive,1.0,Naive Sentiment,Financials,2023-04-28,2023-04-27,0.25369933333333333,0.8,0.25369933333333333,1.2536993333333333
2023-04-28,2023-05-01,naive,1.0,Naive Sentiment,Healthcare,2023-04-28,2023-04-27,0.12639755952380952,1.0,0.12639755952380952,1.1263975595238096
2023-04-28,2023-05-01,naive,1.0,Naive Sentiment,Industrials,2023-04-28,2023-04-27,0.167325,0.8,0.167325,1.167325
2023-04-28,2023-05-01,naive,1.0,Naive Sentiment,Materials,2023-04-28,2023-04-27,0.08132,1.0,0.08132,1.08132
2023-04-28,2023-05-01,naive,1.0,Naive Sentiment,RealEstate,2023-04-28,2023-04-27,0.03544,0.4,0.03544,1.03544
2023-04-28,2023-05-01,naive,1.0,Naive Sentiment,Tech,2023-04-28,2023-04-27,0.12434500000000001,1.0,0.12434500000000001,1.124345
2023-04-28,2023-05-01,naive,1.0,Naive Sentiment,Utilities,2023-04-28,2023-04-27,0.24336000000000002,1.0,0.24336000000000002,1.24336
2023-05-31,2023-06-01,coverage_rank,0.25,Coverage-Aware Rank Sentiment,Comm,2023-05-31,2023-05-30,0.00357666666666667,0.8,-0.8,0.8
2023-05-31,2023-06-01,coverage_rank,0.25,Coverage-Aware Rank Sentiment,Consumer,2023-05-31,2023-05-30,0.19742779220779222,1.0,0.5555555555555556,1.1388888888888888
2023-05-31,2023-06-01,coverage_rank,0.25,Coverage-Aware Rank Sentiment,Energy,2023-05-31,2023-05-30,0.18461809523809522,1.0,0.33333333333333326,1.0833333333333333
2023-05-31,2023-06-01,coverage_rank,0.25,Coverage-Aware Rank Sentiment,Financials,2023-05-31,2023-05-30,0.12171980952380952,1.0,-0.33333333333333337,0.9166666666666666
2023-05-31,2023-06-01,coverage_rank,0.25,Coverage-Aware Rank Sentiment,Healthcare,2023-05-31,2023-05-30,0.29069500000000004,1.0,1.0,1.25
2023-05-31,2023-06-01,coverage_rank,0.25,Coverage-Aware Rank Sentiment,Industrials,2023-05-31,2023-05-30,0.06942333333333332,0.8,-0.6222222222222222,0.8444444444444444
2023-05-31,2023-06-01,coverage_rank,0.25,Coverage-Aware Rank Sentiment,Materials,2023-05-31,2023-05-30,0.20615466666666665,0.6,0.46666666666666656,1.1166666666666667
2023-05-31,2023-06-01,coverage_rank,0.25,Coverage-Aware Rank Sentiment,RealEstate,2023-05-31,2023-05-30,0.15797,1.0,0.11111111111111116,1.0277777777777777
2023-05-31,2023-06-01,coverage_rank,0.25,Coverage-Aware Rank Sentiment,Tech,2023-05-31,2023-05-30,0.14743596464646463,1.0,-0.11111111111111116,0.9722222222222222
2023-05-31,2023-06-01,coverage_rank,0.25,Coverage-Aware Rank Sentiment,Utilities,2023-05-31,2023-05-30,0.09073333333333333,0.8,-0.4444444444444445,0.8888888888888888
2023-05-31,2023-06-01,naive,1.0,Naive Sentiment,Comm,2023-05-31,2023-05-30,0.00357666666666667,0.8,0.00357666666666667,1.0035766666666666
2023-05-31,2023-06-01,naive,1.0,Naive Sentiment,Consumer,2023-05-31,2023-05-30,0.19742779220779222,1.0,0.19742779220779222,1.1974277922077923
2023-05-31,2023-06-01,naive,1.0,Naive Sentiment,Energy,2023-05-31,2023-05-30,0.18461809523809522,1.0,0.18461809523809522,1.1846180952380951
2023-05-31,2023-06-01,naive,1.0,Naive Sentiment,Financials,2023-05-31,2023-05-30,0.12171980952380952,1.0,0.12171980952380952,1.1217198095238095
2023-05-31,2023-06-01,naive,1.0,Naive Sentiment,Healthcare,2023-05-31,2023-05-30,0.29069500000000004,1.0,0.29069500000000004,1.290695
2023-05-31,2023-06-01,naive,1.0,Naive Sentiment,Industrials,2023-05-31,2023-05-30,0.06942333333333332,0.8,0.06942333333333332,1.0694233333333334
2023-05-31,2023-06-01,naive,1.0,Naive Sentiment,Materials,2023-05-31,2023-05-30,0.20615466666666665,0.6,0.20615466666666665,1.2061546666666667
2023-05-31,2023-06-01,naive,1.0,Naive Sentiment,RealEstate,2023-05-31,2023-05-30,0.15797,1.0,0.15797,1.15797
2023-05-31,2023-06-01,naive,1.0,Naive Sentiment,Tech,2023-05-31,2023-05-30,0.14743596464646463,1.0,0.14743596464646463,1.1474359646464647
2023-05-31,2023-06-01,naive,1.0,Naive Sentiment,Utilities,2023-05-31,2023-05-30,0.09073333333333333,0.8,0.09073333333333333,1.0907333333333333
2023-06-30,2023-07-03,coverage_rank,0.25,Coverage-Aware Rank Sentiment,Comm,2023-06-30,2023-06-29,0.04041333333333333,0.8,-0.6222222222222222,0.8444444444444444
2023-06-30,2023-07-03,coverage_rank,0.25,Coverage-Aware Rank Sentiment,Consumer,2023-06-30,2023-06-29,0.05293433333333334,1.0,-0.33333333333333337,0.9166666666666666
2023-06-30,2023-07-03,coverage_rank,0.25,Coverage-Aware Rank Sentiment,Energy,2023-06-30,2023-06-29,0.12773984848484848,0.8,0.08888888888888893,1.0222222222222221
2023-06-30,2023-07-03,coverage_rank,0.25,Coverage-Aware Rank Sentiment,Financials,2023-06-30,2023-06-29,0.0969811888111888,1.0,-0.11111111111111116,0.9722222222222222
2023-06-30,2023-07-03,coverage_rank,0.25,Coverage-Aware Rank Sentiment,Healthcare,2023-06-30,2023-06-29,0.2855482857142857,0.8,0.6222222222222222,1.1555555555555554
2023-06-30,2023-07-03,coverage_rank,0.25,Coverage-Aware Rank Sentiment,Industrials,2023-06-30,2023-06-29,0.047670000000000004,0.8,-0.4444444444444445,0.8888888888888888
2023-06-30,2023-07-03,coverage_rank,0.25,Coverage-Aware Rank Sentiment,Materials,2023-06-30,2023-06-29,0.03507333333333334,1.0,-1.0,0.75
2023-06-30,2023-07-03,coverage_rank,0.25,Coverage-Aware Rank Sentiment,RealEstate,2023-06-30,2023-06-29,0.33145499999999994,0.8,0.8,1.2
2023-06-30,2023-07-03,coverage_rank,0.25,Coverage-Aware Rank Sentiment,Tech,2023-06-30,2023-06-29,0.1601093392857143,1.0,0.33333333333333326,1.0833333333333333
2023-06-30,2023-07-03,coverage_rank,0.25,Coverage-Aware Rank Sentiment,Utilities,2023-06-30,2023-06-29,0.16724,0.8,0.4444444444444445,1.1111111111111112
2023-06-30,2023-07-03,naive,1.0,Naive Sentiment,Comm,2023-06-30,2023-06-29,0.04041333333333333,0.8,0.04041333333333333,1.0404133333333334
2023-06-30,2023-07-03,naive,1.0,Naive Sentiment,Consumer,2023-06-30,2023-06-29,0.05293433333333334,1.0,0.05293433333333334,1.0529343333333334
2023-06-30,2023-07-03,naive,1.0,Naive Sentiment,Energy,2023-06-30,2023-06-29,0.12773984848484848,0.8,0.12773984848484848,1.1277398484848484
2023-06-30,2023-07-03,naive,1.0,Naive Sentiment,Financials,2023-06-30,2023-06-29,0.0969811888111888,1.0,0.0969811888111888,1.096981188811189
2023-06-30,2023-07-03,naive,1.0,Naive Sentiment,Healthcare,2023-06-30,2023-06-29,0.2855482857142857,0.8,0.2855482857142857,1.2855482857142857
2023-06-30,2023-07-03,naive,1.0,Naive Sentiment,Industrials,2023-06-30,2023-06-29,0.047670000000000004,0.8,0.047670000000000004,1.04767
2023-06-30,2023-07-03,naive,1.0,Naive Sentiment,Materials,2023-06-30,2023-06-29,0.03507333333333334,1.0,0.03507333333333334,1.0350733333333333
2023-06-30,2023-07-03,naive,1.0,Naive Sentiment,RealEstate,2023-06-30,2023-06-29,0.33145499999999994,0.8,0.33145499999999994,1.331455
2023-06-30,2023-07-03,naive,1.0,Naive Sentiment,Tech,2023-06-30,2023-06-29,0.1601093392857143,1.0,0.1601093392857143,1.1601093392857142
2023-06-30,2023-07-03,naive,1.0,Naive Sentiment,Utilities,2023-06-30,2023-06-29,0.16724,0.8,0.16724,1.16724
2023-07-31,2023-08-01,coverage_rank,0.25,Coverage-Aware Rank Sentiment,Comm,2023-07-31,2023-07-28,0.249795,0.8,0.2666666666666666,1.0666666666666667
2023-07-31,2023-08-01,coverage_rank,0.25,Coverage-Aware Rank Sentiment,Consumer,2023-07-31,2023-07-28,0.12796642857142856,0.8,0.08888888888888893,1.0222222222222221
2023-07-31,2023-08-01,coverage_rank,0.25,Coverage-Aware Rank Sentiment,Energy,2023-07-31,2023-07-28,0.28117733333333333,0.8,0.4444444444444445,1.1111111111111112
2023-07-31,2023-08-01,coverage_rank,0.25,Coverage-Aware Rank Sentiment,Financials,2023-07-31,2023-07-28,0.06852595238095237,0.8,-0.08888888888888893,0.9777777777777777
2023-07-31,2023-08-01,coverage_rank,0.25,Coverage-Aware Rank Sentiment,Healthcare,2023-07-31,2023-07-28,0.05131666666666666,1.0,-0.7777777777777778,0.8055555555555556
2023-07-31,2023-08-01,coverage_rank,0.25,Coverage-Aware Rank Sentiment,Industrials,2023-07-31,2023-07-28,0.03396071428571428,0.8,-0.8,0.8
2023-07-31,2023-08-01,coverage_rank,0.25,Coverage-Aware Rank Sentiment,Materials,2023-07-31,2023-07-28,0.05464,0.2,-0.06666666666666668,0.9833333333333333
2023-07-31,2023-08-01,coverage_rank,0.25,Coverage-Aware Rank Sentiment,RealEstate,2023-07-31,2023-07-28,0.42356999999999995,1.0,1.0,1.25
2023-07-31,2023-08-01,coverage_rank,0.25,Coverage-Aware Rank Sentiment,Tech,2023-07-31,2023-07-28,0.3497004513343799,1.0,0.7777777777777777,1.1944444444444444
2023-07-31,2023-08-01,coverage_rank,0.25,Coverage-Aware Rank Sentiment,Utilities,2023-07-31,2023-07-28,0.052546666666666665,0.8,-0.4444444444444445,0.8888888888888888
2023-07-31,2023-08-01,naive,1.0,Naive Sentiment,Comm,2023-07-31,2023-07-28,0.249795,0.8,0.249795,1.249795
2023-07-31,2023-08-01,naive,1.0,Naive Sentiment,Consumer,2023-07-31,2023-07-28,0.12796642857142856,0.8,0.12796642857142856,1.1279664285714286
2023-07-31,2023-08-01,naive,1.0,Naive Sentiment,Energy,2023-07-31,2023-07-28,0.28117733333333333,0.8,0.28117733333333333,1.2811773333333334
2023-07-31,2023-08-01,naive,1.0,Naive Sentiment,Financials,2023-07-31,2023-07-28,0.06852595238095237,0.8,0.06852595238095237,1.0685259523809523
2023-07-31,2023-08-01,naive,1.0,Naive Sentiment,Healthcare,2023-07-31,2023-07-28,0.05131666666666666,1.0,0.05131666666666666,1.0513166666666667
2023-07-31,2023-08-01,naive,1.0,Naive Sentiment,Industrials,2023-07-31,2023-07-28,0.03396071428571428,0.8,0.03396071428571428,1.0339607142857143
2023-07-31,2023-08-01,naive,1.0,Naive Sentiment,Materials,2023-07-31,2023-07-28,0.05464,0.2,0.05464,1.05464
2023-07-31,2023-08-01,naive,1.0,Naive Sentiment,RealEstate,2023-07-31,2023-07-28,0.42356999999999995,1.0,0.42356999999999995,1.42357
2023-07-31,2023-08-01,naive,1.0,Naive Sentiment,Tech,2023-07-31,2023-07-28,0.3497004513343799,1.0,0.3497004513343799,1.34970045133438
2023-07-31,2023-08-01,naive,1.0,Naive Sentiment,Utilities,2023-07-31,2023-07-28,0.052546666666666665,0.8,0.052546666666666665,1.0525466666666667
2023-08-31,2023-09-01,coverage_rank,0.25,Coverage-Aware Rank Sentiment,Comm,2023-08-31,2023-08-30,0.11208599999999999,0.6,-0.2,0.95
2023-08-31,2023-09-01,coverage_rank,0.25,Coverage-Aware Rank Sentiment,Consumer,2023-08-31,2023-08-30,0.2011745714285714,1.0,0.7777777777777777,1.1944444444444444
2023-08-31,2023-09-01,coverage_rank,0.25,Coverage-Aware Rank Sentiment,Energy,2023-08-31,2023-08-30,0.11455682539682539,0.6,-0.0666666666666667,0.9833333333333333
2023-08-31,2023-09-01,coverage_rank,0.25,Coverage-Aware Rank Sentiment,Financials,2023-08-31,2023-08-30,0.10670366666666668,1.0,-0.5555555555555556,0.8611111111111112
2023-08-31,2023-09-01,coverage_rank,0.25,Coverage-Aware Rank Sentiment,Healthcare,2023-08-31,2023-08-30,0.06111500000000001,0.8,-0.6222222222222222,0.8444444444444444
2023-08-31,2023-09-01,coverage_rank,0.25,Coverage-Aware Rank Sentiment,Industrials,2023-08-31,2023-08-30,0.058374999999999996,0.6,-0.6,0.85
2023-08-31,2023-09-01,coverage_rank,0.25,Coverage-Aware Rank Sentiment,Materials,2023-08-31,2023-08-30,0.20428666666666667,0.6,0.6,1.15
2023-08-31,2023-09-01,coverage_rank,0.25,Coverage-Aware Rank Sentiment,RealEstate,2023-08-31,2023-08-30,0.14272,0.8,0.08888888888888893,1.0222222222222221
2023-08-31,2023-09-01,coverage_rank,0.25,Coverage-Aware Rank Sentiment,Tech,2023-08-31,2023-08-30,0.16770413632119516,1.0,0.5555555555555556,1.1388888888888888
2023-08-31,2023-09-01,coverage_rank,0.25,Coverage-Aware Rank Sentiment,Utilities,2023-08-31,2023-08-30,0.16031499999999999,0.6,0.19999999999999996,1.05
2023-08-31,2023-09-01,naive,1.0,Naive Sentiment,Comm,2023-08-31,2023-08-30,0.11208599999999999,0.6,0.11208599999999999,1.112086
2023-08-31,2023-09-01,naive,1.0,Naive Sentiment,Consumer,2023-08-31,2023-08-30,0.2011745714285714,1.0,0.2011745714285714,1.2011745714285713
2023-08-31,2023-09-01,naive,1.0,Naive Sentiment,Energy,2023-08-31,2023-08-30,0.11455682539682539,0.6,0.11455682539682539,1.1145568253968254
2023-08-31,2023-09-01,naive,1.0,Naive Sentiment,Financials,2023-08-31,2023-08-30,0.10670366666666668,1.0,0.10670366666666668,1.1067036666666668
2023-08-31,2023-09-01,naive,1.0,Naive Sentiment,Healthcare,2023-08-31,2023-08-30,0.06111500000000001,0.8,0.06111500000000001,1.061115
2023-08-31,2023-09-01,naive,1.0,Naive Sentiment,Industrials,2023-08-31,2023-08-30,0.058374999999999996,0.6,0.058374999999999996,1.058375
2023-08-31,2023-09-01,naive,1.0,Naive Sentiment,Materials,2023-08-31,2023-08-30,0.20428666666666667,0.6,0.20428666666666667,1.2042866666666667
2023-08-31,2023-09-01,naive,1.0,Naive Sentiment,RealEstate,2023-08-31,2023-08-30,0.14272,0.8,0.14272,1.14272
2023-08-31,2023-09-01,naive,1.0,Naive Sentiment,Tech,2023-08-31,2023-08-30,0.16770413632119516,1.0,0.16770413632119516,1.167704136321195
2023-08-31,2023-09-01,naive,1.0,Naive Sentiment,Utilities,2023-08-31,2023-08-30,0.16031499999999999,0.6,0.16031499999999999,1.160315
2023-09-29,2023-10-02,coverage_rank,0.25,Coverage-Aware Rank Sentiment,Comm,2023-09-29,2023-09-28,0.10545114285714285,0.8,-0.8,0.8
2023-09-29,2023-10-02,coverage_rank,0.25,Coverage-Aware Rank Sentiment,Consumer,2023-09-29,2023-09-28,0.23557212454212456,0.8,0.4444444444444445,1.1111111111111112
2023-09-29,2023-10-02,coverage_rank,0.25,Coverage-Aware Rank Sentiment,Energy,2023-09-29,2023-09-28,0.2656788888888889,1.0,0.7777777777777777,1.1944444444444444
2023-09-29,2023-10-02,coverage_rank,0.25,Coverage-Aware Rank Sentiment,Financials,2023-09-29,2023-09-28,0.17613285714285715,1.0,-0.33333333333333337,0.9166666666666666
2023-09-29,2023-10-02,coverage_rank,0.25,Coverage-Aware Rank Sentiment,Healthcare,2023-09-29,2023-09-28,0.19452,1.0,0.11111111111111116,1.0277777777777777
2023-09-29,2023-10-02,coverage_rank,0.25,Coverage-Aware Rank Sentiment,Industrials,2023-09-29,2023-09-28,0.18375809523809522,0.8,-0.08888888888888893,0.9777777777777777
2023-09-29,2023-10-02,coverage_rank,0.25,Coverage-Aware Rank Sentiment,Materials,2023-09-29,2023-09-28,0.20329999999999998,0.8,0.2666666666666666,1.0666666666666667
2023-09-29,2023-10-02,coverage_rank,0.25,Coverage-Aware Rank Sentiment,RealEstate,2023-09-29,2023-09-28,0.27696,0.6,0.6,1.15
2023-09-29,2023-10-02,coverage_rank,0.25,Coverage-Aware Rank Sentiment,Tech,2023-09-29,2023-09-28,0.17608579487179488,1.0,-0.5555555555555556,0.8611111111111112
2023-09-29,2023-10-02,coverage_rank,0.25,Coverage-Aware Rank Sentiment,Utilities,2023-09-29,2023-09-28,0.10701555555555556,0.8,-0.6222222222222222,0.8444444444444444
2023-09-29,2023-10-02,naive,1.0,Naive Sentiment,Comm,2023-09-29,2023-09-28,0.10545114285714285,0.8,0.10545114285714285,1.105451142857143
2023-09-29,2023-10-02,naive,1.0,Naive Sentiment,Consumer,2023-09-29,2023-09-28,0.23557212454212456,0.8,0.23557212454212456,1.2355721245421245
2023-09-29,2023-10-02,naive,1.0,Naive Sentiment,Energy,2023-09-29,2023-09-28,0.2656788888888889,1.0,0.2656788888888889,1.265678888888889
2023-09-29,2023-10-02,naive,1.0,Naive Sentiment,Financials,2023-09-29,2023-09-28,0.17613285714285715,1.0,0.17613285714285715,1.176132857142857
2023-09-29,2023-10-02,naive,1.0,Naive Sentiment,Healthcare,2023-09-29,2023-09-28,0.19452,1.0,0.19452,1.19452
2023-09-29,2023-10-02,naive,1.0,Naive Sentiment,Industrials,2023-09-29,2023-09-28,0.18375809523809522,0.8,0.18375809523809522,1.1837580952380953
2023-09-29,2023-10-02,naive,1.0,Naive Sentiment,Materials,2023-09-29,2023-09-28,0.20329999999999998,0.8,0.20329999999999998,1.2033
2023-09-29,2023-10-02,naive,1.0,Naive Sentiment,RealEstate,2023-09-29,2023-09-28,0.27696,0.6,0.27696,1.2769599999999999
2023-09-29,2023-10-02,naive,1.0,Naive Sentiment,Tech,2023-09-29,2023-09-28,0.17608579487179488,1.0,0.17608579487179488,1.1760857948717949
2023-09-29,2023-10-02,naive,1.0,Naive Sentiment,Utilities,2023-09-29,2023-09-28,0.10701555555555556,0.8,0.10701555555555556,1.1070155555555556
2023-10-31,2023-11-01,coverage_rank,0.25,Coverage-Aware Rank Sentiment,Comm,2023-10-31,2023-10-30,0.21113333333333334,1.0,0.5555555555555556,1.1388888888888888
2023-10-31,2023-11-01,coverage_rank,0.25,Coverage-Aware Rank Sentiment,Consumer,2023-10-31,2023-10-30,0.1661788034188034,1.0,0.11111111111111116,1.0277777777777777
2023-10-31,2023-11-01,coverage_rank,0.25,Coverage-Aware Rank Sentiment,Energy,2023-10-31,2023-10-30,0.13388607503607503,0.8,-0.2666666666666667,0.9333333333333333
2023-10-31,2023-11-01,coverage_rank,0.25,Coverage-Aware Rank Sentiment,Financials,2023-10-31,2023-10-30,0.1281233333333333,0.8,-0.4444444444444445,0.8888888888888888
2023-10-31,2023-11-01,coverage_rank,0.25,Coverage-Aware Rank Sentiment,Healthcare,2023-10-31,2023-10-30,0.14580266666666666,1.0,-0.11111111111111116,0.9722222222222222
2023-10-31,2023-11-01,coverage_rank,0.25,Coverage-Aware Rank Sentiment,Industrials,2023-10-31,2023-10-30,0.19646358974358974,0.8,0.2666666666666666,1.0666666666666667
2023-10-31,2023-11-01,coverage_rank,0.25,Coverage-Aware Rank Sentiment,Materials,2023-10-31,2023-10-30,0.24772,1.0,0.7777777777777777,1.1944444444444444
2023-10-31,2023-11-01,coverage_rank,0.25,Coverage-Aware Rank Sentiment,RealEstate,2023-10-31,2023-10-30,0.24798218181818182,1.0,1.0,1.25
2023-10-31,2023-11-01,coverage_rank,0.25,Coverage-Aware Rank Sentiment,Tech,2023-10-31,2023-10-30,0.12498448418248417,1.0,-0.7777777777777778,0.8055555555555556
2023-10-31,2023-11-01,coverage_rank,0.25,Coverage-Aware Rank Sentiment,Utilities,2023-10-31,2023-10-30,0.033755,0.2,-0.2,0.95
2023-10-31,2023-11-01,naive,1.0,Naive Sentiment,Comm,2023-10-31,2023-10-30,0.21113333333333334,1.0,0.21113333333333334,1.2111333333333334
2023-10-31,2023-11-01,naive,1.0,Naive Sentiment,Consumer,2023-10-31,2023-10-30,0.1661788034188034,1.0,0.1661788034188034,1.1661788034188034
2023-10-31,2023-11-01,naive,1.0,Naive Sentiment,Energy,2023-10-31,2023-10-30,0.13388607503607503,0.8,0.13388607503607503,1.133886075036075
2023-10-31,2023-11-01,naive,1.0,Naive Sentiment,Financials,2023-10-31,2023-10-30,0.1281233333333333,0.8,0.1281233333333333,1.1281233333333334
2023-10-31,2023-11-01,naive,1.0,Naive Sentiment,Healthcare,2023-10-31,2023-10-30,0.14580266666666666,1.0,0.14580266666666666,1.1458026666666667
2023-10-31,2023-11-01,naive,1.0,Naive Sentiment,Industrials,2023-10-31,2023-10-30,0.19646358974358974,0.8,0.19646358974358974,1.1964635897435898
2023-10-31,2023-11-01,naive,1.0,Naive Sentiment,Materials,2023-10-31,2023-10-30,0.24772,1.0,0.24772,1.24772
2023-10-31,2023-11-01,naive,1.0,Naive Sentiment,RealEstate,2023-10-31,2023-10-30,0.24798218181818182,1.0,0.24798218181818182,1.2479821818181818
2023-10-31,2023-11-01,naive,1.0,Naive Sentiment,Tech,2023-10-31,2023-10-30,0.12498448418248417,1.0,0.12498448418248417,1.124984484182484
2023-10-31,2023-11-01,naive,1.0,Naive Sentiment,Utilities,2023-10-31,2023-10-30,0.033755,0.2,0.033755,1.033755
2023-11-30,2023-12-01,coverage_rank,0.25,Coverage-Aware Rank Sentiment,Comm,2023-11-30,2023-11-29,0.03449866666666667,1.0,-1.0,0.75
2023-11-30,2023-12-01,coverage_rank,0.25,Coverage-Aware Rank Sentiment,Consumer,2023-11-30,2023-11-29,0.09020464285714286,1.0,-0.5555555555555556,0.8611111111111112
2023-11-30,2023-12-01,coverage_rank,0.25,Coverage-Aware Rank Sentiment,Energy,2023-11-30,2023-11-29,0.11505833333333333,1.0,-0.11111111111111116,0.9722222222222222
2023-11-30,2023-12-01,coverage_rank,0.25,Coverage-Aware Rank Sentiment,Financials,2023-11-30,2023-11-29,0.13628266666666666,0.8,0.6222222222222222,1.1555555555555554
2023-11-30,2023-12-01,coverage_rank,0.25,Coverage-Aware Rank Sentiment,Healthcare,2023-11-30,2023-11-29,0.121445,1.0,0.33333333333333326,1.0833333333333333
2023-11-30,2023-12-01,coverage_rank,0.25,Coverage-Aware Rank Sentiment,Industrials,2023-11-30,2023-11-29,0.11957333333333335,1.0,0.11111111111111116,1.0277777777777777
2023-11-30,2023-12-01,coverage_rank,0.25,Coverage-Aware Rank Sentiment,Materials,2023-11-30,2023-11-29,0.07973,0.6,-0.4666666666666667,0.8833333333333333
2023-11-30,2023-12-01,coverage_rank,0.25,Coverage-Aware Rank Sentiment,RealEstate,2023-11-30,2023-11-29,0.12981066666666666,0.8,0.4444444444444445,1.1111111111111112
2023-11-30,2023-12-01,coverage_rank,0.25,Coverage-Aware Rank Sentiment,Tech,2023-11-30,2023-11-29,0.30376607142857137,1.0,1.0,1.25
2023-11-30,2023-12-01,coverage_rank,0.25,Coverage-Aware Rank Sentiment,Utilities,2023-11-30,2023-11-29,0.106975,0.6,-0.2,0.95
2023-11-30,2023-12-01,naive,1.0,Naive Sentiment,Comm,2023-11-30,2023-11-29,0.03449866666666667,1.0,0.03449866666666667,1.0344986666666667
2023-11-30,2023-12-01,naive,1.0,Naive Sentiment,Consumer,2023-11-30,2023-11-29,0.09020464285714286,1.0,0.09020464285714286,1.0902046428571428
2023-11-30,2023-12-01,naive,1.0,Naive Sentiment,Energy,2023-11-30,2023-11-29,0.11505833333333333,1.0,0.11505833333333333,1.1150583333333333
2023-11-30,2023-12-01,naive,1.0,Naive Sentiment,Financials,2023-11-30,2023-11-29,0.13628266666666666,0.8,0.13628266666666666,1.1362826666666668
2023-11-30,2023-12-01,naive,1.0,Naive Sentiment,Healthcare,2023-11-30,2023-11-29,0.121445,1.0,0.121445,1.121445
2023-11-30,2023-12-01,naive,1.0,Naive Sentiment,Industrials,2023-11-30,2023-11-29,0.11957333333333335,1.0,0.11957333333333335,1.1195733333333333
2023-11-30,2023-12-01,naive,1.0,Naive Sentiment,Materials,2023-11-30,2023-11-29,0.07973,0.6,0.07973,1.07973
2023-11-30,2023-12-01,naive,1.0,Naive Sentiment,RealEstate,2023-11-30,2023-11-29,0.12981066666666666,0.8,0.12981066666666666,1.1298106666666667
2023-11-30,2023-12-01,naive,1.0,Naive Sentiment,Tech,2023-11-30,2023-11-29,0.30376607142857137,1.0,0.30376607142857137,1.3037660714285715
2023-11-30,2023-12-01,naive,1.0,Naive Sentiment,Utilities,2023-11-30,2023-11-29,0.106975,0.6,0.106975,1.106975
