decision_date,effective_start_date,effective_end_date,base_fund_id,fund_id,universe,method,fusion_rule,tilt_strength,one_way_turnover,one_way_active_shift_from_base,largest_target_weight,effective_number_of_holdings,equity_sleeve_target_weight,crypto_sleeve_target_weight,earliest_signal_source_date,latest_signal_source_date,variant_label
2020-12-31,2021-01-04,2021-01-29,combined_equal_weight,combined_equal_weight_coverage_rank_sentiment,Combined,equal_weight,coverage_rank,0.25,,0.04035233351780111,0.01992252351964582,59.26101792017557,0.8333333333333334,0.16666666666666666,2020-12-30,2020-12-30,Coverage-Aware Rank Sentiment
2021-01-29,2021-02-01,2021-02-26,combined_equal_weight,combined_equal_weight_coverage_rank_sentiment,Combined,equal_weight,coverage_rank,0.25,0.08439868138914508,0.04173584209555431,0.019184652278177457,59.36217045561917,0.8333333333333334,0.16666666666666666,2021-01-28,2021-01-28,Coverage-Aware Rank Sentiment
2021-02-26,2021-03-01,2021-03-31,combined_equal_weight,combined_equal_weight_coverage_rank_sentiment,Combined,equal_weight,coverage_rank,0.25,0.0774796767984394,0.039922907488986775,0.02064977973568282,59.35619652594505,0.8333333333333334,0.16666666666666666,2021-02-25,2021-02-25,Coverage-Aware Rank Sentiment
2021-03-31,2021-04-01,2021-04-30,combined_equal_weight,combined_equal_weight_coverage_rank_sentiment,Combined,equal_weight,coverage_rank,0.25,0.07229470649057573,0.03673543250090482,0.01954397394136808,59.38860419837955,0.8333333333333335,0.16666666666666666,2021-03-30,2021-03-30,Coverage-Aware Rank Sentiment
2021-04-30,2021-05-03,2021-05-28,combined_equal_weight,combined_equal_weight_coverage_rank_sentiment,Combined,equal_weight,coverage_rank,0.25,0.0986284223370619,0.04136953739257634,0.02057048820625343,59.20250206607798,0.8333333333333334,0.16666666666666666,2021-04-29,2021-04-29,Coverage-Aware Rank Sentiment
2021-05-28,2021-06-01,2021-06-30,combined_equal_weight,combined_equal_weight_coverage_rank_sentiment,Combined,equal_weight,coverage_rank,0.25,0.07970860366247524,0.04164413196322336,0.02028123309897242,59.305989331297205,0.8333333333333336,0.16666666666666666,2021-05-27,2021-05-27,Coverage-Aware Rank Sentiment
2021-06-30,2021-07-01,2021-07-30,combined_equal_weight,combined_equal_weight_coverage_rank_sentiment,Combined,equal_weight,coverage_rank,0.25,0.09746578713137764,0.040190735694822885,0.02043596730245232,59.204317486675755,0.8333333333333335,0.16666666666666666,2021-06-29,2021-06-29,Coverage-Aware Rank Sentiment
2021-07-30,2021-08-02,2021-08-31,combined_equal_weight,combined_equal_weight_coverage_rank_sentiment,Combined,equal_weight,coverage_rank,0.25,0.06833266108936942,0.04446277961129446,0.020627062706270627,59.21680280678511,0.8333333333333333,0.16666666666666666,2021-07-29,2021-07-29,Coverage-Aware Rank Sentiment
2021-08-31,2021-09-01,2021-09-30,combined_equal_weight,combined_equal_weight_coverage_rank_sentiment,Combined,equal_weight,coverage_rank,0.25,0.06068245370409402,0.03962800073300348,0.019791094007696537,59.29912121697734,0.8333333333333335,0.16666666666666666,2021-08-30,2021-08-30,Coverage-Aware Rank Sentiment
2021-09-30,2021-10-01,2021-10-29,combined_equal_weight,combined_equal_weight_coverage_rank_sentiment,Combined,equal_weight,coverage_rank,0.25,0.0580666139304861,0.03554119547657511,0.020193861066235864,59.49192038739473,0.8333333333333335,0.16666666666666666,2021-09-29,2021-09-29,Coverage-Aware Rank Sentiment
2021-10-29,2021-11-01,2021-11-30,combined_equal_weight,combined_equal_weight_coverage_rank_sentiment,Combined,equal_weight,coverage_rank,0.25,0.05919357681281312,0.041010320478001086,0.020369364475828357,59.35338081281473,0.8333333333333334,0.16666666666666666,2021-10-28,2021-10-28,Coverage-Aware Rank Sentiment
2021-11-30,2021-12-01,2021-12-31,combined_equal_weight,combined_equal_weight_coverage_rank_sentiment,Combined,equal_weight,coverage_rank,0.25,0.05013578166154122,0.04412837345003647,0.020514223194748358,59.24215443093034,0.8333333333333333,0.16666666666666666,2021-11-29,2021-11-29,Coverage-Aware Rank Sentiment
2021-12-31,2022-01-03,2022-01-31,combined_equal_weight,combined_equal_weight_coverage_rank_sentiment,Combined,equal_weight,coverage_rank,0.25,0.06749062674340736,0.03964941569282138,0.02003338898163606,59.402442259155926,0.8333333333333334,0.16666666666666666,2021-12-30,2021-12-30,Coverage-Aware Rank Sentiment
2022-01-31,2022-02-01,2022-02-28,combined_equal_weight,combined_equal_weight_coverage_rank_sentiment,Combined,equal_weight,coverage_rank,0.25,0.09934575221331307,0.04836512261580382,0.02043596730245232,59.030468452301974,0.8333333333333335,0.16666666666666666,2022-01-28,2022-01-28,Coverage-Aware Rank Sentiment
2022-02-28,2022-03-01,2022-03-31,combined_equal_weight,combined_equal_weight_coverage_rank_sentiment,Combined,equal_weight,coverage_rank,0.25,0.09308989727614964,0.046398382947445804,0.019845644983461964,59.133170095975686,0.8333333333333331,0.16666666666666666,2022-02-25,2022-02-25,Coverage-Aware Rank Sentiment
2022-03-31,2022-04-01,2022-04-29,combined_equal_weight,combined_equal_weight_coverage_rank_sentiment,Combined,equal_weight,coverage_rank,0.25,0.05625075009204401,0.038716814159292026,0.019174041297935103,59.45922414216482,0.8333333333333333,0.16666666666666666,2022-03-30,2022-03-30,Coverage-Aware Rank Sentiment
2022-04-29,2022-05-02,2022-05-31,combined_equal_weight,combined_equal_weight_coverage_rank_sentiment,Combined,equal_weight,coverage_rank,0.25,0.05090360183316207,0.051113545089448695,0.02053669222343921,59.02047805265462,0.8333333333333333,0.16666666666666666,2022-04-28,2022-04-28,Coverage-Aware Rank Sentiment
2022-05-31,2022-06-01,2022-06-30,combined_equal_weight,combined_equal_weight_coverage_rank_sentiment,Combined,equal_weight,coverage_rank,0.25,0.09607443573112955,0.04412299854439593,0.019650655021834062,59.23583344396987,0.8333333333333334,0.16666666666666666,2022-05-27,2022-05-27,Coverage-Aware Rank Sentiment
2022-06-30,2022-07-01,2022-07-29,combined_equal_weight,combined_equal_weight_coverage_rank_sentiment,Combined,equal_weight,coverage_rank,0.25,0.08493141394563618,0.04032258064516127,0.019682886823400768,59.41522989476883,0.8333333333333334,0.16666666666666666,2022-06-29,2022-06-29,Coverage-Aware Rank Sentiment
2022-07-29,2022-08-01,2022-08-31,combined_equal_weight,combined_equal_weight_coverage_rank_sentiment,Combined,equal_weight,coverage_rank,0.25,0.06625028211261444,0.04885693215339233,0.020741150442477877,59.02706919341365,0.8333333333333334,0.16666666666666666,2022-07-28,2022-07-28,Coverage-Aware Rank Sentiment
2022-08-31,2022-09-01,2022-09-30,combined_equal_weight,combined_equal_weight_coverage_rank_sentiment,Combined,equal_weight,coverage_rank,0.25,0.0711656422359574,0.04360780065005417,0.020314192849404118,59.27632099009293,0.8333333333333334,0.16666666666666666,2022-08-30,2022-08-30,Coverage-Aware Rank Sentiment
2022-09-30,2022-10-03,2022-10-31,combined_equal_weight,combined_equal_weight_coverage_rank_sentiment,Combined,equal_weight,coverage_rank,0.25,0.049689056759521295,0.035548410146480885,0.01929260450160772,59.53148143469304,0.8333333333333334,0.16666666666666666,2022-09-29,2022-09-29,Coverage-Aware Rank Sentiment
2022-10-31,2022-11-01,2022-11-30,combined_equal_weight,combined_equal_weight_coverage_rank_sentiment,Combined,equal_weight,coverage_rank,0.25,0.06670877354158591,0.038822679667750076,0.019501625135427955,59.46134835656285,0.8333333333333335,0.16666666666666666,2022-10-28,2022-10-28,Coverage-Aware Rank Sentiment
2022-11-30,2022-12-01,2022-12-30,combined_equal_weight,combined_equal_weight_coverage_rank_sentiment,Combined,equal_weight,coverage_rank,0.25,0.04482521627059659,0.03455061321618158,0.018945634266886325,59.52803908209595,0.8333333333333334,0.16666666666666666,2022-11-29,2022-11-29,Coverage-Aware Rank Sentiment
2022-12-30,2023-01-03,2023-01-31,combined_equal_weight,combined_equal_weight_coverage_rank_sentiment,Combined,equal_weight,coverage_rank,0.25,0.07267998687660622,0.044626593806921674,0.020491803278688523,59.222777311110164,0.8333333333333333,0.16666666666666666,2022-12-29,2022-12-29,Coverage-Aware Rank Sentiment
2023-01-31,2023-02-01,2023-02-28,combined_equal_weight,combined_equal_weight_coverage_rank_sentiment,Combined,equal_weight,coverage_rank,0.25,0.08189941850242337,0.046092460099064377,0.020638414969730328,59.1781384212608,0.8333333333333333,0.16666666666666666,2023-01-30,2023-01-30,Coverage-Aware Rank Sentiment
2023-02-28,2023-03-01,2023-03-31,combined_equal_weight,combined_equal_weight_coverage_rank_sentiment,Combined,equal_weight,coverage_rank,0.25,0.0778763144908447,0.05462962962962961,0.020833333333333336,58.85439793323376,0.8333333333333336,0.16666666666666666,2023-02-27,2023-02-27,Coverage-Aware Rank Sentiment
2023-03-31,2023-04-03,2023-04-28,combined_equal_weight,combined_equal_weight_coverage_rank_sentiment,Combined,equal_weight,coverage_rank,0.25,0.08331489113699173,0.047117516629711746,0.019955654101995565,59.135611114038674,0.8333333333333333,0.16666666666666666,2023-03-30,2023-03-30,Coverage-Aware Rank Sentiment
2023-04-28,2023-05-01,2023-05-31,combined_equal_weight,combined_equal_weight_coverage_rank_sentiment,Combined,equal_weight,coverage_rank,0.25,0.05709820943767095,0.048032726604155154,0.019856591285162713,59.16331507882295,0.8333333333333331,0.16666666666666666,2023-04-27,2023-04-27,Coverage-Aware Rank Sentiment
2023-05-31,2023-06-01,2023-06-30,combined_equal_weight,combined_equal_weight_coverage_rank_sentiment,Combined,equal_weight,coverage_rank,0.25,0.0984036265798931,0.04957572403615568,0.020752628666297727,59.08527349283603,0.8333333333333333,0.16666666666666666,2023-05-30,2023-05-30,Coverage-Aware Rank Sentiment
2023-06-30,2023-07-03,2023-07-31,combined_equal_weight,combined_equal_weight_coverage_rank_sentiment,Combined,equal_weight,coverage_rank,0.25,0.08563747328516007,0.05027932960893855,0.020111731843575422,59.05237775877871,0.8333333333333333,0.16666666666666666,2023-06-29,2023-06-29,Coverage-Aware Rank Sentiment
2023-07-31,2023-08-01,2023-08-31,combined_equal_weight,combined_equal_weight_coverage_rank_sentiment,Combined,equal_weight,coverage_rank,0.25,0.07577657705324348,0.04904657132379904,0.020627062706270627,58.9998078041054,0.8333333333333334,0.16666666666666666,2023-07-28,2023-07-28,Coverage-Aware Rank Sentiment
2023-08-31,2023-09-01,2023-09-29,combined_equal_weight,combined_equal_weight_coverage_rank_sentiment,Combined,equal_weight,coverage_rank,0.25,0.06832081726903548,0.04424778761061948,0.01981932153392331,59.26010914256295,0.8333333333333335,0.16666666666666666,2023-08-30,2023-08-30,Coverage-Aware Rank Sentiment
2023-09-29,2023-10-02,2023-10-31,combined_equal_weight,combined_equal_weight_coverage_rank_sentiment,Combined,equal_weight,coverage_rank,0.25,0.06941816832001153,0.048157453936348404,0.02000744463056021,59.160684971067624,0.8333333333333335,0.16666666666666666,2023-09-28,2023-09-28,Coverage-Aware Rank Sentiment
2023-10-31,2023-11-01,2023-11-30,combined_equal_weight,combined_equal_weight_coverage_rank_sentiment,Combined,equal_weight,coverage_rank,0.25,0.05886403797016399,0.04594423320659064,0.020369364475828357,59.16343370250763,0.8333333333333335,0.16666666666666666,2023-10-30,2023-10-30,Coverage-Aware Rank Sentiment
2023-11-30,2023-12-01,2023-12-29,combined_equal_weight,combined_equal_weight_coverage_rank_sentiment,Combined,equal_weight,coverage_rank,0.25,0.09345938599768205,0.0502396755162242,0.02074115044247788,58.99984277284528,0.8333333333333335,0.16666666666666666,2023-11-29,2023-11-29,Coverage-Aware Rank Sentiment
2020-12-31,2021-01-04,2021-01-29,combined_equal_weight,combined_equal_weight_naive_sentiment,Combined,equal_weight,naive,1.0,,0.030421766818199157,0.020860705755924698,59.49215749544852,0.8333333333333334,0.16666666666666666,2020-12-30,2020-12-30,Naive Sentiment
2021-01-29,2021-02-01,2021-02-26,combined_equal_weight,combined_equal_weight_naive_sentiment,Combined,equal_weight,naive,1.0,0.06758277648755374,0.027728375147109886,0.01906480874018505,59.65642360264776,0.8333333333333333,0.16666666666666666,2021-01-28,2021-01-28,Naive Sentiment
2021-02-26,2021-03-01,2021-03-31,combined_equal_weight,combined_equal_weight_naive_sentiment,Combined,equal_weight,naive,1.0,0.06938205512065285,0.024486084336360497,0.018561541776724845,59.77106272750431,0.8333333333333333,0.16666666666666666,2021-02-25,2021-02-25,Naive Sentiment
2021-03-31,2021-04-01,2021-04-30,combined_equal_weight,combined_equal_weight_naive_sentiment,Combined,equal_weight,naive,1.0,0.059532032047230114,0.038423585475268286,0.01891530688744108,59.52771716990533,0.8333333333333333,0.16666666666666666,2021-03-30,2021-03-30,Naive Sentiment
2021-04-30,2021-05-03,2021-05-28,combined_equal_weight,combined_equal_weight_naive_sentiment,Combined,equal_weight,naive,1.0,0.07995694140200728,0.02111446034509687,0.018256610179674636,59.820758113727294,0.8333333333333333,0.16666666666666666,2021-04-29,2021-04-29,Naive Sentiment
2021-05-28,2021-06-01,2021-06-30,combined_equal_weight,combined_equal_weight_naive_sentiment,Combined,equal_weight,naive,1.0,0.06565705813226212,0.03236267005074009,0.018875819221155266,59.583890838943,0.8333333333333333,0.16666666666666666,2021-05-27,2021-05-27,Naive Sentiment
2021-06-30,2021-07-01,2021-07-30,combined_equal_weight,combined_equal_weight_naive_sentiment,Combined,equal_weight,naive,1.0,0.08382571813138523,0.04658838854497739,0.022159835767966266,59.041704261990326,0.8333333333333333,0.16666666666666666,2021-06-29,2021-06-29,Naive Sentiment
2021-07-30,2021-08-02,2021-08-31,combined_equal_weight,combined_equal_weight_naive_sentiment,Combined,equal_weight,naive,1.0,0.05373327134435833,0.026611311714742257,0.01868621182312865,59.69407528782322,0.8333333333333334,0.16666666666666666,2021-07-29,2021-07-29,Naive Sentiment
2021-08-31,2021-09-01,2021-09-30,combined_equal_weight,combined_equal_weight_naive_sentiment,Combined,equal_weight,naive,1.0,0.052713396408572755,0.03531555392198906,0.019493603695619546,59.40784795458298,0.8333333333333333,0.16666666666666666,2021-08-30,2021-08-30,Naive Sentiment
2021-09-30,2021-10-01,2021-10-29,combined_equal_weight,combined_equal_weight_naive_sentiment,Combined,equal_weight,naive,1.0,0.050658137301084344,0.03018499497726635,0.019402533979426498,59.66506170253359,0.8333333333333334,0.16666666666666666,2021-09-29,2021-09-29,Naive Sentiment
2021-10-29,2021-11-01,2021-11-30,combined_equal_weight,combined_equal_weight_naive_sentiment,Combined,equal_weight,naive,1.0,0.04799625396051798,0.019525047521957193,0.01992294592928474,59.72632836095796,0.8333333333333335,0.16666666666666666,2021-10-28,2021-10-28,Naive Sentiment
2021-11-30,2021-12-01,2021-12-31,combined_equal_weight,combined_equal_weight_naive_sentiment,Combined,equal_weight,naive,1.0,0.04115086125977295,0.02650003653161755,0.019964022119569925,59.585930590575806,0.8333333333333333,0.16666666666666666,2021-11-29,2021-11-29,Naive Sentiment
2021-12-31,2022-01-03,2022-01-31,combined_equal_weight,combined_equal_weight_naive_sentiment,Combined,equal_weight,naive,1.0,0.05711625325943761,0.025450588284541324,0.019201355016067304,59.730474429314945,0.8333333333333334,0.16666666666666666,2021-12-30,2021-12-30,Naive Sentiment
2022-01-31,2022-02-01,2022-02-28,combined_equal_weight,combined_equal_weight_naive_sentiment,Combined,equal_weight,naive,1.0,0.07569916212468719,0.03734414248828855,0.018457910477963985,59.436426365958866,0.8333333333333336,0.16666666666666666,2022-01-28,2022-01-28,Naive Sentiment
2022-02-28,2022-03-01,2022-03-31,combined_equal_weight,combined_equal_weight_naive_sentiment,Combined,equal_weight,naive,1.0,0.0660433348946805,0.01983258253888897,0.018234009857307727,59.82748935888744,0.8333333333333336,0.16666666666666666,2022-02-25,2022-02-25,Naive Sentiment
2022-03-31,2022-04-01,2022-04-29,combined_equal_weight,combined_equal_weight_naive_sentiment,Combined,equal_weight,naive,1.0,0.041817541608595056,0.02984986620142337,0.018486860102502122,59.67106048950753,0.8333333333333331,0.16666666666666666,2022-03-30,2022-03-30,Naive Sentiment
2022-04-29,2022-05-02,2022-05-31,combined_equal_weight,combined_equal_weight_naive_sentiment,Combined,equal_weight,naive,1.0,0.04714825397209732,0.022936577726668694,0.018494096803670264,59.76225290749582,0.8333333333333335,0.16666666666666666,2022-04-28,2022-04-28,Naive Sentiment
2022-05-31,2022-06-01,2022-06-30,combined_equal_weight,combined_equal_weight_naive_sentiment,Combined,equal_weight,naive,1.0,0.08626664013004712,0.04444855955780072,0.02050719992312761,59.239336897531494,0.8333333333333334,0.16666666666666666,2022-05-27,2022-05-27,Naive Sentiment
2022-06-30,2022-07-01,2022-07-29,combined_equal_weight,combined_equal_weight_naive_sentiment,Combined,equal_weight,naive,1.0,0.07797369533505791,0.03309936221850233,0.019019183129846528,59.612408017217085,0.8333333333333334,0.16666666666666666,2022-06-29,2022-06-29,Naive Sentiment
2022-07-29,2022-08-01,2022-08-31,combined_equal_weight,combined_equal_weight_naive_sentiment,Combined,equal_weight,naive,1.0,0.05548292302176031,0.028900081767923427,0.019668692010251364,59.65941368128379,0.8333333333333335,0.16666666666666666,2022-07-28,2022-07-28,Naive Sentiment
2022-08-31,2022-09-01,2022-09-30,combined_equal_weight,combined_equal_weight_naive_sentiment,Combined,equal_weight,naive,1.0,0.05243107392860635,0.02925483424301875,0.017985575055466368,59.66887566190901,0.8333333333333335,0.16666666666666666,2022-08-30,2022-08-30,Naive Sentiment
2022-09-30,2022-10-03,2022-10-31,combined_equal_weight,combined_equal_weight_naive_sentiment,Combined,equal_weight,naive,1.0,0.046481624777208935,0.024192998455416115,0.018292702338994965,59.7727378410964,0.8333333333333333,0.16666666666666666,2022-09-29,2022-09-29,Naive Sentiment
2022-10-31,2022-11-01,2022-11-30,combined_equal_weight,combined_equal_weight_naive_sentiment,Combined,equal_weight,naive,1.0,0.04937467785299956,0.023911931873165215,0.018111793455172956,59.78040524091375,0.8333333333333333,0.16666666666666666,2022-10-28,2022-10-28,Naive Sentiment
2022-11-30,2022-12-01,2022-12-30,combined_equal_weight,combined_equal_weight_naive_sentiment,Combined,equal_weight,naive,1.0,0.036385801635064045,0.030230202478112977,0.01867329276869429,59.691243474252985,0.8333333333333334,0.16666666666666666,2022-11-29,2022-11-29,Naive Sentiment
2022-12-30,2023-01-03,2023-01-31,combined_equal_weight,combined_equal_weight_naive_sentiment,Combined,equal_weight,naive,1.0,0.051442191084952925,0.024181452022680756,0.01868228685224544,59.78174283708154,0.8333333333333334,0.16666666666666666,2022-12-29,2022-12-29,Naive Sentiment
2023-01-31,2023-02-01,2023-02-28,combined_equal_weight,combined_equal_weight_naive_sentiment,Combined,equal_weight,naive,1.0,0.05180928665134203,0.016423012896899687,0.018090222344030446,59.89038646257974,0.8333333333333333,0.16666666666666666,2023-01-30,2023-01-30,Naive Sentiment
2023-02-28,2023-03-01,2023-03-31,combined_equal_weight,combined_equal_weight_naive_sentiment,Combined,equal_weight,naive,1.0,0.04235699347450746,0.02837366933326075,0.01931023273502919,59.65795177335995,0.8333333333333333,0.16666666666666666,2023-02-27,2023-02-27,Naive Sentiment
2023-03-31,2023-04-03,2023-04-28,combined_equal_weight,combined_equal_weight_naive_sentiment,Combined,equal_weight,naive,1.0,0.0562835245013434,0.020359401120799724,0.017894469587639596,59.836960492078376,0.8333333333333333,0.16666666666666666,2023-03-30,2023-03-30,Naive Sentiment
2023-04-28,2023-05-01,2023-05-31,combined_equal_weight,combined_equal_weight_naive_sentiment,Combined,equal_weight,naive,1.0,0.027881961943728384,0.01832606425043476,0.018360530843156316,59.838701189256376,0.8333333333333335,0.16666666666666666,2023-04-27,2023-04-27,Naive Sentiment
2023-05-31,2023-06-01,2023-06-30,combined_equal_weight,combined_equal_weight_naive_sentiment,Combined,equal_weight,naive,1.0,0.05788633728239091,0.021974367275227072,0.018755050973603138,59.77802983736049,0.8333333333333333,0.16666666666666666,2023-05-30,2023-05-30,Naive Sentiment
2023-06-30,2023-07-03,2023-07-31,combined_equal_weight,combined_equal_weight_naive_sentiment,Combined,equal_weight,naive,1.0,0.059988599264914566,0.029842872284893497,0.019559801313783372,59.62278803042597,0.8333333333333336,0.16666666666666666,2023-06-29,2023-06-29,Naive Sentiment
2023-07-31,2023-08-01,2023-08-31,combined_equal_weight,combined_equal_weight_naive_sentiment,Combined,equal_weight,naive,1.0,0.0544628448112508,0.04468146312646154,0.020290569102597425,59.32362187177006,0.8333333333333334,0.16666666666666666,2023-07-28,2023-07-28,Naive Sentiment
2023-08-31,2023-09-01,2023-09-29,combined_equal_weight,combined_equal_weight_naive_sentiment,Combined,equal_weight,naive,1.0,0.062297562566477685,0.015570751488062619,0.01771681448387845,59.90672735579438,0.8333333333333333,0.16666666666666666,2023-08-30,2023-08-30,Naive Sentiment
2023-09-29,2023-10-02,2023-10-31,combined_equal_weight,combined_equal_weight_naive_sentiment,Combined,equal_weight,naive,1.0,0.033130240637978314,0.014940825038463473,0.01784788649568653,59.89482315281652,0.8333333333333335,0.16666666666666666,2023-09-28,2023-09-28,Naive Sentiment
2023-10-31,2023-11-01,2023-11-30,combined_equal_weight,combined_equal_weight_naive_sentiment,Combined,equal_weight,naive,1.0,0.0313883376610603,0.018008947643274847,0.01787525812678593,59.858706679734404,0.8333333333333334,0.16666666666666666,2023-10-30,2023-10-30,Naive Sentiment
2023-11-30,2023-12-01,2023-12-29,combined_equal_weight,combined_equal_weight_naive_sentiment,Combined,equal_weight,naive,1.0,0.04647689505741822,0.014731838453229115,0.019336805732003318,59.826253456137195,0.8333333333333333,0.16666666666666666,2023-11-29,2023-11-29,Naive Sentiment
2020-12-31,2021-01-04,2021-01-29,combined_hierarchical_risk_parity,combined_hierarchical_risk_parity_coverage_rank_sentiment,Combined,hierarchical_risk_parity,coverage_rank,0.25,,0.03232229706161262,0.04047554371848664,49.43419770215439,0.6993438345232194,0.30065616547678053,2020-12-30,2020-12-30,Coverage-Aware Rank Sentiment
2021-01-29,2021-02-01,2021-02-26,combined_hierarchical_risk_parity,combined_hierarchical_risk_parity_coverage_rank_sentiment,Combined,hierarchical_risk_parity,coverage_rank,0.25,0.0931135808619248,0.034222792979060945,0.03819865092140223,49.6001573474648,0.7124744553342099,0.28752554466578994,2021-01-28,2021-01-28,Coverage-Aware Rank Sentiment
2021-02-26,2021-03-01,2021-03-31,combined_hierarchical_risk_parity,combined_hierarchical_risk_parity_coverage_rank_sentiment,Combined,hierarchical_risk_parity,coverage_rank,0.25,0.09196023622495084,0.03630958293958461,0.03683936915678996,51.071045072989726,0.7212704983663044,0.2787295016336953,2021-02-25,2021-02-25,Coverage-Aware Rank Sentiment
2021-03-31,2021-04-01,2021-04-30,combined_hierarchical_risk_parity,combined_hierarchical_risk_parity_coverage_rank_sentiment,Combined,hierarchical_risk_parity,coverage_rank,0.25,0.07597050106711621,0.03353937461185684,0.03643354406331206,51.71118159301917,0.7238792755819091,0.2761207244180909,2021-03-30,2021-03-30,Coverage-Aware Rank Sentiment
2021-04-30,2021-05-03,2021-05-28,combined_hierarchical_risk_parity,combined_hierarchical_risk_parity_coverage_rank_sentiment,Combined,hierarchical_risk_parity,coverage_rank,0.25,0.12059108155880743,0.03753657073251011,0.03642715481798438,51.298304908221354,0.7320757228643385,0.26792427713566175,2021-04-29,2021-04-29,Coverage-Aware Rank Sentiment
2021-05-28,2021-06-01,2021-06-30,combined_hierarchical_risk_parity,combined_hierarchical_risk_parity_coverage_rank_sentiment,Combined,hierarchical_risk_parity,coverage_rank,0.25,0.0882893874789509,0.038508369308115305,0.03555710426866339,51.807138647322674,0.760524262844499,0.23947573715550077,2021-05-27,2021-05-27,Coverage-Aware Rank Sentiment
2021-06-30,2021-07-01,2021-07-30,combined_hierarchical_risk_parity,combined_hierarchical_risk_parity_coverage_rank_sentiment,Combined,hierarchical_risk_parity,coverage_rank,0.25,0.09739788467362916,0.03539820503808032,0.03452424458188145,54.78062647659232,0.7667533728152228,0.23324662718477723,2021-06-29,2021-06-29,Coverage-Aware Rank Sentiment
2021-07-30,2021-08-02,2021-08-31,combined_hierarchical_risk_parity,combined_hierarchical_risk_parity_coverage_rank_sentiment,Combined,hierarchical_risk_parity,coverage_rank,0.25,0.06420202030583033,0.039944675020419186,0.03413771188633001,53.27268853259143,0.7682010838231623,0.23179891617683726,2021-07-29,2021-07-29,Coverage-Aware Rank Sentiment
2021-08-31,2021-09-01,2021-09-30,combined_hierarchical_risk_parity,combined_hierarchical_risk_parity_coverage_rank_sentiment,Combined,hierarchical_risk_parity,coverage_rank,0.25,0.06639736167751867,0.031800939217604296,0.033750942156141384,53.363446239507866,0.7707848698962968,0.2292151301037034,2021-08-30,2021-08-30,Coverage-Aware Rank Sentiment
2021-09-30,2021-10-01,2021-10-29,combined_hierarchical_risk_parity,combined_hierarchical_risk_parity_coverage_rank_sentiment,Combined,hierarchical_risk_parity,coverage_rank,0.25,0.0564900502533166,0.036624357857844014,0.03302384418823779,53.25816750467848,0.7750668135103564,0.22493318648964344,2021-09-29,2021-09-29,Coverage-Aware Rank Sentiment
2021-10-29,2021-11-01,2021-11-30,combined_hierarchical_risk_parity,combined_hierarchical_risk_parity_coverage_rank_sentiment,Combined,hierarchical_risk_parity,coverage_rank,0.25,0.059710809737010775,0.03739596321434619,0.03265690958876028,54.01866774679226,0.7761131336202157,0.22388686637978433,2021-10-28,2021-10-28,Coverage-Aware Rank Sentiment
2021-11-30,2021-12-01,2021-12-31,combined_hierarchical_risk_parity,combined_hierarchical_risk_parity_coverage_rank_sentiment,Combined,hierarchical_risk_parity,coverage_rank,0.25,0.049462387590512434,0.0410833910850214,0.032398326130787664,53.68433165763848,0.7774730118171446,0.22252698818285552,2021-11-29,2021-11-29,Coverage-Aware Rank Sentiment
2021-12-31,2022-01-03,2022-01-31,combined_hierarchical_risk_parity,combined_hierarchical_risk_parity_coverage_rank_sentiment,Combined,hierarchical_risk_parity,coverage_rank,0.25,0.0706446028198129,0.032935456008294006,0.03210405777143686,53.96977534664316,0.7785617345053948,0.22143826549460563,2021-12-30,2021-12-30,Coverage-Aware Rank Sentiment
2022-01-31,2022-02-01,2022-02-28,combined_hierarchical_risk_parity,combined_hierarchical_risk_parity_coverage_rank_sentiment,Combined,hierarchical_risk_parity,coverage_rank,0.25,0.0950288157516573,0.04752025256510012,0.031908293470639046,54.52785853101972,0.7795826159381227,0.22041738406187758,2022-01-28,2022-01-28,Coverage-Aware Rank Sentiment
2022-02-28,2022-03-01,2022-03-31,combined_hierarchical_risk_parity,combined_hierarchical_risk_parity_coverage_rank_sentiment,Combined,hierarchical_risk_parity,coverage_rank,0.25,0.09527628448506453,0.04297945698823756,0.03139854756312545,54.75787465545132,0.7807118559519751,0.21928814404802482,2022-02-25,2022-02-25,Coverage-Aware Rank Sentiment
2022-03-31,2022-04-01,2022-04-29,combined_hierarchical_risk_parity,combined_hierarchical_risk_parity_coverage_rank_sentiment,Combined,hierarchical_risk_parity,coverage_rank,0.25,0.05716692474930896,0.035414448783874244,0.03124909951216487,54.70131857386972,0.7804825311913898,0.21951746880861014,2022-03-30,2022-03-30,Coverage-Aware Rank Sentiment
2022-04-29,2022-05-02,2022-05-31,combined_hierarchical_risk_parity,combined_hierarchical_risk_parity_coverage_rank_sentiment,Combined,hierarchical_risk_parity,coverage_rank,0.25,0.05051797605461662,0.043620230802297794,0.0312773339871622,54.14359613158891,0.779969130119354,0.22003086988064618,2022-04-28,2022-04-28,Coverage-Aware Rank Sentiment
2022-05-31,2022-06-01,2022-06-30,combined_hierarchical_risk_parity,combined_hierarchical_risk_parity_coverage_rank_sentiment,Combined,hierarchical_risk_parity,coverage_rank,0.25,0.09926837359467865,0.04040229880030885,0.031913071019518735,54.29435214236682,0.781549148613522,0.21845085138647813,2022-05-27,2022-05-27,Coverage-Aware Rank Sentiment
2022-06-30,2022-07-01,2022-07-29,combined_hierarchical_risk_parity,combined_hierarchical_risk_parity_coverage_rank_sentiment,Combined,hierarchical_risk_parity,coverage_rank,0.25,0.08788107334941814,0.040352517358349875,0.03280196912206856,53.9012802550415,0.7809841616441895,0.2190158383558106,2022-06-29,2022-06-29,Coverage-Aware Rank Sentiment
2022-07-29,2022-08-01,2022-08-31,combined_hierarchical_risk_parity,combined_hierarchical_risk_parity_coverage_rank_sentiment,Combined,hierarchical_risk_parity,coverage_rank,0.25,0.06634304522593053,0.04219057936776733,0.032189469910882756,53.197775476693344,0.7821450813398868,0.21785491866011344,2022-07-28,2022-07-28,Coverage-Aware Rank Sentiment
2022-08-31,2022-09-01,2022-09-30,combined_hierarchical_risk_parity,combined_hierarchical_risk_parity_coverage_rank_sentiment,Combined,hierarchical_risk_parity,coverage_rank,0.25,0.06788852999396389,0.041092797236834,0.034518473831110556,53.91775646405112,0.7821137971018635,0.21788620289813646,2022-08-30,2022-08-30,Coverage-Aware Rank Sentiment
2022-09-30,2022-10-03,2022-10-31,combined_hierarchical_risk_parity,combined_hierarchical_risk_parity_coverage_rank_sentiment,Combined,hierarchical_risk_parity,coverage_rank,0.25,0.048231788948325666,0.034822670267172964,0.032258947144773495,53.53082008239335,0.7803030661001893,0.21969693389981082,2022-09-29,2022-09-29,Coverage-Aware Rank Sentiment
2022-10-31,2022-11-01,2022-11-30,combined_hierarchical_risk_parity,combined_hierarchical_risk_parity_coverage_rank_sentiment,Combined,hierarchical_risk_parity,coverage_rank,0.25,0.06709392205208654,0.03821181943716788,0.03126943120705358,53.66926616966178,0.7773530101391295,0.22264698986087045,2022-10-28,2022-10-28,Coverage-Aware Rank Sentiment
2022-11-30,2022-12-01,2022-12-30,combined_hierarchical_risk_parity,combined_hierarchical_risk_parity_coverage_rank_sentiment,Combined,hierarchical_risk_parity,coverage_rank,0.25,0.045637111826023175,0.030739678448644326,0.0310020158810312,53.59815141980624,0.7779722596005224,0.22202774039947748,2022-11-29,2022-11-29,Coverage-Aware Rank Sentiment
2022-12-30,2023-01-03,2023-01-31,combined_hierarchical_risk_parity,combined_hierarchical_risk_parity_coverage_rank_sentiment,Combined,hierarchical_risk_parity,coverage_rank,0.25,0.06666723025960405,0.041617453016020406,0.031152243225284214,53.81150581496802,0.7772858358866206,0.22271416411337952,2022-12-29,2022-12-29,Coverage-Aware Rank Sentiment
2023-01-31,2023-02-01,2023-02-28,combined_hierarchical_risk_parity,combined_hierarchical_risk_parity_coverage_rank_sentiment,Combined,hierarchical_risk_parity,coverage_rank,0.25,0.0756442915971471,0.04693233065410786,0.03260737590826078,53.61789092953066,0.7769735792218436,0.2230264207781565,2023-01-30,2023-01-30,Coverage-Aware Rank Sentiment
2023-02-28,2023-03-01,2023-03-31,combined_hierarchical_risk_parity,combined_hierarchical_risk_parity_coverage_rank_sentiment,Combined,hierarchical_risk_parity,coverage_rank,0.25,0.07156905691255099,0.04704652585525287,0.031024418517360226,53.19838470306743,0.7770626651064068,0.22293733489359316,2023-02-27,2023-02-27,Coverage-Aware Rank Sentiment
2023-03-31,2023-04-03,2023-04-28,combined_hierarchical_risk_parity,combined_hierarchical_risk_parity_coverage_rank_sentiment,Combined,hierarchical_risk_parity,coverage_rank,0.25,0.08134043757812046,0.04341317420155601,0.030921303864330018,55.03670013495342,0.7771545863188759,0.2228454136811241,2023-03-30,2023-03-30,Coverage-Aware Rank Sentiment
2023-04-28,2023-05-01,2023-05-31,combined_hierarchical_risk_parity,combined_hierarchical_risk_parity_coverage_rank_sentiment,Combined,hierarchical_risk_parity,coverage_rank,0.25,0.05527811126381004,0.043047709091421936,0.030883065257624333,54.71270592688987,0.7771262529138714,0.22287374708612856,2023-04-27,2023-04-27,Coverage-Aware Rank Sentiment
2023-05-31,2023-06-01,2023-06-30,combined_hierarchical_risk_parity,combined_hierarchical_risk_parity_coverage_rank_sentiment,Combined,hierarchical_risk_parity,coverage_rank,0.25,0.09534597329345111,0.05006934219699292,0.032449253528014706,52.85430510570101,0.77667492408911,0.22332507591088976,2023-05-30,2023-05-30,Coverage-Aware Rank Sentiment
2023-06-30,2023-07-03,2023-07-31,combined_hierarchical_risk_parity,combined_hierarchical_risk_parity_coverage_rank_sentiment,Combined,hierarchical_risk_parity,coverage_rank,0.25,0.08779950871116185,0.04973098651986821,0.030898780780122353,53.835215082457864,0.7773119740784185,0.22268802592158146,2023-06-29,2023-06-29,Coverage-Aware Rank Sentiment
2023-07-31,2023-08-01,2023-08-31,combined_hierarchical_risk_parity,combined_hierarchical_risk_parity_coverage_rank_sentiment,Combined,hierarchical_risk_parity,coverage_rank,0.25,0.08431632481825002,0.04660063612387397,0.031056287607905016,55.09005000395367,0.7785516459643814,0.22144835403561866,2023-07-28,2023-07-28,Coverage-Aware Rank Sentiment
2023-08-31,2023-09-01,2023-09-29,combined_hierarchical_risk_parity,combined_hierarchical_risk_parity_coverage_rank_sentiment,Combined,hierarchical_risk_parity,coverage_rank,0.25,0.06704714701551893,0.042257506925351504,0.03345243996216922,54.435236767351654,0.7787668514284861,0.22123314857151355,2023-08-30,2023-08-30,Coverage-Aware Rank Sentiment
2023-09-29,2023-10-02,2023-10-31,combined_hierarchical_risk_parity,combined_hierarchical_risk_parity_coverage_rank_sentiment,Combined,hierarchical_risk_parity,coverage_rank,0.25,0.06710525030350752,0.044367418130691116,0.031445189438387776,54.302126993965736,0.7784329964491433,0.22156700355085693,2023-09-28,2023-09-28,Coverage-Aware Rank Sentiment
2023-10-31,2023-11-01,2023-11-30,combined_hierarchical_risk_parity,combined_hierarchical_risk_parity_coverage_rank_sentiment,Combined,hierarchical_risk_parity,coverage_rank,0.25,0.056876081418468255,0.04031422610897452,0.03102568681599123,53.75192452127631,0.7778895530265414,0.22211044697345855,2023-10-30,2023-10-30,Coverage-Aware Rank Sentiment
2023-11-30,2023-12-01,2023-12-29,combined_hierarchical_risk_parity,combined_hierarchical_risk_parity_coverage_rank_sentiment,Combined,hierarchical_risk_parity,coverage_rank,0.25,0.0883093801905452,0.047726326815329304,0.03101762284724893,55.075824802700275,0.7776052839188013,0.22239471608119873,2023-11-29,2023-11-29,Coverage-Aware Rank Sentiment
2020-12-31,2021-01-04,2021-01-29,combined_hierarchical_risk_parity,combined_hierarchical_risk_parity_naive_sentiment,Combined,hierarchical_risk_parity,naive,1.0,,0.026527380596909865,0.04047554371848664,49.360890252572254,0.6993438345232195,0.30065616547678053,2020-12-30,2020-12-30,Naive Sentiment
2021-01-29,2021-02-01,2021-02-26,combined_hierarchical_risk_parity,combined_hierarchical_risk_parity_naive_sentiment,Combined,hierarchical_risk_parity,naive,1.0,0.0823097634054969,0.023475311868545064,0.03819865092140223,50.19477909489665,0.7124744553342099,0.28752554466578994,2021-01-28,2021-01-28,Naive Sentiment
2021-02-26,2021-03-01,2021-03-31,combined_hierarchical_risk_parity,combined_hierarchical_risk_parity_naive_sentiment,Combined,hierarchical_risk_parity,naive,1.0,0.08674085543824042,0.02273561341889408,0.03683936915678996,51.359756480759145,0.7212704983663044,0.2787295016336953,2021-02-25,2021-02-25,Naive Sentiment
2021-03-31,2021-04-01,2021-04-30,combined_hierarchical_risk_parity,combined_hierarchical_risk_parity_naive_sentiment,Combined,hierarchical_risk_parity,naive,1.0,0.06447508381730077,0.034142162890789085,0.03643354406331206,51.915032475819,0.7238792755819092,0.2761207244180909,2021-03-30,2021-03-30,Naive Sentiment
2021-04-30,2021-05-03,2021-05-28,combined_hierarchical_risk_parity,combined_hierarchical_risk_parity_naive_sentiment,Combined,hierarchical_risk_parity,naive,1.0,0.11125922810002642,0.019083771365798342,0.03642715481798438,52.04348860898936,0.7320757228643386,0.26792427713566175,2021-04-29,2021-04-29,Naive Sentiment
2021-05-28,2021-06-01,2021-06-30,combined_hierarchical_risk_parity,combined_hierarchical_risk_parity_naive_sentiment,Combined,hierarchical_risk_parity,naive,1.0,0.07617400158487456,0.027872850012519833,0.03555710426866339,52.36779385463761,0.760524262844499,0.23947573715550077,2021-05-27,2021-05-27,Naive Sentiment
2021-06-30,2021-07-01,2021-07-30,combined_hierarchical_risk_parity,combined_hierarchical_risk_parity_naive_sentiment,Combined,hierarchical_risk_parity,naive,1.0,0.08178297390759112,0.03785131520211154,0.03452424458188145,54.83721041867361,0.7667533728152226,0.23324662718477723,2021-06-29,2021-06-29,Naive Sentiment
2021-07-30,2021-08-02,2021-08-31,combined_hierarchical_risk_parity,combined_hierarchical_risk_parity_naive_sentiment,Combined,hierarchical_risk_parity,naive,1.0,0.0497123712015736,0.0237679392790564,0.03413771188633001,53.73243398767636,0.7682010838231625,0.23179891617683726,2021-07-29,2021-07-29,Naive Sentiment
2021-08-31,2021-09-01,2021-09-30,combined_hierarchical_risk_parity,combined_hierarchical_risk_parity_naive_sentiment,Combined,hierarchical_risk_parity,naive,1.0,0.058994222479026574,0.028336079943605385,0.033750942156141384,53.30311250472196,0.7707848698962968,0.2292151301037034,2021-08-30,2021-08-30,Naive Sentiment
2021-09-30,2021-10-01,2021-10-29,combined_hierarchical_risk_parity,combined_hierarchical_risk_parity_naive_sentiment,Combined,hierarchical_risk_parity,naive,1.0,0.04737407739149937,0.029827665149895342,0.03300060819311812,53.57316160259055,0.7750668135103564,0.22493318648964344,2021-09-29,2021-09-29,Naive Sentiment
2021-10-29,2021-11-01,2021-11-30,combined_hierarchical_risk_parity,combined_hierarchical_risk_parity_naive_sentiment,Combined,hierarchical_risk_parity,naive,1.0,0.05078400120036206,0.01696555737879041,0.03265690958876028,54.512015872047364,0.7761131336202156,0.22388686637978433,2021-10-28,2021-10-28,Naive Sentiment
2021-11-30,2021-12-01,2021-12-31,combined_hierarchical_risk_parity,combined_hierarchical_risk_parity_naive_sentiment,Combined,hierarchical_risk_parity,naive,1.0,0.04099529170152672,0.025600354052198526,0.032398326130787664,54.35056767680856,0.7774730118171445,0.22252698818285552,2021-11-29,2021-11-29,Naive Sentiment
2021-12-31,2022-01-03,2022-01-31,combined_hierarchical_risk_parity,combined_hierarchical_risk_parity_naive_sentiment,Combined,hierarchical_risk_parity,naive,1.0,0.061888215855842726,0.021047549982387025,0.03210405777143686,54.35063114312544,0.7785617345053946,0.22143826549460563,2021-12-30,2021-12-30,Naive Sentiment
2022-01-31,2022-02-01,2022-02-28,combined_hierarchical_risk_parity,combined_hierarchical_risk_parity_naive_sentiment,Combined,hierarchical_risk_parity,naive,1.0,0.07444224596029339,0.03799023975868705,0.031908293470639046,54.653739752790635,0.7795826159381226,0.22041738406187758,2022-01-28,2022-01-28,Naive Sentiment
2022-02-28,2022-03-01,2022-03-31,combined_hierarchical_risk_parity,combined_hierarchical_risk_parity_naive_sentiment,Combined,hierarchical_risk_parity,naive,1.0,0.06931699640094087,0.017995918697781187,0.03139854756312545,54.609592720918904,0.7807118559519752,0.21928814404802482,2022-02-25,2022-02-25,Naive Sentiment
2022-03-31,2022-04-01,2022-04-29,combined_hierarchical_risk_parity,combined_hierarchical_risk_parity_naive_sentiment,Combined,hierarchical_risk_parity,naive,1.0,0.04047827558177887,0.027634116871509254,0.03124909951216487,54.59948064229326,0.7804825311913897,0.21951746880861014,2022-03-30,2022-03-30,Naive Sentiment
2022-04-29,2022-05-02,2022-05-31,combined_hierarchical_risk_parity,combined_hierarchical_risk_parity_naive_sentiment,Combined,hierarchical_risk_parity,naive,1.0,0.04912958439753454,0.019297867602358514,0.0312773339871622,54.528888750064425,0.7799691301193536,0.22003086988064618,2022-04-28,2022-04-28,Naive Sentiment
2022-05-31,2022-06-01,2022-06-30,combined_hierarchical_risk_parity,combined_hierarchical_risk_parity_naive_sentiment,Combined,hierarchical_risk_parity,naive,1.0,0.09370827989827621,0.04193887298168074,0.031178217958126638,54.30086623336531,0.781549148613522,0.21845085138647813,2022-05-27,2022-05-27,Naive Sentiment
2022-06-30,2022-07-01,2022-07-29,combined_hierarchical_risk_parity,combined_hierarchical_risk_parity_naive_sentiment,Combined,hierarchical_risk_parity,naive,1.0,0.08123445542383927,0.03344712909164963,0.03175133557171279,54.22633762142835,0.7809841616441896,0.2190158383558106,2022-06-29,2022-06-29,Naive Sentiment
2022-07-29,2022-08-01,2022-08-31,combined_hierarchical_risk_parity,combined_hierarchical_risk_parity_naive_sentiment,Combined,hierarchical_risk_parity,naive,1.0,0.05901718847444422,0.026528355883897528,0.031249344488069732,53.96844484722824,0.7821450813398866,0.21785491866011344,2022-07-28,2022-07-28,Naive Sentiment
2022-08-31,2022-09-01,2022-09-30,combined_hierarchical_risk_parity,combined_hierarchical_risk_parity_naive_sentiment,Combined,hierarchical_risk_parity,naive,1.0,0.05147836025661116,0.029235786876518895,0.030699372092025844,54.52881146182593,0.7821137971018637,0.21788620289813646,2022-08-30,2022-08-30,Naive Sentiment
2022-09-30,2022-10-03,2022-10-31,combined_hierarchical_risk_parity,combined_hierarchical_risk_parity_naive_sentiment,Combined,hierarchical_risk_parity,naive,1.0,0.04811488129782201,0.02336750044031837,0.03086162927826062,54.2168821730237,0.7803030661001893,0.21969693389981082,2022-09-29,2022-09-29,Naive Sentiment
2022-10-31,2022-11-01,2022-11-30,combined_hierarchical_risk_parity,combined_hierarchical_risk_parity_naive_sentiment,Combined,hierarchical_risk_parity,naive,1.0,0.05004765283846289,0.022542835247403283,0.03126943120705358,54.35955668204506,0.7773530101391294,0.22264698986087045,2022-10-28,2022-10-28,Naive Sentiment
2022-11-30,2022-12-01,2022-12-30,combined_hierarchical_risk_parity,combined_hierarchical_risk_parity_naive_sentiment,Combined,hierarchical_risk_parity,naive,1.0,0.039305398302852734,0.026484684107520088,0.0310020158810312,54.10964105999397,0.7779722596005226,0.22202774039947748,2022-11-29,2022-11-29,Naive Sentiment
2022-12-30,2023-01-03,2023-01-31,combined_hierarchical_risk_parity,combined_hierarchical_risk_parity_naive_sentiment,Combined,hierarchical_risk_parity,naive,1.0,0.04785031310812179,0.02305050423903184,0.031110804594821153,54.341986167000506,0.7772858358866207,0.22271416411337952,2022-12-29,2022-12-29,Naive Sentiment
2023-01-31,2023-02-01,2023-02-28,combined_hierarchical_risk_parity,combined_hierarchical_risk_parity_naive_sentiment,Combined,hierarchical_risk_parity,naive,1.0,0.04980296758689093,0.016877059805057548,0.031114521766555815,54.49721017380209,0.7769735792218435,0.2230264207781565,2023-01-30,2023-01-30,Naive Sentiment
2023-02-28,2023-03-01,2023-03-31,combined_hierarchical_risk_parity,combined_hierarchical_risk_parity_naive_sentiment,Combined,hierarchical_risk_parity,naive,1.0,0.04030638510991484,0.025086818364056282,0.031024418517360226,54.19769661130578,0.7770626651064066,0.22293733489359316,2023-02-27,2023-02-27,Naive Sentiment
2023-03-31,2023-04-03,2023-04-28,combined_hierarchical_risk_parity,combined_hierarchical_risk_parity_naive_sentiment,Combined,hierarchical_risk_parity,naive,1.0,0.05459393200545954,0.019924962497601582,0.030921303864330018,55.067778219267815,0.7771545863188759,0.2228454136811241,2023-03-30,2023-03-30,Naive Sentiment
2023-04-28,2023-05-01,2023-05-31,combined_hierarchical_risk_parity,combined_hierarchical_risk_parity_naive_sentiment,Combined,hierarchical_risk_parity,naive,1.0,0.028783045928487398,0.01628416261210143,0.030883065257624333,54.91053397724305,0.7771262529138716,0.22287374708612856,2023-04-27,2023-04-27,Naive Sentiment
2023-05-31,2023-06-01,2023-06-30,combined_hierarchical_risk_parity,combined_hierarchical_risk_parity_naive_sentiment,Combined,hierarchical_risk_parity,naive,1.0,0.05598688947054422,0.02315424119357294,0.030916049414850984,54.131461055333176,0.7766749240891099,0.22332507591088976,2023-05-30,2023-05-30,Naive Sentiment
2023-06-30,2023-07-03,2023-07-31,combined_hierarchical_risk_parity,combined_hierarchical_risk_parity_naive_sentiment,Combined,hierarchical_risk_parity,naive,1.0,0.06518316465725904,0.030427483553750464,0.030898780780122353,54.1284053130478,0.7773119740784185,0.22268802592158146,2023-06-29,2023-06-29,Naive Sentiment
2023-07-31,2023-08-01,2023-08-31,combined_hierarchical_risk_parity,combined_hierarchical_risk_parity_naive_sentiment,Combined,hierarchical_risk_parity,naive,1.0,0.059372183238874464,0.04021407781902085,0.031056287607905016,54.986235288756376,0.7785516459643814,0.22144835403561866,2023-07-28,2023-07-28,Naive Sentiment
2023-08-31,2023-09-01,2023-09-29,combined_hierarchical_risk_parity,combined_hierarchical_risk_parity_naive_sentiment,Combined,hierarchical_risk_parity,naive,1.0,0.060046923674921364,0.015204819814404576,0.0309922781712346,54.85451165398742,0.7787668514284863,0.22123314857151355,2023-08-30,2023-08-30,Naive Sentiment
2023-09-29,2023-10-02,2023-10-31,combined_hierarchical_risk_parity,combined_hierarchical_risk_parity_naive_sentiment,Combined,hierarchical_risk_parity,naive,1.0,0.03436623991620705,0.014219715983174785,0.031029430460649744,54.91446114678475,0.7784329964491433,0.22156700355085693,2023-09-28,2023-09-28,Naive Sentiment
2023-10-31,2023-11-01,2023-11-30,combined_hierarchical_risk_parity,combined_hierarchical_risk_parity_naive_sentiment,Combined,hierarchical_risk_parity,naive,1.0,0.03134639621842603,0.016752950123220207,0.03102568681599123,54.64712213290168,0.7778895530265415,0.22211044697345855,2023-10-30,2023-10-30,Naive Sentiment
2023-11-30,2023-12-01,2023-12-29,combined_hierarchical_risk_parity,combined_hierarchical_risk_parity_naive_sentiment,Combined,hierarchical_risk_parity,naive,1.0,0.046691563159612065,0.012501054781881224,0.03101762284724893,55.21561963088511,0.7776052839188012,0.22239471608119873,2023-11-29,2023-11-29,Naive Sentiment
2020-12-31,2021-01-04,2021-01-29,combined_maximum_sharpe,combined_maximum_sharpe_coverage_rank_sentiment,Combined,maximum_sharpe,coverage_rank,0.25,,0.015913235810538284,0.575838983965454,2.7092485915966797,0.36491271224178135,0.6350872877582185,2020-12-30,2020-12-30,Coverage-Aware Rank Sentiment
2021-01-29,2021-02-01,2021-02-26,combined_maximum_sharpe,combined_maximum_sharpe_coverage_rank_sentiment,Combined,maximum_sharpe,coverage_rank,0.25,0.2221330396285738,0.020613939780827182,0.529941160908171,2.8373284763951823,0.3218762117219991,0.678123788278001,2021-01-28,2021-01-28,Coverage-Aware Rank Sentiment
2021-02-26,2021-03-01,2021-03-31,combined_maximum_sharpe,combined_maximum_sharpe_coverage_rank_sentiment,Combined,maximum_sharpe,coverage_rank,0.25,0.27756445564327115,0.002199471491592413,0.4684109518668758,3.149750855279829,0.23771507498168118,0.7622849250183187,2021-02-25,2021-02-25,Coverage-Aware Rank Sentiment
2021-03-31,2021-04-01,2021-04-30,combined_maximum_sharpe,combined_maximum_sharpe_coverage_rank_sentiment,Combined,maximum_sharpe,coverage_rank,0.25,0.2548523155192913,0.0016935220414282474,0.4611133234309247,3.6350286791919486,0.2941197782538389,0.705880221746161,2021-03-30,2021-03-30,Coverage-Aware Rank Sentiment
2021-04-30,2021-05-03,2021-05-28,combined_maximum_sharpe,combined_maximum_sharpe_coverage_rank_sentiment,Combined,maximum_sharpe,coverage_rank,0.25,0.10518291317913317,0.026375320714884715,0.3868692041940837,4.008146089198115,0.3999264173509738,0.6000735826490264,2021-04-29,2021-04-29,Coverage-Aware Rank Sentiment
2021-05-28,2021-06-01,2021-06-30,combined_maximum_sharpe,combined_maximum_sharpe_coverage_rank_sentiment,Combined,maximum_sharpe,coverage_rank,0.25,0.21277092001928885,0.014942191031052347,0.28093702011683935,5.3178012341193845,0.5857348395928993,0.41426516040710076,2021-05-27,2021-05-27,Coverage-Aware Rank Sentiment
2021-06-30,2021-07-01,2021-07-30,combined_maximum_sharpe,combined_maximum_sharpe_coverage_rank_sentiment,Combined,maximum_sharpe,coverage_rank,0.25,0.23176610116691615,0.015462091077692645,0.30010149815354487,5.175082783972584,0.6330701176355914,0.3669298823644085,2021-06-29,2021-06-29,Coverage-Aware Rank Sentiment
2021-07-30,2021-08-02,2021-08-31,combined_maximum_sharpe,combined_maximum_sharpe_coverage_rank_sentiment,Combined,maximum_sharpe,coverage_rank,0.25,0.13490317414287836,0.024743700572202154,0.2836227349356749,5.710162721740281,0.6143118045468572,0.38568819545314276,2021-07-29,2021-07-29,Coverage-Aware Rank Sentiment
2021-08-31,2021-09-01,2021-09-30,combined_maximum_sharpe,combined_maximum_sharpe_coverage_rank_sentiment,Combined,maximum_sharpe,coverage_rank,0.25,0.13963919341355405,0.03276817925400098,0.3391101617650788,4.688945695182607,0.6071656223527023,0.3928343776472975,2021-08-30,2021-08-30,Coverage-Aware Rank Sentiment
2021-09-30,2021-10-01,2021-10-29,combined_maximum_sharpe,combined_maximum_sharpe_coverage_rank_sentiment,Combined,maximum_sharpe,coverage_rank,0.25,0.0970836785295601,0.017138878111889563,0.36972168971421926,4.04319185457885,0.5893094382942924,0.4106905617057077,2021-09-29,2021-09-29,Coverage-Aware Rank Sentiment
2021-10-29,2021-11-01,2021-11-30,combined_maximum_sharpe,combined_maximum_sharpe_coverage_rank_sentiment,Combined,maximum_sharpe,coverage_rank,0.25,0.11814110220779935,0.01880247032721746,0.32273016462730675,4.449083760325353,0.6234735155099441,0.3765264844900559,2021-10-28,2021-10-28,Coverage-Aware Rank Sentiment
2021-11-30,2021-12-01,2021-12-31,combined_maximum_sharpe,combined_maximum_sharpe_coverage_rank_sentiment,Combined,maximum_sharpe,coverage_rank,0.25,0.20235106201873213,0.02181801257229627,0.4933007015685841,3.342871293614182,0.6622607812909338,0.3377392187090662,2021-11-29,2021-11-29,Coverage-Aware Rank Sentiment
2021-12-31,2022-01-03,2022-01-31,combined_maximum_sharpe,combined_maximum_sharpe_coverage_rank_sentiment,Combined,maximum_sharpe,coverage_rank,0.25,0.2767290144372607,0.041605761579293445,0.30697287305384996,5.051317443094694,0.7546397475629494,0.24536025243705098,2021-12-30,2021-12-30,Coverage-Aware Rank Sentiment
2022-01-31,2022-02-01,2022-02-28,combined_maximum_sharpe,combined_maximum_sharpe_coverage_rank_sentiment,Combined,maximum_sharpe,coverage_rank,0.25,0.1916929237186298,0.04974081684164341,0.2716506954875655,6.092226328193553,0.7744155331084005,0.2255844668915997,2022-01-28,2022-01-28,Coverage-Aware Rank Sentiment
2022-02-28,2022-03-01,2022-03-31,combined_maximum_sharpe,combined_maximum_sharpe_coverage_rank_sentiment,Combined,maximum_sharpe,coverage_rank,0.25,0.16400048463245886,0.05919278591211574,0.19780266179309336,7.704662750348093,0.7750885112251045,0.22491148877489547,2022-02-25,2022-02-25,Coverage-Aware Rank Sentiment
2022-03-31,2022-04-01,2022-04-29,combined_maximum_sharpe,combined_maximum_sharpe_coverage_rank_sentiment,Combined,maximum_sharpe,coverage_rank,0.25,0.10980603872315105,0.03151886615757887,0.21042525990412977,6.9391395689352455,0.8093840004178644,0.19061599958213565,2022-03-30,2022-03-30,Coverage-Aware Rank Sentiment
2022-04-29,2022-05-02,2022-05-31,combined_maximum_sharpe,combined_maximum_sharpe_coverage_rank_sentiment,Combined,maximum_sharpe,coverage_rank,0.25,0.1229478574894009,0.03184684172034034,0.21482025030853638,6.496814142135147,0.7883429158693405,0.21165708413065948,2022-04-28,2022-04-28,Coverage-Aware Rank Sentiment
2022-05-31,2022-06-01,2022-06-30,combined_maximum_sharpe,combined_maximum_sharpe_coverage_rank_sentiment,Combined,maximum_sharpe,coverage_rank,0.25,0.18717728231612948,0.03705374168652445,0.27747161228893696,6.512380618291223,0.8176249815612359,0.18237501843876436,2022-05-27,2022-05-27,Coverage-Aware Rank Sentiment
2022-06-30,2022-07-01,2022-07-29,combined_maximum_sharpe,combined_maximum_sharpe_coverage_rank_sentiment,Combined,maximum_sharpe,coverage_rank,0.25,0.25071439573563564,0.041635088272456364,0.4600682527131445,3.930526848541456,0.8465941771803299,0.15340582281966986,2022-06-29,2022-06-29,Coverage-Aware Rank Sentiment
2022-07-29,2022-08-01,2022-08-31,combined_maximum_sharpe,combined_maximum_sharpe_coverage_rank_sentiment,Combined,maximum_sharpe,coverage_rank,0.25,0.3132699232130187,0.02906943741796427,0.3226162392834008,5.56682228535829,0.8288799933573139,0.1711200066426862,2022-07-28,2022-07-28,Coverage-Aware Rank Sentiment
2022-08-31,2022-09-01,2022-09-30,combined_maximum_sharpe,combined_maximum_sharpe_coverage_rank_sentiment,Combined,maximum_sharpe,coverage_rank,0.25,0.16359214477328116,0.029267105366918903,0.2580936928336976,6.1000427043142516,0.828859438409598,0.17114056159040184,2022-08-30,2022-08-30,Coverage-Aware Rank Sentiment
2022-09-30,2022-10-03,2022-10-31,combined_maximum_sharpe,combined_maximum_sharpe_coverage_rank_sentiment,Combined,maximum_sharpe,coverage_rank,0.25,0.1910735885063937,0.039861961768627475,0.41316361106246974,4.412583472171069,0.7881006617701639,0.21189933822983645,2022-09-29,2022-09-29,Coverage-Aware Rank Sentiment
2022-10-31,2022-11-01,2022-11-30,combined_maximum_sharpe,combined_maximum_sharpe_coverage_rank_sentiment,Combined,maximum_sharpe,coverage_rank,0.25,0.14235491999800517,0.03744446188951934,0.4041043967020398,4.608419845090492,0.8186912167593134,0.18130878324068664,2022-10-28,2022-10-28,Coverage-Aware Rank Sentiment
2022-11-30,2022-12-01,2022-12-30,combined_maximum_sharpe,combined_maximum_sharpe_coverage_rank_sentiment,Combined,maximum_sharpe,coverage_rank,0.25,0.21928410451873523,0.0454364245943565,0.46743612173780935,3.8092274198981264,0.8517874037834854,0.14821259621651472,2022-11-29,2022-11-29,Coverage-Aware Rank Sentiment
2022-12-30,2023-01-03,2023-01-31,combined_maximum_sharpe,combined_maximum_sharpe_coverage_rank_sentiment,Combined,maximum_sharpe,coverage_rank,0.25,0.059332602071789586,0.022108821155877454,0.5126685180693705,3.2841960214198043,0.8386868645934351,0.1613131354065652,2022-12-29,2022-12-29,Coverage-Aware Rank Sentiment
2023-01-31,2023-02-01,2023-02-28,combined_maximum_sharpe,combined_maximum_sharpe_coverage_rank_sentiment,Combined,maximum_sharpe,coverage_rank,0.25,0.13755101540619905,0.04424098041320362,0.385436448124597,4.588990898433441,0.8422434549220312,0.1577565450779691,2023-01-30,2023-01-30,Coverage-Aware Rank Sentiment
2023-02-28,2023-03-01,2023-03-31,combined_maximum_sharpe,combined_maximum_sharpe_coverage_rank_sentiment,Combined,maximum_sharpe,coverage_rank,0.25,0.11912223936629794,0.014903226529515602,0.4123899092623355,3.8115423580200316,0.8458350410655711,0.15416495893442908,2023-02-27,2023-02-27,Coverage-Aware Rank Sentiment
2023-03-31,2023-04-03,2023-04-28,combined_maximum_sharpe,combined_maximum_sharpe_coverage_rank_sentiment,Combined,maximum_sharpe,coverage_rank,0.25,0.14381570946219205,0.05509210187631622,0.37211655193682175,4.148509330827222,0.8537195106722143,0.14628048932778567,2023-03-30,2023-03-30,Coverage-Aware Rank Sentiment
2023-04-28,2023-05-01,2023-05-31,combined_maximum_sharpe,combined_maximum_sharpe_coverage_rank_sentiment,Combined,maximum_sharpe,coverage_rank,0.25,0.1268318817932094,0.03499590125010728,0.40287466542189276,4.284427887132304,0.8446646965621115,0.15533530343788837,2023-04-27,2023-04-27,Coverage-Aware Rank Sentiment
2023-05-31,2023-06-01,2023-06-30,combined_maximum_sharpe,combined_maximum_sharpe_coverage_rank_sentiment,Combined,maximum_sharpe,coverage_rank,0.25,0.10772342557807746,0.04378085139620795,0.37554156342593326,3.8956137758699003,0.8345913426848848,0.16540865731511512,2023-05-30,2023-05-30,Coverage-Aware Rank Sentiment
2023-06-30,2023-07-03,2023-07-31,combined_maximum_sharpe,combined_maximum_sharpe_coverage_rank_sentiment,Combined,maximum_sharpe,coverage_rank,0.25,0.0971191672282995,0.056742257727007216,0.36790216162182493,3.884497450232906,0.8431882226445584,0.15681177735544172,2023-06-29,2023-06-29,Coverage-Aware Rank Sentiment
2023-07-31,2023-08-01,2023-08-31,combined_maximum_sharpe,combined_maximum_sharpe_coverage_rank_sentiment,Combined,maximum_sharpe,coverage_rank,0.25,0.10180266835943366,0.0668424501314017,0.39345592943751395,3.6598325094716087,0.860256401838994,0.13974359816100593,2023-07-28,2023-07-28,Coverage-Aware Rank Sentiment
2023-08-31,2023-09-01,2023-09-29,combined_maximum_sharpe,combined_maximum_sharpe_coverage_rank_sentiment,Combined,maximum_sharpe,coverage_rank,0.25,0.051733923485388286,0.060053255452013926,0.38298980250027215,3.658148078383831,0.874436350001531,0.12556364999846892,2023-08-30,2023-08-30,Coverage-Aware Rank Sentiment
2023-09-29,2023-10-02,2023-10-31,combined_maximum_sharpe,combined_maximum_sharpe_coverage_rank_sentiment,Combined,maximum_sharpe,coverage_rank,0.25,0.14704135256133116,0.039061295676396046,0.3695538440568199,4.071684028362158,0.8579807642681249,0.1420192357318751,2023-09-28,2023-09-28,Coverage-Aware Rank Sentiment
2023-10-31,2023-11-01,2023-11-30,combined_maximum_sharpe,combined_maximum_sharpe_coverage_rank_sentiment,Combined,maximum_sharpe,coverage_rank,0.25,0.13684929844888633,0.04589132288354498,0.33776037256162605,4.4683544236158035,0.8219745641002014,0.1780254358997987,2023-10-30,2023-10-30,Coverage-Aware Rank Sentiment
2023-11-30,2023-12-01,2023-12-29,combined_maximum_sharpe,combined_maximum_sharpe_coverage_rank_sentiment,Combined,maximum_sharpe,coverage_rank,0.25,0.10108429269401316,0.04268901269609972,0.36416680626015613,3.7990626397060665,0.8265394004419485,0.17346059955805146,2023-11-29,2023-11-29,Coverage-Aware Rank Sentiment
2020-12-31,2021-01-04,2021-01-29,combined_maximum_sharpe,combined_maximum_sharpe_naive_sentiment,Combined,maximum_sharpe,naive,1.0,,0.005185941324468304,0.575838983965454,2.7052795701397696,0.36491271224178135,0.6350872877582185,2020-12-30,2020-12-30,Naive Sentiment
2021-01-29,2021-02-01,2021-02-26,combined_maximum_sharpe,combined_maximum_sharpe_naive_sentiment,Combined,maximum_sharpe,naive,1.0,0.2330170236384577,0.013673780286277876,0.529941160908171,2.8194097677698937,0.321876211721999,0.678123788278001,2021-01-28,2021-01-28,Naive Sentiment
2021-02-26,2021-03-01,2021-03-31,combined_maximum_sharpe,combined_maximum_sharpe_naive_sentiment,Combined,maximum_sharpe,naive,1.0,0.27168184950420343,0.0007848368471707761,0.4684109518668758,3.1447236485413588,0.2377150749816812,0.7622849250183187,2021-02-25,2021-02-25,Naive Sentiment
2021-03-31,2021-04-01,2021-04-30,combined_maximum_sharpe,combined_maximum_sharpe_naive_sentiment,Combined,maximum_sharpe,naive,1.0,0.25405612654304816,0.009294018770271953,0.4611133234309247,3.622173760326662,0.29411977825383884,0.705880221746161,2021-03-30,2021-03-30,Naive Sentiment
2021-04-30,2021-05-03,2021-05-28,combined_maximum_sharpe,combined_maximum_sharpe_naive_sentiment,Combined,maximum_sharpe,naive,1.0,0.10864799532685297,0.007083469051383795,0.3868692041940837,3.8901084770138694,0.3999264173509738,0.6000735826490264,2021-04-29,2021-04-29,Naive Sentiment
2021-05-28,2021-06-01,2021-06-30,combined_maximum_sharpe,combined_maximum_sharpe_naive_sentiment,Combined,maximum_sharpe,naive,1.0,0.23197024525110596,0.010135244302968926,0.28574396684492287,5.272825290508579,0.5857348395928992,0.41426516040710076,2021-05-27,2021-05-27,Naive Sentiment
2021-06-30,2021-07-01,2021-07-30,combined_maximum_sharpe,combined_maximum_sharpe_naive_sentiment,Combined,maximum_sharpe,naive,1.0,0.24252999121185068,0.022222100346502863,0.3077635632093598,5.083959416922685,0.6330701176355918,0.3669298823644085,2021-06-29,2021-06-29,Naive Sentiment
2021-07-30,2021-08-02,2021-08-31,combined_maximum_sharpe,combined_maximum_sharpe_naive_sentiment,Combined,maximum_sharpe,naive,1.0,0.13435442345869184,0.020985341924171973,0.2850025599224468,5.673797772218088,0.6143118045468571,0.38568819545314276,2021-07-29,2021-07-29,Naive Sentiment
2021-08-31,2021-09-01,2021-09-30,combined_maximum_sharpe,combined_maximum_sharpe_naive_sentiment,Combined,maximum_sharpe,naive,1.0,0.13499381817917458,0.03428380761757275,0.34137569502850507,4.676914944298853,0.6071656223527022,0.3928343776472975,2021-08-30,2021-08-30,Naive Sentiment
2021-09-30,2021-10-01,2021-10-29,combined_maximum_sharpe,combined_maximum_sharpe_naive_sentiment,Combined,maximum_sharpe,naive,1.0,0.08908077635781551,0.01634079678720919,0.3689236083895389,4.049790743550224,0.5893094382942926,0.4106905617057077,2021-09-29,2021-09-29,Naive Sentiment
2021-10-29,2021-11-01,2021-11-30,combined_maximum_sharpe,combined_maximum_sharpe_naive_sentiment,Combined,maximum_sharpe,naive,1.0,0.11044873313113636,0.025665412116892244,0.32959310641698153,4.410444641440379,0.6234735155099442,0.3765264844900559,2021-10-28,2021-10-28,Naive Sentiment
2021-11-30,2021-12-01,2021-12-31,combined_maximum_sharpe,combined_maximum_sharpe_naive_sentiment,Combined,maximum_sharpe,naive,1.0,0.1950209906231544,0.021937258003961544,0.4934199470002494,3.3489562738650127,0.662260781290934,0.3377392187090662,2021-11-29,2021-11-29,Naive Sentiment
2021-12-31,2022-01-03,2022-01-31,combined_maximum_sharpe,combined_maximum_sharpe_naive_sentiment,Combined,maximum_sharpe,naive,1.0,0.25748647652212514,0.02344649166609516,0.28888118216553244,5.052864127797775,0.7546397475629493,0.24536025243705098,2021-12-30,2021-12-30,Naive Sentiment
2022-01-31,2022-02-01,2022-02-28,combined_maximum_sharpe,combined_maximum_sharpe_naive_sentiment,Combined,maximum_sharpe,naive,1.0,0.17756939260582189,0.032092109496598006,0.2519764679701186,6.152558416194186,0.7744155331084004,0.2255844668915997,2022-01-28,2022-01-28,Naive Sentiment
2022-02-28,2022-03-01,2022-03-31,combined_maximum_sharpe,combined_maximum_sharpe_naive_sentiment,Combined,maximum_sharpe,naive,1.0,0.16665796545857645,0.024344156586494383,0.1770388560994006,7.726464009452368,0.7750885112251045,0.22491148877489547,2022-02-25,2022-02-25,Naive Sentiment
2022-03-31,2022-04-01,2022-04-29,combined_maximum_sharpe,combined_maximum_sharpe_naive_sentiment,Combined,maximum_sharpe,naive,1.0,0.09977871240380437,0.02635000922628506,0.20675195197936708,6.956380035344798,0.8093840004178643,0.19061599958213565,2022-03-30,2022-03-30,Naive Sentiment
2022-04-29,2022-05-02,2022-05-31,combined_maximum_sharpe,combined_maximum_sharpe_naive_sentiment,Combined,maximum_sharpe,naive,1.0,0.12429738861351178,0.02204399025070561,0.21358890362155766,6.560657782496758,0.7883429158693407,0.21165708413065948,2022-04-28,2022-04-28,Naive Sentiment
2022-05-31,2022-06-01,2022-06-30,combined_maximum_sharpe,combined_maximum_sharpe_naive_sentiment,Combined,maximum_sharpe,naive,1.0,0.21119243455215295,0.04298388991537436,0.28642574910129687,6.426674078454347,0.8176249815612356,0.18237501843876436,2022-05-27,2022-05-27,Naive Sentiment
2022-06-30,2022-07-01,2022-07-29,combined_maximum_sharpe,combined_maximum_sharpe_naive_sentiment,Combined,maximum_sharpe,naive,1.0,0.2381580983335839,0.03194841737165729,0.45066139123973636,4.041250749969619,0.8465941771803303,0.15340582281966986,2022-06-29,2022-06-29,Naive Sentiment
2022-07-29,2022-08-01,2022-08-31,combined_maximum_sharpe,combined_maximum_sharpe_naive_sentiment,Combined,maximum_sharpe,naive,1.0,0.3173483297562958,0.015889774870459436,0.31241198454233315,5.693453438363289,0.8288799933573139,0.1711200066426862,2022-07-28,2022-07-28,Naive Sentiment
2022-08-31,2022-09-01,2022-09-30,combined_maximum_sharpe,combined_maximum_sharpe_naive_sentiment,Combined,maximum_sharpe,naive,1.0,0.16807170490462603,0.012984365869923967,0.24761317066648864,6.072617857760593,0.8288594384095982,0.17114056159040184,2022-08-30,2022-08-30,Naive Sentiment
2022-09-30,2022-10-03,2022-10-31,combined_maximum_sharpe,combined_maximum_sharpe_naive_sentiment,Combined,maximum_sharpe,naive,1.0,0.20392844068328603,0.03419647034528467,0.4044748501119761,4.529635576565128,0.7881006617701636,0.21189933822983645,2022-09-29,2022-09-29,Naive Sentiment
2022-10-31,2022-11-01,2022-11-30,combined_maximum_sharpe,combined_maximum_sharpe_naive_sentiment,Combined,maximum_sharpe,naive,1.0,0.1444327981524103,0.030870906200905757,0.39770370197721205,4.700041027945016,0.8186912167593133,0.18130878324068664,2022-10-28,2022-10-28,Naive Sentiment
2022-11-30,2022-12-01,2022-12-30,combined_maximum_sharpe,combined_maximum_sharpe_naive_sentiment,Combined,maximum_sharpe,naive,1.0,0.21896308211853466,0.027395946207907872,0.45191365844899434,3.9770053085475916,0.8517874037834854,0.14821259621651472,2022-11-29,2022-11-29,Naive Sentiment
2022-12-30,2023-01-03,2023-01-31,combined_maximum_sharpe,combined_maximum_sharpe_naive_sentiment,Combined,maximum_sharpe,naive,1.0,0.06663914271679795,0.01535794789391091,0.5097555870371526,3.3107821338727397,0.8386868645934349,0.1613131354065652,2022-12-29,2022-12-29,Naive Sentiment
2023-01-31,2023-02-01,2023-02-28,combined_maximum_sharpe,combined_maximum_sharpe_naive_sentiment,Combined,maximum_sharpe,naive,1.0,0.1625534560840343,0.019117499131439335,0.3639848107033509,4.795383269491866,0.8422434549220312,0.1577565450779691,2023-01-30,2023-01-30,Naive Sentiment
2023-02-28,2023-03-01,2023-03-31,combined_maximum_sharpe,combined_maximum_sharpe_naive_sentiment,Combined,maximum_sharpe,naive,1.0,0.11687302696234805,0.012873810633179106,0.410411276990696,3.8281340695725796,0.8458350410655708,0.15416495893442908,2023-02-27,2023-02-27,Naive Sentiment
2023-03-31,2023-04-03,2023-04-28,combined_maximum_sharpe,combined_maximum_sharpe_naive_sentiment,Combined,maximum_sharpe,naive,1.0,0.11031826277035159,0.022438377330462958,0.40195789244137703,4.02788663900977,0.8537195106722143,0.14628048932778567,2023-03-30,2023-03-30,Naive Sentiment
2023-04-28,2023-05-01,2023-05-31,combined_maximum_sharpe,combined_maximum_sharpe_naive_sentiment,Combined,maximum_sharpe,naive,1.0,0.0791138680436806,0.0054846130685191966,0.379717918732324,4.447746901952767,0.8446646965621114,0.15533530343788837,2023-04-27,2023-04-27,Naive Sentiment
2023-05-31,2023-06-01,2023-06-30,combined_maximum_sharpe,combined_maximum_sharpe_naive_sentiment,Combined,maximum_sharpe,naive,1.0,0.10417601043848843,0.02122220729806352,0.35450239953065693,3.910965171161199,0.8345913426848847,0.16540865731511512,2023-05-30,2023-05-30,Naive Sentiment
2023-06-30,2023-07-03,2023-07-31,combined_maximum_sharpe,combined_maximum_sharpe_naive_sentiment,Combined,maximum_sharpe,naive,1.0,0.08473331407506468,0.027770597514139635,0.34448067992195397,4.049604893165742,0.8431882226445584,0.15681177735544172,2023-06-29,2023-06-29,Naive Sentiment
2023-07-31,2023-08-01,2023-08-31,combined_maximum_sharpe,combined_maximum_sharpe_naive_sentiment,Combined,maximum_sharpe,naive,1.0,0.08858654892073595,0.05167765076744777,0.3782911300735602,3.6425614048745594,0.860256401838994,0.13974359816100593,2023-07-28,2023-07-28,Naive Sentiment
2023-08-31,2023-09-01,2023-09-29,combined_maximum_sharpe,combined_maximum_sharpe_naive_sentiment,Combined,maximum_sharpe,naive,1.0,0.0596637538599175,0.02180963683999264,0.3557290613145951,3.6871616373516876,0.8744363500015312,0.12556364999846892,2023-08-30,2023-08-30,Naive Sentiment
2023-09-29,2023-10-02,2023-10-31,combined_maximum_sharpe,combined_maximum_sharpe_naive_sentiment,Combined,maximum_sharpe,naive,1.0,0.08433229218145735,0.004610830117412611,0.353820849651376,3.99389907991628,0.857980764268125,0.1420192357318751,2023-09-28,2023-09-28,Naive Sentiment
2023-10-31,2023-11-01,2023-11-30,combined_maximum_sharpe,combined_maximum_sharpe_naive_sentiment,Combined,maximum_sharpe,naive,1.0,0.12098924628933033,0.01105013938825082,0.32620944068532365,4.363793726778167,0.8219745641002014,0.1780254358997987,2023-10-30,2023-10-30,Naive Sentiment
2023-11-30,2023-12-01,2023-12-29,combined_maximum_sharpe,combined_maximum_sharpe_naive_sentiment,Combined,maximum_sharpe,naive,1.0,0.06028226022553457,0.03280681049468718,0.3542846040587437,3.906563628169114,0.8265394004419484,0.17346059955805146,2023-11-29,2023-11-29,Naive Sentiment
2020-12-31,2021-01-04,2021-01-29,combined_minimum_variance,combined_minimum_variance_coverage_rank_sentiment,Combined,minimum_variance,coverage_rank,0.25,,0.04090273110761172,0.26952886657076675,6.61566504976857,1.0,2.625136566440089e-16,2020-12-30,2020-12-30,Coverage-Aware Rank Sentiment
2021-01-29,2021-02-01,2021-02-26,combined_minimum_variance,combined_minimum_variance_coverage_rank_sentiment,Combined,minimum_variance,coverage_rank,0.25,0.08125869525388849,0.02693874619857818,0.22901689245381404,7.393913724321136,0.9999999999999998,1.7681736519997482e-16,2021-01-28,2021-01-28,Coverage-Aware Rank Sentiment
2021-02-26,2021-03-01,2021-03-31,combined_minimum_variance,combined_minimum_variance_coverage_rank_sentiment,Combined,minimum_variance,coverage_rank,0.25,0.05069322107026793,0.04871325400817632,0.2587785790098217,6.93207760483928,1.0,8.48315879826421e-17,2021-02-25,2021-02-25,Coverage-Aware Rank Sentiment
2021-03-31,2021-04-01,2021-04-30,combined_minimum_variance,combined_minimum_variance_coverage_rank_sentiment,Combined,minimum_variance,coverage_rank,0.25,0.0671177792555889,0.06164039280427959,0.2550416342557297,7.1812134509536065,0.9999999999999998,6.732290847130624e-17,2021-03-30,2021-03-30,Coverage-Aware Rank Sentiment
2021-04-30,2021-05-03,2021-05-28,combined_minimum_variance,combined_minimum_variance_coverage_rank_sentiment,Combined,minimum_variance,coverage_rank,0.25,0.1422958983871011,0.07065595936581023,0.19817175267342055,7.780256545458722,0.9999999999999998,2.4409525066912743e-16,2021-04-29,2021-04-29,Coverage-Aware Rank Sentiment
2021-05-28,2021-06-01,2021-06-30,combined_minimum_variance,combined_minimum_variance_coverage_rank_sentiment,Combined,minimum_variance,coverage_rank,0.25,0.08519999507055734,0.039159019930116785,0.2358471041952512,7.66859099224275,1.0,1.4254110580290282e-16,2021-05-27,2021-05-27,Coverage-Aware Rank Sentiment
2021-06-30,2021-07-01,2021-07-30,combined_minimum_variance,combined_minimum_variance_coverage_rank_sentiment,Combined,minimum_variance,coverage_rank,0.25,0.08453156146823583,0.04239204800253505,0.1731951929243508,8.457072854019192,0.9999999999999999,5.2013432438446556e-17,2021-06-29,2021-06-29,Coverage-Aware Rank Sentiment
2021-07-30,2021-08-02,2021-08-31,combined_minimum_variance,combined_minimum_variance_coverage_rank_sentiment,Combined,minimum_variance,coverage_rank,0.25,0.1060410862158462,0.0630788736693925,0.2668008568246306,7.170369644453886,0.9999999999999997,2.3686537458314636e-16,2021-07-29,2021-07-29,Coverage-Aware Rank Sentiment
2021-08-31,2021-09-01,2021-09-30,combined_minimum_variance,combined_minimum_variance_coverage_rank_sentiment,Combined,minimum_variance,coverage_rank,0.25,0.04676193878578877,0.02301131679132954,0.22847794463223314,7.8056144666840375,1.0,1.1836406364523855e-16,2021-08-30,2021-08-30,Coverage-Aware Rank Sentiment
2021-09-30,2021-10-01,2021-10-29,combined_minimum_variance,combined_minimum_variance_coverage_rank_sentiment,Combined,minimum_variance,coverage_rank,0.25,0.050798295138212574,0.058254709739473,0.23122470004920098,7.792659216435949,0.9999999999999998,1.558125392794464e-16,2021-09-29,2021-09-29,Coverage-Aware Rank Sentiment
2021-10-29,2021-11-01,2021-11-30,combined_minimum_variance,combined_minimum_variance_coverage_rank_sentiment,Combined,minimum_variance,coverage_rank,0.25,0.0750684420444674,0.045120831204363,0.19944454823584884,8.402751547981179,0.9999999999999996,3.175069668136096e-16,2021-10-28,2021-10-28,Coverage-Aware Rank Sentiment
2021-11-30,2021-12-01,2021-12-31,combined_minimum_variance,combined_minimum_variance_coverage_rank_sentiment,Combined,minimum_variance,coverage_rank,0.25,0.051414477067611784,0.04508503739334245,0.22900637793347836,7.827119383408381,0.9999999999999997,2.879315791810302e-16,2021-11-29,2021-11-29,Coverage-Aware Rank Sentiment
2021-12-31,2022-01-03,2022-01-31,combined_minimum_variance,combined_minimum_variance_coverage_rank_sentiment,Combined,minimum_variance,coverage_rank,0.25,0.05899499757772302,0.025757571400268214,0.2230817551949741,8.224436159964261,1.0000000000000002,1.219343696385765e-16,2021-12-30,2021-12-30,Coverage-Aware Rank Sentiment
2022-01-31,2022-02-01,2022-02-28,combined_minimum_variance,combined_minimum_variance_coverage_rank_sentiment,Combined,minimum_variance,coverage_rank,0.25,0.07757079447159931,0.05349046503113423,0.20408164205138357,8.303436233843023,1.0,6.446223652687992e-17,2022-01-28,2022-01-28,Coverage-Aware Rank Sentiment
2022-02-28,2022-03-01,2022-03-31,combined_minimum_variance,combined_minimum_variance_coverage_rank_sentiment,Combined,minimum_variance,coverage_rank,0.25,0.09900164718594248,0.057623829692667175,0.22828240739720995,8.364619723120589,0.9999999999999999,1.188417009269798e-16,2022-02-25,2022-02-25,Coverage-Aware Rank Sentiment
2022-03-31,2022-04-01,2022-04-29,combined_minimum_variance,combined_minimum_variance_coverage_rank_sentiment,Combined,minimum_variance,coverage_rank,0.25,0.0866659567466964,0.03609579563619038,0.2059620171377496,8.513315894067166,0.9999999999999998,7.625861249154359e-17,2022-03-30,2022-03-30,Coverage-Aware Rank Sentiment
2022-04-29,2022-05-02,2022-05-31,combined_minimum_variance,combined_minimum_variance_coverage_rank_sentiment,Combined,minimum_variance,coverage_rank,0.25,0.04965511814845977,0.032199206250253784,0.22815786401167273,8.309261728872885,0.9999999999999997,3.312919109684777e-17,2022-04-28,2022-04-28,Coverage-Aware Rank Sentiment
2022-05-31,2022-06-01,2022-06-30,combined_minimum_variance,combined_minimum_variance_coverage_rank_sentiment,Combined,minimum_variance,coverage_rank,0.25,0.08038700813556444,0.05185678413340527,0.21243640970671704,8.703588595551016,1.0,1.371661766539349e-16,2022-05-27,2022-05-27,Coverage-Aware Rank Sentiment
2022-06-30,2022-07-01,2022-07-29,combined_minimum_variance,combined_minimum_variance_coverage_rank_sentiment,Combined,minimum_variance,coverage_rank,0.25,0.09642099961243494,0.06439785619144764,0.16042736610319036,8.818383101153197,0.9999999999999998,6.646681241328006e-17,2022-06-29,2022-06-29,Coverage-Aware Rank Sentiment
2022-07-29,2022-08-01,2022-08-31,combined_minimum_variance,combined_minimum_variance_coverage_rank_sentiment,Combined,minimum_variance,coverage_rank,0.25,0.055154922758872654,0.03361725138394412,0.1795703904088306,8.871417489966653,1.0000000000000002,5.969895901922524e-17,2022-07-28,2022-07-28,Coverage-Aware Rank Sentiment
2022-08-31,2022-09-01,2022-09-30,combined_minimum_variance,combined_minimum_variance_coverage_rank_sentiment,Combined,minimum_variance,coverage_rank,0.25,0.0660230781112055,0.05145098201481609,0.21587575221511993,8.40617781119454,0.9999999999999996,2.425136706754782e-16,2022-08-30,2022-08-30,Coverage-Aware Rank Sentiment
2022-09-30,2022-10-03,2022-10-31,combined_minimum_variance,combined_minimum_variance_coverage_rank_sentiment,Combined,minimum_variance,coverage_rank,0.25,0.04958115490393042,0.05207382740782383,0.2058456393772095,8.488351245350506,1.0,7.802993863230737e-17,2022-09-29,2022-09-29,Coverage-Aware Rank Sentiment
2022-10-31,2022-11-01,2022-11-30,combined_minimum_variance,combined_minimum_variance_coverage_rank_sentiment,Combined,minimum_variance,coverage_rank,0.25,0.07523890116443523,0.05124928890151982,0.17066061125238152,8.97814258684866,0.9999999999999999,9.582133100741909e-17,2022-10-28,2022-10-28,Coverage-Aware Rank Sentiment
2022-11-30,2022-12-01,2022-12-30,combined_minimum_variance,combined_minimum_variance_coverage_rank_sentiment,Combined,minimum_variance,coverage_rank,0.25,0.0513136982407268,0.034173883436459176,0.18907298734069194,8.631354361307038,1.0,1.1900449347068061e-16,2022-11-29,2022-11-29,Coverage-Aware Rank Sentiment
2022-12-30,2023-01-03,2023-01-31,combined_minimum_variance,combined_minimum_variance_coverage_rank_sentiment,Combined,minimum_variance,coverage_rank,0.25,0.046260816390015794,0.04403313931461261,0.20822447844541256,8.224048877216484,0.9999999999999998,1.444435824311063e-16,2022-12-29,2022-12-29,Coverage-Aware Rank Sentiment
2023-01-31,2023-02-01,2023-02-28,combined_minimum_variance,combined_minimum_variance_coverage_rank_sentiment,Combined,minimum_variance,coverage_rank,0.25,0.08122060852882684,0.07977647465818999,0.16077518176436836,8.607146454533265,1.0,2.028265235081426e-16,2023-01-30,2023-01-30,Coverage-Aware Rank Sentiment
2023-02-28,2023-03-01,2023-03-31,combined_minimum_variance,combined_minimum_variance_coverage_rank_sentiment,Combined,minimum_variance,coverage_rank,0.25,0.07690283666144736,0.04412979782373518,0.17236703987377075,9.021115695460987,0.9999999999999999,1.6118808409055353e-16,2023-02-27,2023-02-27,Coverage-Aware Rank Sentiment
2023-03-31,2023-04-03,2023-04-28,combined_minimum_variance,combined_minimum_variance_coverage_rank_sentiment,Combined,minimum_variance,coverage_rank,0.25,0.09922119899602594,0.048169356979970976,0.20502273933954537,8.889481452801553,1.0,1.359512726032109e-16,2023-03-30,2023-03-30,Coverage-Aware Rank Sentiment
2023-04-28,2023-05-01,2023-05-31,combined_minimum_variance,combined_minimum_variance_coverage_rank_sentiment,Combined,minimum_variance,coverage_rank,0.25,0.07826986770195071,0.04298160299106232,0.17732810902336657,8.99766083775563,0.9999999999999999,1.262667331233418e-16,2023-04-27,2023-04-27,Coverage-Aware Rank Sentiment
2023-05-31,2023-06-01,2023-06-30,combined_minimum_variance,combined_minimum_variance_coverage_rank_sentiment,Combined,minimum_variance,coverage_rank,0.25,0.0828442455182214,0.062084765422746914,0.20425938217915243,8.174221008324153,0.9999999999999999,1.4130589361891234e-16,2023-05-30,2023-05-30,Coverage-Aware Rank Sentiment
2023-06-30,2023-07-03,2023-07-31,combined_minimum_variance,combined_minimum_variance_coverage_rank_sentiment,Combined,minimum_variance,coverage_rank,0.25,0.06085511623543345,0.07063883337184182,0.1833707885100376,8.630540356021287,1.0000000000000002,1.3262638120029171e-16,2023-06-29,2023-06-29,Coverage-Aware Rank Sentiment
2023-07-31,2023-08-01,2023-08-31,combined_minimum_variance,combined_minimum_variance_coverage_rank_sentiment,Combined,minimum_variance,coverage_rank,0.25,0.1208203314944016,0.0626798065001433,0.21298150030740562,8.753658798972117,0.9999999999999998,4.705650349466559e-17,2023-07-28,2023-07-28,Coverage-Aware Rank Sentiment
2023-08-31,2023-09-01,2023-09-29,combined_minimum_variance,combined_minimum_variance_coverage_rank_sentiment,Combined,minimum_variance,coverage_rank,0.25,0.0493058241747898,0.07103491173044739,0.23758656356183144,8.139427888597812,1.0,1.5339186685017893e-16,2023-08-30,2023-08-30,Coverage-Aware Rank Sentiment
2023-09-29,2023-10-02,2023-10-31,combined_minimum_variance,combined_minimum_variance_coverage_rank_sentiment,Combined,minimum_variance,coverage_rank,0.25,0.06578104049550115,0.038068077471148064,0.21733075162592008,8.388564607508956,0.9999999999999998,1.9212003323031815e-16,2023-09-28,2023-09-28,Coverage-Aware Rank Sentiment
2023-10-31,2023-11-01,2023-11-30,combined_minimum_variance,combined_minimum_variance_coverage_rank_sentiment,Combined,minimum_variance,coverage_rank,0.25,0.06383649278471709,0.03430053956829186,0.19863621305542764,8.985787752519478,1.0000000000000002,6.266055588970147e-17,2023-10-30,2023-10-30,Coverage-Aware Rank Sentiment
2023-11-30,2023-12-01,2023-12-29,combined_minimum_variance,combined_minimum_variance_coverage_rank_sentiment,Combined,minimum_variance,coverage_rank,0.25,0.09391402727406499,0.06551566266544287,0.18139188454094515,8.727941490178663,0.9999999999999999,1.2939903941246457e-16,2023-11-29,2023-11-29,Coverage-Aware Rank Sentiment
2020-12-31,2021-01-04,2021-01-29,combined_minimum_variance,combined_minimum_variance_naive_sentiment,Combined,minimum_variance,naive,1.0,,0.04460934895404331,0.2746952715035262,6.602755431777482,1.0000000000000002,2.625136566440089e-16,2020-12-30,2020-12-30,Naive Sentiment
2021-01-29,2021-02-01,2021-02-26,combined_minimum_variance,combined_minimum_variance_naive_sentiment,Combined,minimum_variance,naive,1.0,0.07529935287277446,0.01849619731306713,0.22875838187976383,7.3964335191733435,0.9999999999999998,1.7681736519997482e-16,2021-01-28,2021-01-28,Naive Sentiment
2021-02-26,2021-03-01,2021-03-31,combined_minimum_variance,combined_minimum_variance_naive_sentiment,Combined,minimum_variance,naive,1.0,0.024614803616185205,0.03318767959123001,0.23592435024514843,7.259360624281509,1.0,8.48315879826421e-17,2021-02-25,2021-02-25,Naive Sentiment
2021-03-31,2021-04-01,2021-04-30,combined_minimum_variance,combined_minimum_variance_naive_sentiment,Combined,minimum_variance,naive,1.0,0.057809598624499275,0.051215358920867995,0.24627876641721522,7.334081795298458,0.9999999999999999,6.732290847130624e-17,2021-03-30,2021-03-30,Naive Sentiment
2021-04-30,2021-05-03,2021-05-28,combined_minimum_variance,combined_minimum_variance_naive_sentiment,Combined,minimum_variance,naive,1.0,0.0825852269007545,0.029743392837460244,0.21515451938164018,7.775578362394639,0.9999999999999999,2.4409525066912743e-16,2021-04-29,2021-04-29,Naive Sentiment
2021-05-28,2021-06-01,2021-06-30,combined_minimum_variance,combined_minimum_variance_naive_sentiment,Combined,minimum_variance,naive,1.0,0.04864210330372188,0.031112374618705238,0.23433475656830388,7.672587650234392,1.0,1.4254110580290282e-16,2021-05-27,2021-05-27,Naive Sentiment
2021-06-30,2021-07-01,2021-07-30,combined_minimum_variance,combined_minimum_variance_naive_sentiment,Combined,minimum_variance,naive,1.0,0.05270939730484209,0.026146081093672495,0.19898976175007033,8.17307628747208,1.0,5.2013432438446556e-17,2021-06-29,2021-06-29,Naive Sentiment
2021-07-30,2021-08-02,2021-08-31,combined_minimum_variance,combined_minimum_variance_naive_sentiment,Combined,minimum_variance,naive,1.0,0.06096598560002018,0.033055276562713225,0.24304229665302235,7.573360680255506,0.9999999999999996,2.3686537458314636e-16,2021-07-29,2021-07-29,Naive Sentiment
2021-08-31,2021-09-01,2021-09-30,combined_minimum_variance,combined_minimum_variance_naive_sentiment,Combined,minimum_variance,naive,1.0,0.02747374245566013,0.0238467300492646,0.22366114031075301,7.8821670847109,1.0,1.1836406364523855e-16,2021-08-30,2021-08-30,Naive Sentiment
2021-09-30,2021-10-01,2021-10-29,combined_minimum_variance,combined_minimum_variance_naive_sentiment,Combined,minimum_variance,naive,1.0,0.03455130351801262,0.04446011823712176,0.22676694853412654,7.926167036490189,0.9999999999999998,1.558125392794464e-16,2021-09-29,2021-09-29,Naive Sentiment
2021-10-29,2021-11-01,2021-11-30,combined_minimum_variance,combined_minimum_variance_naive_sentiment,Combined,minimum_variance,naive,1.0,0.06193573829771682,0.011652809631499103,0.21923166907898442,8.190443528977447,0.9999999999999996,3.175069668136096e-16,2021-10-28,2021-10-28,Naive Sentiment
2021-11-30,2021-12-01,2021-12-31,combined_minimum_variance,combined_minimum_variance_naive_sentiment,Combined,minimum_variance,naive,1.0,0.029562909751075356,0.028093975243341972,0.22283842967288564,7.968167052289789,0.9999999999999998,2.879315791810302e-16,2021-11-29,2021-11-29,Naive Sentiment
2021-12-31,2022-01-03,2022-01-31,combined_minimum_variance,combined_minimum_variance_naive_sentiment,Combined,minimum_variance,naive,1.0,0.05330423562154008,0.01584061507659281,0.2210739122310535,8.246441461601794,1.0,1.219343696385765e-16,2021-12-30,2021-12-30,Naive Sentiment
2022-01-31,2022-02-01,2022-02-28,combined_minimum_variance,combined_minimum_variance_naive_sentiment,Combined,minimum_variance,naive,1.0,0.057447186894447715,0.044984041455251755,0.21208674081864087,8.1964214928734,1.0,6.446223652687992e-17,2022-01-28,2022-01-28,Naive Sentiment
2022-02-28,2022-03-01,2022-03-31,combined_minimum_variance,combined_minimum_variance_naive_sentiment,Combined,minimum_variance,naive,1.0,0.059486341949434925,0.019915854242086507,0.22083577915404226,8.445608026091387,1.0,1.188417009269798e-16,2022-02-25,2022-02-25,Naive Sentiment
2022-03-31,2022-04-01,2022-04-29,combined_minimum_variance,combined_minimum_variance_naive_sentiment,Combined,minimum_variance,naive,1.0,0.0576238664577447,0.027492123443248407,0.21099769121941436,8.451299789973056,0.9999999999999997,7.625861249154359e-17,2022-03-30,2022-03-30,Naive Sentiment
2022-04-29,2022-05-02,2022-05-31,combined_minimum_variance,combined_minimum_variance_naive_sentiment,Combined,minimum_variance,naive,1.0,0.048756956844782894,0.013537331387523294,0.21796053636754245,8.515046290713101,0.9999999999999999,3.312919109684777e-17,2022-04-28,2022-04-28,Naive Sentiment
2022-05-31,2022-06-01,2022-06-30,combined_minimum_variance,combined_minimum_variance_naive_sentiment,Combined,minimum_variance,naive,1.0,0.06890878132771307,0.05237618099899971,0.2056139734784855,8.795457911155122,1.0,1.371661766539349e-16,2022-05-27,2022-05-27,Naive Sentiment
2022-06-30,2022-07-01,2022-07-29,combined_minimum_variance,combined_minimum_variance_naive_sentiment,Combined,minimum_variance,naive,1.0,0.08527429303543789,0.05084260408121263,0.17259184607049557,8.796748956464278,1.0,6.646681241328006e-17,2022-06-29,2022-06-29,Naive Sentiment
2022-07-29,2022-08-01,2022-08-31,combined_minimum_variance,combined_minimum_variance_naive_sentiment,Combined,minimum_variance,naive,1.0,0.050514657982171945,0.023444784712296853,0.18522891049395757,8.850398420052873,1.0000000000000002,5.969895901922524e-17,2022-07-28,2022-07-28,Naive Sentiment
2022-08-31,2022-09-01,2022-09-30,combined_minimum_variance,combined_minimum_variance_naive_sentiment,Combined,minimum_variance,naive,1.0,0.04865051075051294,0.03727722342019547,0.1968216630329141,8.730578326915342,0.9999999999999996,2.425136706754782e-16,2022-08-30,2022-08-30,Naive Sentiment
2022-09-30,2022-10-03,2022-10-31,combined_minimum_variance,combined_minimum_variance_naive_sentiment,Combined,minimum_variance,naive,1.0,0.053733312598420034,0.033761115407287844,0.19811339739011258,8.71076047305152,1.0,7.802993863230737e-17,2022-09-29,2022-09-29,Naive Sentiment
2022-10-31,2022-11-01,2022-11-30,combined_minimum_variance,combined_minimum_variance_naive_sentiment,Combined,minimum_variance,naive,1.0,0.057931572664953426,0.02453032434695264,0.18862666685937526,8.867483878746551,0.9999999999999998,9.582133100741909e-17,2022-10-28,2022-10-28,Naive Sentiment
2022-11-30,2022-12-01,2022-12-30,combined_minimum_variance,combined_minimum_variance_naive_sentiment,Combined,minimum_variance,naive,1.0,0.04595134000892743,0.0180852499921202,0.19801383624742092,8.603639223291836,1.0,1.1900449347068061e-16,2022-11-29,2022-11-29,Naive Sentiment
2022-12-30,2023-01-03,2023-01-31,combined_minimum_variance,combined_minimum_variance_naive_sentiment,Combined,minimum_variance,naive,1.0,0.02499532169157377,0.025909914214648107,0.20052100569656495,8.453512534127533,0.9999999999999996,1.444435824311063e-16,2022-12-29,2022-12-29,Naive Sentiment
2023-01-31,2023-02-01,2023-02-28,combined_minimum_variance,combined_minimum_variance_naive_sentiment,Combined,minimum_variance,naive,1.0,0.03913815146018973,0.028125581391590194,0.18459789428607898,8.726781303934024,1.0,2.028265235081426e-16,2023-01-30,2023-01-30,Naive Sentiment
2023-02-28,2023-03-01,2023-03-31,combined_minimum_variance,combined_minimum_variance_naive_sentiment,Combined,minimum_variance,naive,1.0,0.04618870658110598,0.020791281013268128,0.18545135199700408,8.949324534801567,0.9999999999999998,1.6118808409055353e-16,2023-02-27,2023-02-27,Naive Sentiment
2023-03-31,2023-04-03,2023-04-28,combined_minimum_variance,combined_minimum_variance_naive_sentiment,Combined,minimum_variance,naive,1.0,0.05755708075125455,0.029943258566092743,0.20491637342316738,8.818259260666443,1.0,1.359512726032109e-16,2023-03-30,2023-03-30,Naive Sentiment
2023-04-28,2023-05-01,2023-05-31,combined_minimum_variance,combined_minimum_variance_naive_sentiment,Combined,minimum_variance,naive,1.0,0.03416526939681123,0.011040371154384703,0.19261757371695037,8.874445631324699,0.9999999999999998,1.262667331233418e-16,2023-04-27,2023-04-27,Naive Sentiment
2023-05-31,2023-06-01,2023-06-30,combined_minimum_variance,combined_minimum_variance_naive_sentiment,Combined,minimum_variance,naive,1.0,0.04676088232651668,0.032997546277636874,0.19788924754718776,8.513922003894681,0.9999999999999999,1.4130589361891234e-16,2023-05-30,2023-05-30,Naive Sentiment
2023-06-30,2023-07-03,2023-07-31,combined_minimum_variance,combined_minimum_variance_naive_sentiment,Combined,minimum_variance,naive,1.0,0.04922018734242674,0.05148642563139729,0.18172840848065971,8.824927365872144,1.0,1.3262638120029171e-16,2023-06-29,2023-06-29,Naive Sentiment
2023-07-31,2023-08-01,2023-08-31,combined_minimum_variance,combined_minimum_variance_naive_sentiment,Combined,minimum_variance,naive,1.0,0.07144059340057396,0.03332359290811537,0.1982508896525655,8.98334872221144,0.9999999999999998,4.705650349466559e-17,2023-07-28,2023-07-28,Naive Sentiment
2023-08-31,2023-09-01,2023-09-29,combined_minimum_variance,combined_minimum_variance_naive_sentiment,Combined,minimum_variance,naive,1.0,0.03642813521142639,0.025946539269516046,0.21198170953929937,8.64791336472955,0.9999999999999999,1.5339186685017893e-16,2023-08-30,2023-08-30,Naive Sentiment
2023-09-29,2023-10-02,2023-10-31,combined_minimum_variance,combined_minimum_variance_naive_sentiment,Combined,minimum_variance,naive,1.0,0.025057114398156652,0.013644776113861633,0.20638474178102492,8.683535951735793,0.9999999999999999,1.9212003323031815e-16,2023-09-28,2023-09-28,Naive Sentiment
2023-10-31,2023-11-01,2023-11-30,combined_minimum_variance,combined_minimum_variance_naive_sentiment,Combined,minimum_variance,naive,1.0,0.02764521694949686,0.01303384648610306,0.20147890720545208,8.833175358907168,1.0000000000000004,6.266055588970147e-17,2023-10-30,2023-10-30,Naive Sentiment
2023-11-30,2023-12-01,2023-12-29,combined_minimum_variance,combined_minimum_variance_naive_sentiment,Combined,minimum_variance,naive,1.0,0.0493892224661193,0.011437193263138797,0.1978435707381156,8.7524178888973,0.9999999999999998,1.2939903941246457e-16,2023-11-29,2023-11-29,Naive Sentiment
2020-12-31,2021-01-04,2021-01-29,combined_risk_parity,combined_risk_parity_coverage_rank_sentiment,Combined,risk_parity,coverage_rank,0.25,,0.04070080000388844,0.03598574006126146,52.96519870394703,0.8817441197754738,0.1182558802245262,2020-12-30,2020-12-30,Coverage-Aware Rank Sentiment
2021-01-29,2021-02-01,2021-02-26,combined_risk_parity,combined_risk_parity_coverage_rank_sentiment,Combined,risk_parity,coverage_rank,0.25,0.07875040907912337,0.042549457151839595,0.03568167652922063,51.50284480462886,0.8871392332294016,0.11286076677059823,2021-01-28,2021-01-28,Coverage-Aware Rank Sentiment
2021-02-26,2021-03-01,2021-03-31,combined_risk_parity,combined_risk_parity_coverage_rank_sentiment,Combined,risk_parity,coverage_rank,0.25,0.07329607117570888,0.044744953133296655,0.03759778164703207,52.78381404328025,0.8905778151309396,0.10942218486906045,2021-02-25,2021-02-25,Coverage-Aware Rank Sentiment
2021-03-31,2021-04-01,2021-04-30,combined_risk_parity,combined_risk_parity_coverage_rank_sentiment,Combined,risk_parity,coverage_rank,0.25,0.0738538897077939,0.041329763866866764,0.03404886628006904,53.60402572691488,0.8915445805741972,0.10845541942580317,2021-03-30,2021-03-30,Coverage-Aware Rank Sentiment
2021-04-30,2021-05-03,2021-05-28,combined_risk_parity,combined_risk_parity_coverage_rank_sentiment,Combined,risk_parity,coverage_rank,0.25,0.09600555417423835,0.04602450600039952,0.03965703858131873,51.90690344116206,0.8944519391112115,0.10554806088878817,2021-04-29,2021-04-29,Coverage-Aware Rank Sentiment
2021-05-28,2021-06-01,2021-06-30,combined_risk_parity,combined_risk_parity_coverage_rank_sentiment,Combined,risk_parity,coverage_rank,0.25,0.07446913777916009,0.04579083361899111,0.035206326998108065,50.62772391591807,0.9058205221050907,0.09417947789490935,2021-05-27,2021-05-27,Coverage-Aware Rank Sentiment
2021-06-30,2021-07-01,2021-07-30,combined_risk_parity,combined_risk_parity_coverage_rank_sentiment,Combined,risk_parity,coverage_rank,0.25,0.09542297546873915,0.041825120446346425,0.03162033525947822,53.9625200514228,0.9072981201209573,0.09270187987904284,2021-06-29,2021-06-29,Coverage-Aware Rank Sentiment
2021-07-30,2021-08-02,2021-08-31,combined_risk_parity,combined_risk_parity_coverage_rank_sentiment,Combined,risk_parity,coverage_rank,0.25,0.06888119070592744,0.047361277974971416,0.03817528463274829,52.020645374477176,0.9079307265673268,0.09206927343267324,2021-07-29,2021-07-29,Coverage-Aware Rank Sentiment
2021-08-31,2021-09-01,2021-09-30,combined_risk_parity,combined_risk_parity_coverage_rank_sentiment,Combined,risk_parity,coverage_rank,0.25,0.05401110799689889,0.03749814622576063,0.0347715898072858,51.83571267293141,0.9089172632298603,0.09108273677013942,2021-08-30,2021-08-30,Coverage-Aware Rank Sentiment
2021-09-30,2021-10-01,2021-10-29,combined_risk_parity,combined_risk_parity_coverage_rank_sentiment,Combined,risk_parity,coverage_rank,0.25,0.05475162835081435,0.04302934837928184,0.039530580873296396,51.244256387121915,0.9110782151433967,0.0889217848566034,2021-09-29,2021-09-29,Coverage-Aware Rank Sentiment
2021-10-29,2021-11-01,2021-11-30,combined_risk_parity,combined_risk_parity_coverage_rank_sentiment,Combined,risk_parity,coverage_rank,0.25,0.058843452440641444,0.043837391496801534,0.03656950259846138,52.090285376777025,0.9117565195054286,0.08824348049457179,2021-10-28,2021-10-28,Coverage-Aware Rank Sentiment
2021-11-30,2021-12-01,2021-12-31,combined_risk_parity,combined_risk_parity_coverage_rank_sentiment,Combined,risk_parity,coverage_rank,0.25,0.04890931780994557,0.048008436618772146,0.03735457746834615,51.576913551296066,0.9123329837658984,0.08766701623410166,2021-11-29,2021-11-29,Coverage-Aware Rank Sentiment
2021-12-31,2022-01-03,2022-01-31,combined_risk_parity,combined_risk_parity_coverage_rank_sentiment,Combined,risk_parity,coverage_rank,0.25,0.06375353459288235,0.03855578957535939,0.03243014261913271,51.86801168163265,0.9127235695748772,0.08727643042512291,2021-12-30,2021-12-30,Coverage-Aware Rank Sentiment
2022-01-31,2022-02-01,2022-02-28,combined_risk_parity,combined_risk_parity_coverage_rank_sentiment,Combined,risk_parity,coverage_rank,0.25,0.09356207406909482,0.05535323372385614,0.03562378583340319,52.33965146736101,0.9134389767640936,0.08656102323590611,2022-01-28,2022-01-28,Coverage-Aware Rank Sentiment
2022-02-28,2022-03-01,2022-03-31,combined_risk_parity,combined_risk_parity_coverage_rank_sentiment,Combined,risk_parity,coverage_rank,0.25,0.09784437450026656,0.05053909402119654,0.03271524074388141,52.58697466850463,0.9138927655280554,0.08610723447194484,2022-02-25,2022-02-25,Coverage-Aware Rank Sentiment
2022-03-31,2022-04-01,2022-04-29,combined_risk_parity,combined_risk_parity_coverage_rank_sentiment,Combined,risk_parity,coverage_rank,0.25,0.06353502869481419,0.041433018390092446,0.034062064574068164,52.37479269903312,0.9136562038016767,0.08634379619832346,2022-03-30,2022-03-30,Coverage-Aware Rank Sentiment
2022-04-29,2022-05-02,2022-05-31,combined_risk_parity,combined_risk_parity_coverage_rank_sentiment,Combined,risk_parity,coverage_rank,0.25,0.04516729823005117,0.050952401001956193,0.03407483345703513,51.705709356800426,0.9137036556767487,0.08629634432325121,2022-04-28,2022-04-28,Coverage-Aware Rank Sentiment
2022-05-31,2022-06-01,2022-06-30,combined_risk_parity,combined_risk_parity_coverage_rank_sentiment,Combined,risk_parity,coverage_rank,0.25,0.08516008845941661,0.04717116048733866,0.036378670394244875,51.84926090977428,0.9149919522539203,0.08500804774607985,2022-05-27,2022-05-27,Coverage-Aware Rank Sentiment
2022-06-30,2022-07-01,2022-07-29,combined_risk_parity,combined_risk_parity_coverage_rank_sentiment,Combined,risk_parity,coverage_rank,0.25,0.08858585518943991,0.047294437907046245,0.03923812503211491,51.105685406272706,0.9156659591465316,0.0843340408534685,2022-06-29,2022-06-29,Coverage-Aware Rank Sentiment
2022-07-29,2022-08-01,2022-08-31,combined_risk_parity,combined_risk_parity_coverage_rank_sentiment,Combined,risk_parity,coverage_rank,0.25,0.060180251933249544,0.04933558022783533,0.036884972220470234,50.23172204613044,0.9160483074003763,0.08395169259962386,2022-07-28,2022-07-28,Coverage-Aware Rank Sentiment
2022-08-31,2022-09-01,2022-09-30,combined_risk_parity,combined_risk_parity_coverage_rank_sentiment,Combined,risk_parity,coverage_rank,0.25,0.07134409873952474,0.04799966619853341,0.039248565179248525,51.20215639022238,0.9161734281247684,0.08382657187523146,2022-08-30,2022-08-30,Coverage-Aware Rank Sentiment
2022-09-30,2022-10-03,2022-10-31,combined_risk_parity,combined_risk_parity_coverage_rank_sentiment,Combined,risk_parity,coverage_rank,0.25,0.043583917062277974,0.04098621993393223,0.03737687478868903,50.824800525679166,0.9154944922537119,0.084505507746288,2022-09-29,2022-09-29,Coverage-Aware Rank Sentiment
2022-10-31,2022-11-01,2022-11-30,combined_risk_parity,combined_risk_parity_coverage_rank_sentiment,Combined,risk_parity,coverage_rank,0.25,0.0697666300023072,0.04486307746329761,0.0344492748471335,51.11612095215047,0.9140433732281398,0.08595662677186026,2022-10-28,2022-10-28,Coverage-Aware Rank Sentiment
2022-11-30,2022-12-01,2022-12-30,combined_risk_parity,combined_risk_parity_coverage_rank_sentiment,Combined,risk_parity,coverage_rank,0.25,0.0418541175277011,0.03598542998102682,0.03538653829167751,50.95248431156828,0.9149450902975289,0.08505490970247113,2022-11-29,2022-11-29,Coverage-Aware Rank Sentiment
2022-12-30,2023-01-03,2023-01-31,combined_risk_parity,combined_risk_parity_coverage_rank_sentiment,Combined,risk_parity,coverage_rank,0.25,0.06773693269065835,0.04877048905367098,0.03611888520817209,51.28793001583339,0.9146476611914047,0.08535233880859526,2022-12-29,2022-12-29,Coverage-Aware Rank Sentiment
2023-01-31,2023-02-01,2023-02-28,combined_risk_parity,combined_risk_parity_coverage_rank_sentiment,Combined,risk_parity,coverage_rank,0.25,0.07900732688458599,0.055381641051477276,0.03939526963526768,50.88737600199483,0.9146943527992801,0.08530564720071993,2023-01-30,2023-01-30,Coverage-Aware Rank Sentiment
2023-02-28,2023-03-01,2023-03-31,combined_risk_parity,combined_risk_parity_coverage_rank_sentiment,Combined,risk_parity,coverage_rank,0.25,0.07982791084071571,0.05562812880809664,0.03413862924917758,50.442276792499406,0.9148003133961204,0.0851996866038793,2023-02-27,2023-02-27,Coverage-Aware Rank Sentiment
2023-03-31,2023-04-03,2023-04-28,combined_risk_parity,combined_risk_parity_coverage_rank_sentiment,Combined,risk_parity,coverage_rank,0.25,0.08516137605107812,0.05133068136320079,0.031304952403087526,52.91209350733007,0.914722876448308,0.08527712355169201,2023-03-30,2023-03-30,Coverage-Aware Rank Sentiment
2023-04-28,2023-05-01,2023-05-31,combined_risk_parity,combined_risk_parity_coverage_rank_sentiment,Combined,risk_parity,coverage_rank,0.25,0.05940038616080903,0.050622190731818714,0.03258393222697441,52.28868763281989,0.9146050806350907,0.08539491936490955,2023-04-27,2023-04-27,Coverage-Aware Rank Sentiment
2023-05-31,2023-06-01,2023-06-30,combined_risk_parity,combined_risk_parity_coverage_rank_sentiment,Combined,risk_parity,coverage_rank,0.25,0.10751531421067811,0.0589877429053446,0.03926225656326348,50.015551201600985,0.9143559561328122,0.08564404386718794,2023-05-30,2023-05-30,Coverage-Aware Rank Sentiment
2023-06-30,2023-07-03,2023-07-31,combined_risk_parity,combined_risk_parity_coverage_rank_sentiment,Combined,risk_parity,coverage_rank,0.25,0.07966396137398635,0.058426328328745364,0.03675119221245075,51.106534030145525,0.914517776709455,0.08548222329054528,2023-06-29,2023-06-29,Coverage-Aware Rank Sentiment
2023-07-31,2023-08-01,2023-08-31,combined_risk_parity,combined_risk_parity_coverage_rank_sentiment,Combined,risk_parity,coverage_rank,0.25,0.08622783307293333,0.055061279771415735,0.03312142912717785,53.00356541151616,0.9150094234830571,0.08499057651694321,2023-07-28,2023-07-28,Coverage-Aware Rank Sentiment
2023-08-31,2023-09-01,2023-09-29,combined_risk_parity,combined_risk_parity_coverage_rank_sentiment,Combined,risk_parity,coverage_rank,0.25,0.06613827223847278,0.049557895457948545,0.03849744458427855,52.147779315415086,0.9152380478853437,0.08476195211465634,2023-08-30,2023-08-30,Coverage-Aware Rank Sentiment
2023-09-29,2023-10-02,2023-10-31,combined_risk_parity,combined_risk_parity_coverage_rank_sentiment,Combined,risk_parity,coverage_rank,0.25,0.07147116294493303,0.052005713021394014,0.03612750135770969,51.84109054993039,0.9150497428360134,0.08495025716398674,2023-09-28,2023-09-28,Coverage-Aware Rank Sentiment
2023-10-31,2023-11-01,2023-11-30,combined_risk_parity,combined_risk_parity_coverage_rank_sentiment,Combined,risk_parity,coverage_rank,0.25,0.0615924458680792,0.0472339814606466,0.0336053812413728,51.291282038652994,0.9146597647981118,0.08534023520188824,2023-10-30,2023-10-30,Coverage-Aware Rank Sentiment
2023-11-30,2023-12-01,2023-12-29,combined_risk_parity,combined_risk_parity_coverage_rank_sentiment,Combined,risk_parity,coverage_rank,0.25,0.09531647641389558,0.05558777389596307,0.0341585409008856,52.82389603486277,0.9142645283537869,0.08573547164621312,2023-11-29,2023-11-29,Coverage-Aware Rank Sentiment
2020-12-31,2021-01-04,2021-01-29,combined_risk_parity,combined_risk_parity_naive_sentiment,Combined,risk_parity,naive,1.0,,0.03332318408032435,0.037592941629263944,52.8420966612653,0.8817441197754738,0.1182558802245262,2020-12-30,2020-12-30,Naive Sentiment
2021-01-29,2021-02-01,2021-02-26,combined_risk_parity,combined_risk_parity_naive_sentiment,Combined,risk_parity,naive,1.0,0.06422273047548051,0.02927124186487378,0.0346860187435785,52.46716927932407,0.8871392332294015,0.11286076677059823,2021-01-28,2021-01-28,Naive Sentiment
2021-02-26,2021-03-01,2021-03-31,combined_risk_parity,combined_risk_parity_naive_sentiment,Combined,risk_parity,naive,1.0,0.06312109868408329,0.02807649908871206,0.03525245058648246,53.195479983662054,0.8905778151309395,0.10942218486906045,2021-02-25,2021-02-25,Naive Sentiment
2021-03-31,2021-04-01,2021-04-30,combined_risk_parity,combined_risk_parity_naive_sentiment,Combined,risk_parity,naive,1.0,0.05901526676118682,0.04204439814890545,0.03324834402381749,53.88393863527806,0.8915445805741968,0.10845541942580317,2021-03-30,2021-03-30,Naive Sentiment
2021-04-30,2021-05-03,2021-05-28,combined_risk_parity,combined_risk_parity_naive_sentiment,Combined,risk_parity,naive,1.0,0.06993824330957005,0.023388820046934822,0.03537626245102355,53.109716264659966,0.8944519391112116,0.10554806088878817,2021-04-29,2021-04-29,Naive Sentiment
2021-05-28,2021-06-01,2021-06-30,combined_risk_parity,combined_risk_parity_naive_sentiment,Combined,risk_parity,naive,1.0,0.05800465533307608,0.03330380449463965,0.034462935240180716,51.348879967988935,0.9058205221050906,0.09417947789490935,2021-05-27,2021-05-27,Naive Sentiment
2021-06-30,2021-07-01,2021-07-30,combined_risk_parity,combined_risk_parity_naive_sentiment,Combined,risk_parity,naive,1.0,0.07422338473010812,0.04481447919856288,0.031125513484948634,54.05680387850525,0.9072981201209572,0.09270187987904284,2021-06-29,2021-06-29,Naive Sentiment
2021-07-30,2021-08-02,2021-08-31,combined_risk_parity,combined_risk_parity_naive_sentiment,Combined,risk_parity,naive,1.0,0.051799446129664715,0.028215146527469766,0.03463247381623546,52.560893704812194,0.907930726567327,0.09206927343267324,2021-07-29,2021-07-29,Naive Sentiment
2021-08-31,2021-09-01,2021-09-30,combined_risk_parity,combined_risk_parity_naive_sentiment,Combined,risk_parity,naive,1.0,0.04259291216690603,0.03357400933321065,0.03434800124970919,51.74871094216181,0.9089172632298603,0.09108273677013942,2021-08-30,2021-08-30,Naive Sentiment
2021-09-30,2021-10-01,2021-10-29,combined_risk_parity,combined_risk_parity_naive_sentiment,Combined,risk_parity,naive,1.0,0.04469796572804631,0.03513349876102989,0.03806674111125687,51.67936161181054,0.9110782151433966,0.0889217848566034,2021-09-29,2021-09-29,Naive Sentiment
2021-10-29,2021-11-01,2021-11-30,combined_risk_parity,combined_risk_parity_naive_sentiment,Combined,risk_parity,naive,1.0,0.04805359736682677,0.01972808790741458,0.03341318320795184,52.81649339377809,0.9117565195054284,0.08824348049457179,2021-10-28,2021-10-28,Naive Sentiment
2021-11-30,2021-12-01,2021-12-31,combined_risk_parity,combined_risk_parity_naive_sentiment,Combined,risk_parity,naive,1.0,0.038668043149628274,0.029717366093643213,0.03578062519412261,52.4292639182684,0.9123329837658983,0.08766701623410166,2021-11-29,2021-11-29,Naive Sentiment
2021-12-31,2022-01-03,2022-01-31,combined_risk_parity,combined_risk_parity_naive_sentiment,Combined,risk_parity,naive,1.0,0.0514966118126672,0.024688506543371614,0.03292005140561461,52.344871533607375,0.9127235695748771,0.08727643042512291,2021-12-30,2021-12-30,Naive Sentiment
2022-01-31,2022-02-01,2022-02-28,combined_risk_parity,combined_risk_parity_naive_sentiment,Combined,risk_parity,naive,1.0,0.06731299469282545,0.044196108693783306,0.03635025040640962,52.48564413636893,0.9134389767640938,0.08656102323590611,2022-01-28,2022-01-28,Naive Sentiment
2022-02-28,2022-03-01,2022-03-31,combined_risk_parity,combined_risk_parity_naive_sentiment,Combined,risk_parity,naive,1.0,0.06786805586096037,0.02108786694230327,0.03320524385261322,52.4210158078149,0.9138927655280555,0.08610723447194484,2022-02-25,2022-02-25,Naive Sentiment
2022-03-31,2022-04-01,2022-04-29,combined_risk_parity,combined_risk_parity_naive_sentiment,Combined,risk_parity,naive,1.0,0.042967098970499856,0.0322967416323478,0.03406792605641525,52.276622769234386,0.9136562038016767,0.08634379619832346,2022-03-30,2022-03-30,Naive Sentiment
2022-04-29,2022-05-02,2022-05-31,combined_risk_parity,combined_risk_parity_naive_sentiment,Combined,risk_parity,naive,1.0,0.04236915895193548,0.022540046842078415,0.03309658151832451,52.24695173397531,0.9137036556767489,0.08629634432325121,2022-04-28,2022-04-28,Naive Sentiment
2022-05-31,2022-06-01,2022-06-30,combined_risk_parity,combined_risk_parity_naive_sentiment,Combined,risk_parity,naive,1.0,0.07044514798799162,0.04909018092741853,0.03518099048994512,51.8436818238211,0.9149919522539203,0.08500804774607985,2022-05-27,2022-05-27,Naive Sentiment
2022-06-30,2022-07-01,2022-07-29,combined_risk_parity,combined_risk_parity_naive_sentiment,Combined,risk_parity,naive,1.0,0.08158862655155343,0.03905105788253153,0.03798686302403556,51.53527710749533,0.9156659591465319,0.0843340408534685,2022-06-29,2022-06-29,Naive Sentiment
2022-07-29,2022-08-01,2022-08-31,combined_risk_parity,combined_risk_parity_naive_sentiment,Combined,risk_parity,naive,1.0,0.053379207912737967,0.031047958373213457,0.035826187660808875,51.2116661720343,0.916048307400376,0.08395169259962386,2022-07-28,2022-07-28,Naive Sentiment
2022-08-31,2022-09-01,2022-09-30,combined_risk_parity,combined_risk_parity_naive_sentiment,Combined,risk_parity,naive,1.0,0.053157876989646476,0.03400611816874079,0.03543414795204459,51.90536717689281,0.9161734281247687,0.08382657187523146,2022-08-30,2022-08-30,Naive Sentiment
2022-09-30,2022-10-03,2022-10-31,combined_risk_parity,combined_risk_parity_naive_sentiment,Combined,risk_parity,naive,1.0,0.044004559018646916,0.02749106471591106,0.03562884718626983,51.68168319983211,0.9154944922537119,0.084505507746288,2022-09-29,2022-09-29,Naive Sentiment
2022-10-31,2022-11-01,2022-11-30,combined_risk_parity,combined_risk_parity_naive_sentiment,Combined,risk_parity,naive,1.0,0.049479264362577595,0.02650614133068154,0.03275022286888176,52.03877633285783,0.9140433732281397,0.08595662677186026,2022-10-28,2022-10-28,Naive Sentiment
2022-11-30,2022-12-01,2022-12-30,combined_risk_parity,combined_risk_parity_naive_sentiment,Combined,risk_parity,naive,1.0,0.034109949049523004,0.031068131420794776,0.03329236975148025,51.641131223011364,0.914945090297529,0.08505490970247113,2022-11-29,2022-11-29,Naive Sentiment
2022-12-30,2023-01-03,2023-01-31,combined_risk_parity,combined_risk_parity_naive_sentiment,Combined,risk_parity,naive,1.0,0.046895205131337256,0.027039406953759445,0.03468559818480957,51.9594315438856,0.9146476611914048,0.08535233880859526,2022-12-29,2022-12-29,Naive Sentiment
2023-01-31,2023-02-01,2023-02-28,combined_risk_parity,combined_risk_parity_naive_sentiment,Combined,risk_parity,naive,1.0,0.04819830424363799,0.02004212899395703,0.03456865937682851,52.11932306381281,0.9146943527992798,0.08530564720071993,2023-01-30,2023-01-30,Naive Sentiment
2023-02-28,2023-03-01,2023-03-31,combined_risk_parity,combined_risk_parity_naive_sentiment,Combined,risk_parity,naive,1.0,0.04311535796703437,0.029663243410907175,0.03249103073350473,51.74399992234464,0.9148003133961201,0.0851996866038793,2023-02-27,2023-02-27,Naive Sentiment
2023-03-31,2023-04-03,2023-04-28,combined_risk_parity,combined_risk_parity_naive_sentiment,Combined,risk_parity,naive,1.0,0.05330929701242111,0.023628903830717328,0.032712582328798166,52.921013716795656,0.9147228764483079,0.08527712355169201,2023-03-30,2023-03-30,Naive Sentiment
2023-04-28,2023-05-01,2023-05-31,combined_risk_parity,combined_risk_parity_naive_sentiment,Combined,risk_parity,naive,1.0,0.02869919715069366,0.01933660902136406,0.03155033948170539,52.652320062306565,0.9146050806350903,0.08539491936490955,2023-04-27,2023-04-27,Naive Sentiment
2023-05-31,2023-06-01,2023-06-30,combined_risk_parity,combined_risk_parity_naive_sentiment,Combined,risk_parity,naive,1.0,0.0610538194110779,0.027293298050628467,0.03569560517432974,51.65994648677239,0.9143559561328123,0.08564404386718794,2023-05-30,2023-05-30,Naive Sentiment
2023-06-30,2023-07-03,2023-07-31,combined_risk_parity,combined_risk_parity_naive_sentiment,Combined,risk_parity,naive,1.0,0.05334170793795981,0.035933082792356644,0.03579236760376005,51.55615995308865,0.9145177767094548,0.08548222329054528,2023-06-29,2023-06-29,Naive Sentiment
2023-07-31,2023-08-01,2023-08-31,combined_risk_parity,combined_risk_parity_naive_sentiment,Combined,risk_parity,naive,1.0,0.056776838996275864,0.04726731708161956,0.03137144245247672,52.8014679977953,0.915009423483057,0.08499057651694321,2023-07-28,2023-07-28,Naive Sentiment
2023-08-31,2023-09-01,2023-09-29,combined_risk_parity,combined_risk_parity_naive_sentiment,Combined,risk_parity,naive,1.0,0.0582131638183934,0.017866606272534717,0.03423369142078722,52.59891976083005,0.9152380478853437,0.08476195211465634,2023-08-30,2023-08-30,Naive Sentiment
2023-09-29,2023-10-02,2023-10-31,combined_risk_parity,combined_risk_parity_naive_sentiment,Combined,risk_parity,naive,1.0,0.03152042804686141,0.016757217372863457,0.03350961586124852,52.64345851506756,0.915049742836013,0.08495025716398674,2023-09-28,2023-09-28,Naive Sentiment
2023-10-31,2023-11-01,2023-11-30,combined_risk_parity,combined_risk_parity_naive_sentiment,Combined,risk_parity,naive,1.0,0.03149940567547502,0.019794488583444358,0.03241074673561693,52.404714373241774,0.9146597647981117,0.08534023520188824,2023-10-30,2023-10-30,Naive Sentiment
2023-11-30,2023-12-01,2023-12-29,combined_risk_parity,combined_risk_parity_naive_sentiment,Combined,risk_parity,naive,1.0,0.04727164068017879,0.01437187425140463,0.03168816686802551,53.107287148778646,0.9142645283537868,0.08573547164621312,2023-11-29,2023-11-29,Naive Sentiment
2020-12-31,2021-01-04,2021-01-29,equity_equal_weight,equity_equal_weight_coverage_rank_sentiment,Equity,equal_weight,coverage_rank,0.25,,0.04842280022136135,0.02390702822357499,49.262833762307224,1.0,0.0,2020-12-30,2020-12-30,Coverage-Aware Rank Sentiment
2021-01-29,2021-02-01,2021-02-26,equity_equal_weight,equity_equal_weight_coverage_rank_sentiment,Equity,equal_weight,coverage_rank,0.25,0.07315486426580704,0.05008301051466517,0.02302158273381295,49.36352366698413,1.0,0.0,2021-01-28,2021-01-28,Coverage-Aware Rank Sentiment
2021-02-26,2021-03-01,2021-03-31,equity_equal_weight,equity_equal_weight_coverage_rank_sentiment,Equity,equal_weight,coverage_rank,0.25,0.061305686533965245,0.0479074889867841,0.02477973568281938,49.35757517705446,1.0,0.0,2021-02-25,2021-02-25,Coverage-Aware Rank Sentiment
2021-03-31,2021-04-01,2021-04-30,equity_equal_weight,equity_equal_weight_coverage_rank_sentiment,Equity,equal_weight,coverage_rank,0.25,0.06892802964389919,0.044082519001085806,0.023452768729641693,49.38984768026831,1.0,0.0,2021-03-30,2021-03-30,Coverage-Aware Rank Sentiment
2021-04-30,2021-05-03,2021-05-28,equity_equal_weight,equity_equal_weight_coverage_rank_sentiment,Equity,equal_weight,coverage_rank,0.25,0.07290978441299215,0.0496434448710916,0.024684585847504117,49.20461645519017,1.0,0.0,2021-04-29,2021-04-29,Coverage-Aware Rank Sentiment
2021-05-28,2021-06-01,2021-06-30,equity_equal_weight,equity_equal_weight_coverage_rank_sentiment,Equity,equal_weight,coverage_rank,0.25,0.06626499334770934,0.04997295835586805,0.024337479718766902,49.307591128443725,1.0,0.0,2021-05-27,2021-05-27,Coverage-Aware Rank Sentiment
2021-06-30,2021-07-01,2021-07-30,equity_equal_weight,equity_equal_weight_coverage_rank_sentiment,Equity,equal_weight,coverage_rank,0.25,0.08989364173808578,0.04822888283378745,0.02452316076294278,49.206422273076655,1.0,0.0,2021-06-29,2021-06-29,Coverage-Aware Rank Sentiment
2021-07-30,2021-08-02,2021-08-31,equity_equal_weight,equity_equal_weight_coverage_rank_sentiment,Equity,equal_weight,coverage_rank,0.25,0.07487196819992,0.05335533553355336,0.024752475247524754,49.21884214225722,1.0,0.0,2021-07-29,2021-07-29,Coverage-Aware Rank Sentiment
2021-08-31,2021-09-01,2021-09-30,equity_equal_weight,equity_equal_weight_coverage_rank_sentiment,Equity,equal_weight,coverage_rank,0.25,0.045655373625258545,0.04755360087960417,0.023749312809235847,49.30075483730617,1.0,0.0,2021-08-30,2021-08-30,Coverage-Aware Rank Sentiment
2021-09-30,2021-10-01,2021-10-29,equity_equal_weight,equity_equal_weight_coverage_rank_sentiment,Equity,equal_weight,coverage_rank,0.25,0.05088186762516295,0.04264943457189014,0.024232633279483037,49.4927794155216,1.0,0.0,2021-09-29,2021-09-29,Coverage-Aware Rank Sentiment
2021-10-29,2021-11-01,2021-11-30,equity_equal_weight,equity_equal_weight_coverage_rank_sentiment,Equity,equal_weight,coverage_rank,0.25,0.05883980489999866,0.0492123845736013,0.024443237370994027,49.354771536496784,1.0,0.0,2021-10-28,2021-10-28,Coverage-Aware Rank Sentiment
2021-11-30,2021-12-01,2021-12-31,equity_equal_weight,equity_equal_weight_coverage_rank_sentiment,Equity,equal_weight,coverage_rank,0.25,0.04921429857091856,0.052954048140043744,0.024617067833698034,49.24406403998961,1.0,0.0,2021-11-29,2021-11-29,Coverage-Aware Rank Sentiment
2021-12-31,2022-01-03,2022-01-31,equity_equal_weight,equity_equal_weight_coverage_rank_sentiment,Equity,equal_weight,coverage_rank,0.25,0.059364764293714026,0.047579298831385626,0.02404006677796328,49.403630143902255,1.0000000000000002,0.0,2021-12-30,2021-12-30,Coverage-Aware Rank Sentiment
2022-01-31,2022-02-01,2022-02-28,equity_equal_weight,equity_equal_weight_coverage_rank_sentiment,Equity,equal_weight,coverage_rank,0.25,0.09461592273031291,0.05803814713896456,0.02452316076294278,49.033591663535816,1.0000000000000002,0.0,2022-01-28,2022-01-28,Coverage-Aware Rank Sentiment
2022-02-28,2022-03-01,2022-03-31,equity_equal_weight,equity_equal_weight_coverage_rank_sentiment,Equity,equal_weight,coverage_rank,0.25,0.09432705922492406,0.05567805953693496,0.023814773980154358,49.135667526758404,1.0000000000000002,0.0,2022-02-25,2022-02-25,Coverage-Aware Rank Sentiment
2022-03-31,2022-04-01,2022-04-29,equity_equal_weight,equity_equal_weight_coverage_rank_sentiment,Equity,equal_weight,coverage_rank,0.25,0.06252280043938509,0.04646017699115043,0.023008849557522124,49.46019718326909,1.0,0.0,2022-03-30,2022-03-30,Coverage-Aware Rank Sentiment
2022-04-29,2022-05-02,2022-05-31,equity_equal_weight,equity_equal_weight_coverage_rank_sentiment,Equity,equal_weight,coverage_rank,0.25,0.044542180822413804,0.061336254107338437,0.024644030668127054,49.02366585506429,1.0,0.0,2022-04-28,2022-04-28,Coverage-Aware Rank Sentiment
2022-05-31,2022-06-01,2022-06-30,equity_equal_weight,equity_equal_weight_coverage_rank_sentiment,Equity,equal_weight,coverage_rank,0.25,0.0770702769626403,0.05294759825327511,0.023580786026200874,49.2377750001467,1.0000000000000002,0.0,2022-05-27,2022-05-27,Coverage-Aware Rank Sentiment
2022-06-30,2022-07-01,2022-07-29,equity_equal_weight,equity_equal_weight_coverage_rank_sentiment,Equity,equal_weight,coverage_rank,0.25,0.0853139118380455,0.04838709677419352,0.02361946418808092,49.41636753083685,0.9999999999999999,0.0,2022-06-29,2022-06-29,Coverage-Aware Rank Sentiment
2022-07-29,2022-08-01,2022-08-31,equity_equal_weight,equity_equal_weight_coverage_rank_sentiment,Equity,equal_weight,coverage_rank,0.25,0.05959101922344875,0.05862831858407079,0.024889380530973452,49.03021430799875,1.0,0.0,2022-07-28,2022-07-28,Coverage-Aware Rank Sentiment
2022-08-31,2022-09-01,2022-09-30,equity_equal_weight,equity_equal_weight_coverage_rank_sentiment,Equity,equal_weight,coverage_rank,0.25,0.07565587784198789,0.052329360780065004,0.02437703141928494,49.27806249349268,1.0,0.0,2022-08-30,2022-08-30,Coverage-Aware Rank Sentiment
2022-09-30,2022-10-03,2022-10-31,equity_equal_weight,equity_equal_weight_coverage_rank_sentiment,Equity,equal_weight,coverage_rank,0.25,0.040132267236510324,0.04265809217577706,0.023151125401929262,49.53221199258004,1.0,0.0,2022-09-29,2022-09-29,Coverage-Aware Rank Sentiment
2022-10-31,2022-11-01,2022-11-30,equity_equal_weight,equity_equal_weight_coverage_rank_sentiment,Equity,equal_weight,coverage_rank,0.25,0.06882785503123919,0.04658721560130008,0.023401950162513542,49.462313775125125,0.9999999999999999,0.0,2022-10-28,2022-10-28,Coverage-Aware Rank Sentiment
2022-11-30,2022-12-01,2022-12-30,equity_equal_weight,equity_equal_weight_coverage_rank_sentiment,Equity,equal_weight,coverage_rank,0.25,0.04086769879142752,0.041460735859417897,0.02273476112026359,49.52878040620268,0.9999999999999999,0.0,2022-11-29,2022-11-29,Coverage-Aware Rank Sentiment
2022-12-30,2023-01-03,2023-01-31,equity_equal_weight,equity_equal_weight_coverage_rank_sentiment,Equity,equal_weight,coverage_rank,0.25,0.0748904334186726,0.053551912568306,0.024590163934426233,49.224785691607565,1.0000000000000002,0.0,2022-12-29,2022-12-29,Coverage-Aware Rank Sentiment
2023-01-31,2023-02-01,2023-02-28,equity_equal_weight,equity_equal_weight_coverage_rank_sentiment,Equity,equal_weight,coverage_rank,0.25,0.08708126705718809,0.05531095211887726,0.02476609796367639,49.18038379149773,1.0,0.0,2023-01-30,2023-01-30,Coverage-Aware Rank Sentiment
2023-02-28,2023-03-01,2023-03-31,equity_equal_weight,equity_equal_weight_coverage_rank_sentiment,Equity,equal_weight,coverage_rank,0.25,0.08815930462449509,0.06555555555555555,0.025,48.85875597162573,1.0,0.0,2023-02-27,2023-02-27,Coverage-Aware Rank Sentiment
2023-03-31,2023-04-03,2023-04-28,equity_equal_weight,equity_equal_weight_coverage_rank_sentiment,Equity,equal_weight,coverage_rank,0.25,0.0871097200027544,0.05654101995565407,0.023946784922394677,49.13809451910012,1.0,0.0,2023-03-30,2023-03-30,Coverage-Aware Rank Sentiment
2023-04-28,2023-05-01,2023-05-31,equity_equal_weight,equity_equal_weight_coverage_rank_sentiment,Equity,equal_weight,coverage_rank,0.25,0.06132451415018119,0.05763927192498619,0.023827909542195255,49.16564206117718,0.9999999999999999,0.0,2023-04-27,2023-04-27,Coverage-Aware Rank Sentiment
2023-05-31,2023-06-01,2023-06-30,equity_equal_weight,equity_equal_weight_coverage_rank_sentiment,Equity,equal_weight,coverage_rank,0.25,0.11300639122429137,0.05949086884338682,0.02490315439955728,49.088054096472845,1.0,0.0,2023-05-30,2023-05-30,Coverage-Aware Rank Sentiment
2023-06-30,2023-07-03,2023-07-31,equity_equal_weight,equity_equal_weight_coverage_rank_sentiment,Equity,equal_weight,coverage_rank,0.25,0.07435366587967637,0.06033519553072624,0.024134078212290504,49.05536162655398,1.0000000000000002,0.0,2023-06-29,2023-06-29,Coverage-Aware Rank Sentiment
2023-07-31,2023-08-01,2023-08-31,equity_equal_weight,equity_equal_weight_coverage_rank_sentiment,Equity,equal_weight,coverage_rank,0.25,0.07650013281705242,0.05885588558855888,0.024752475247524754,49.00313133829128,0.9999999999999999,0.0,2023-07-28,2023-07-28,Coverage-Aware Rank Sentiment
2023-08-31,2023-09-01,2023-09-29,equity_equal_weight,equity_equal_weight_coverage_rank_sentiment,Equity,equal_weight,coverage_rank,0.25,0.06456271068858023,0.05309734513274337,0.023783185840707967,49.26192944807465,0.9999999999999999,0.0,2023-08-30,2023-08-30,Coverage-Aware Rank Sentiment
2023-09-29,2023-10-02,2023-10-31,equity_equal_weight,equity_equal_weight_coverage_rank_sentiment,Equity,equal_weight,coverage_rank,0.25,0.07304503017681502,0.0577889447236181,0.024008933556672253,49.16302658561929,1.0000000000000002,0.0,2023-09-28,2023-09-28,Coverage-Aware Rank Sentiment
2023-10-31,2023-11-01,2023-11-30,equity_equal_weight,equity_equal_weight_coverage_rank_sentiment,Equity,equal_weight,coverage_rank,0.25,0.06530313747376333,0.055133079847908745,0.024443237370994027,49.16576002599519,1.0,0.0,2023-10-30,2023-10-30,Coverage-Aware Rank Sentiment
2023-11-30,2023-12-01,2023-12-29,equity_equal_weight,equity_equal_weight_coverage_rank_sentiment,Equity,equal_weight,coverage_rank,0.25,0.10215432307084027,0.06028761061946904,0.024889380530973452,49.00316607502638,0.9999999999999999,0.0,2023-11-29,2023-11-29,Coverage-Aware Rank Sentiment
2020-12-31,2021-01-04,2021-01-29,equity_equal_weight,equity_equal_weight_naive_sentiment,Equity,equal_weight,naive,1.0,,0.03650612018183901,0.025032846907109635,49.49301572266574,0.9999999999999998,0.0,2020-12-30,2020-12-30,Naive Sentiment
2021-01-29,2021-02-01,2021-02-26,equity_equal_weight,equity_equal_weight_naive_sentiment,Equity,equal_weight,naive,1.0,0.05304908098823136,0.03327405017653186,0.02287777048822206,49.65681663499501,1.0,0.0,2021-01-28,2021-01-28,Naive Sentiment
2021-02-26,2021-03-01,2021-03-31,equity_equal_weight,equity_equal_weight_naive_sentiment,Equity,equal_weight,naive,1.0,0.049788183344154927,0.02938330120363261,0.022273850132069818,49.7712373018648,1.0000000000000002,0.0,2021-02-25,2021-02-25,Naive Sentiment
2021-03-31,2021-04-01,2021-04-30,equity_equal_weight,equity_equal_weight_naive_sentiment,Equity,equal_weight,naive,1.0,0.05439349949969934,0.04610830257032193,0.02269836826492929,49.52845950483719,0.9999999999999997,0.0,2021-03-30,2021-03-30,Naive Sentiment
2021-04-30,2021-05-03,2021-05-28,equity_equal_weight,equity_equal_weight_naive_sentiment,Equity,equal_weight,naive,1.0,0.04437277293383155,0.025337352414116242,0.021907932215609563,49.820865141960105,1.0,0.0,2021-04-29,2021-04-29,Naive Sentiment
2021-05-28,2021-06-01,2021-06-30,equity_equal_weight,equity_equal_weight_naive_sentiment,Equity,equal_weight,naive,1.0,0.04959897059746081,0.0388352040608881,0.022650983065386317,49.5844671956317,1.0,0.0,2021-05-27,2021-05-27,Naive Sentiment
2021-06-30,2021-07-01,2021-07-30,equity_equal_weight,equity_equal_weight_naive_sentiment,Equity,equal_weight,naive,1.0,0.06974293488036194,0.05590606625397288,0.026591802921559517,49.04475561739234,0.9999999999999998,0.0,2021-06-29,2021-06-29,Naive Sentiment
2021-07-30,2021-08-02,2021-08-31,equity_equal_weight,equity_equal_weight_naive_sentiment,Equity,equal_weight,naive,1.0,0.05734459071676477,0.03193357405769069,0.022423454187754377,49.694386936451544,0.9999999999999999,0.0,2021-07-29,2021-07-29,Naive Sentiment
2021-08-31,2021-09-01,2021-09-30,equity_equal_weight,equity_equal_weight_naive_sentiment,Equity,equal_weight,naive,1.0,0.03381955568647252,0.04237866470638688,0.023392324434743456,49.4090144655597,1.0,0.0,2021-08-30,2021-08-30,Naive Sentiment
2021-09-30,2021-10-01,2021-10-29,equity_equal_weight,equity_equal_weight_naive_sentiment,Equity,equal_weight,naive,1.0,0.04268127709738516,0.036221993972719635,0.023283040775311792,49.66543523104726,1.0,0.0,2021-09-29,2021-09-29,Naive Sentiment
2021-10-29,2021-11-01,2021-11-30,equity_equal_weight,equity_equal_weight_naive_sentiment,Equity,equal_weight,naive,1.0,0.04555464276230731,0.02343005702634864,0.02390753511514169,49.726577787308244,1.0,0.0,2021-10-28,2021-10-28,Naive Sentiment
2021-11-30,2021-12-01,2021-12-31,equity_equal_weight,equity_equal_weight_naive_sentiment,Equity,equal_weight,naive,1.0,0.03822565923569549,0.03180004383794107,0.023956826543483915,49.586501314430876,1.0000000000000002,0.0,2021-11-29,2021-11-29,Naive Sentiment
2021-12-31,2022-01-03,2022-01-31,equity_equal_weight,equity_equal_weight_naive_sentiment,Equity,equal_weight,naive,1.0,0.04305513961982336,0.030540705941449572,0.023041626019280764,49.73071635873854,0.9999999999999999,0.0,2021-12-30,2021-12-30,Naive Sentiment
2022-01-31,2022-02-01,2022-02-28,equity_equal_weight,equity_equal_weight_naive_sentiment,Equity,equal_weight,naive,1.0,0.06497374472089047,0.04481297098594622,0.022149492573556775,49.43748309827392,0.9999999999999999,0.0,2022-01-28,2022-01-28,Naive Sentiment
2022-02-28,2022-03-01,2022-03-31,equity_equal_weight,equity_equal_weight_naive_sentiment,Equity,equal_weight,naive,1.0,0.06304786995125017,0.023799099046666685,0.021880811828769265,49.82758850161452,0.9999999999999999,0.0,2022-02-25,2022-02-25,Naive Sentiment
2022-03-31,2022-04-01,2022-04-29,equity_equal_weight,equity_equal_weight_naive_sentiment,Equity,equal_weight,naive,1.0,0.043998650583011424,0.035819839441708044,0.022184232123002558,49.67142076514971,1.0000000000000002,0.0,2022-03-30,2022-03-30,Naive Sentiment
2022-04-29,2022-05-02,2022-05-31,equity_equal_weight,equity_equal_weight_naive_sentiment,Equity,equal_weight,naive,1.0,0.03957735431364733,0.027523893272002477,0.022192916164404324,49.76244117056577,1.0,0.0,2022-04-28,2022-04-28,Naive Sentiment
2022-05-31,2022-06-01,2022-06-30,equity_equal_weight,equity_equal_weight_naive_sentiment,Equity,equal_weight,naive,1.0,0.05762013241151109,0.05333827146936085,0.024608639907753128,49.24126071412866,0.9999999999999999,0.0,2022-05-27,2022-05-27,Naive Sentiment
2022-06-30,2022-07-01,2022-07-29,equity_equal_weight,equity_equal_weight_naive_sentiment,Equity,equal_weight,naive,1.0,0.07811310735160568,0.0397192346622028,0.02282301975581583,49.61290812956898,1.0,0.0,2022-06-29,2022-06-29,Naive Sentiment
2022-07-29,2022-08-01,2022-08-31,equity_equal_weight,equity_equal_weight_naive_sentiment,Equity,equal_weight,naive,1.0,0.04927549625128215,0.03468009812150808,0.023602430412301638,49.6597999062756,1.0000000000000002,0.0,2022-07-28,2022-07-28,Naive Sentiment
2022-08-31,2022-09-01,2022-09-30,equity_equal_weight,equity_equal_weight_naive_sentiment,Equity,equal_weight,naive,1.0,0.0548211696480799,0.035105801091622445,0.021582690066559634,49.66924073671607,1.0,0.0,2022-08-30,2022-08-30,Naive Sentiment
2022-09-30,2022-10-03,2022-10-31,equity_equal_weight,equity_equal_weight_naive_sentiment,Equity,equal_weight,naive,1.0,0.03943568568866812,0.02903159814649932,0.021951242806793964,49.77290987107292,1.0000000000000002,0.0,2022-09-29,2022-09-29,Naive Sentiment
2022-10-31,2022-11-01,2022-11-30,equity_equal_weight,equity_equal_weight_naive_sentiment,Equity,equal_weight,naive,1.0,0.0472064124413435,0.0286943182477983,0.02173415214620755,49.78056586286864,1.0,0.0,2022-10-28,2022-10-28,Naive Sentiment
2022-11-30,2022-12-01,2022-12-30,equity_equal_weight,equity_equal_weight_naive_sentiment,Equity,equal_weight,naive,1.0,0.030510611490988465,0.036276242973735565,0.02240795132243315,49.691560916186056,0.9999999999999999,0.0,2022-11-29,2022-11-29,Naive Sentiment
2022-12-30,2023-01-03,2023-01-31,equity_equal_weight,equity_equal_weight_naive_sentiment,Equity,equal_weight,naive,1.0,0.05030763341652069,0.029017742427216907,0.022418744222694523,49.78190150894118,0.9999999999999998,0.0,2022-12-29,2022-12-29,Naive Sentiment
2023-01-31,2023-02-01,2023-02-28,equity_equal_weight,equity_equal_weight_naive_sentiment,Equity,equal_weight,naive,1.0,0.05084711837680429,0.01970761547627964,0.021708266812836538,49.89042649837679,1.0,0.0,2023-01-30,2023-01-30,Naive Sentiment
2023-02-28,2023-03-01,2023-03-31,equity_equal_weight,equity_equal_weight_naive_sentiment,Equity,equal_weight,naive,1.0,0.04572972889682958,0.034048403199912924,0.02317227928203503,49.65834131917956,1.0,0.0,2023-02-27,2023-02-27,Naive Sentiment
2023-03-31,2023-04-03,2023-04-28,equity_equal_weight,equity_equal_weight_naive_sentiment,Equity,equal_weight,naive,1.0,0.054785677712988465,0.02443128134495972,0.02147336350516752,49.83704905022055,1.0000000000000002,0.0,2023-03-30,2023-03-30,Naive Sentiment
2023-04-28,2023-05-01,2023-05-31,equity_equal_weight,equity_equal_weight_naive_sentiment,Equity,equal_weight,naive,1.0,0.027177767338650308,0.02199127710052179,0.022032637011787568,49.838787867007476,0.9999999999999997,0.0,2023-04-27,2023-04-27,Naive Sentiment
2023-05-31,2023-06-01,2023-06-30,equity_equal_weight,equity_equal_weight_naive_sentiment,Equity,equal_weight,naive,1.0,0.06444515514509032,0.026369240730272518,0.02250606116832377,49.77819395177579,1.0,0.0,2023-05-30,2023-05-30,Naive Sentiment
2023-06-30,2023-07-03,2023-07-31,equity_equal_weight,equity_equal_weight_naive_sentiment,Equity,equal_weight,naive,1.0,0.04492168314021495,0.035811446741872185,0.023471761576540046,49.62326173104078,1.0,0.0,2023-06-29,2023-06-29,Naive Sentiment
2023-07-31,2023-08-01,2023-08-31,equity_equal_weight,equity_equal_weight_naive_sentiment,Equity,equal_weight,naive,1.0,0.05130371209980156,0.05361775575175386,0.024348682923116913,49.325143399251495,1.0,0.0,2023-07-28,2023-07-28,Naive Sentiment
2023-08-31,2023-09-01,2023-09-29,equity_equal_weight,equity_equal_weight_naive_sentiment,Equity,equal_weight,naive,1.0,0.0585853358107261,0.018684901785675154,0.021260177380654135,49.906756346068214,0.9999999999999998,0.0,2023-08-30,2023-08-30,Naive Sentiment
2023-09-29,2023-10-02,2023-10-31,equity_equal_weight,equity_equal_weight_naive_sentiment,Equity,equal_weight,naive,1.0,0.028517793931714986,0.017928990046156154,0.021417463794823836,49.8948600137907,1.0,0.0,2023-09-28,2023-09-28,Naive Sentiment
2023-10-31,2023-11-01,2023-11-30,equity_equal_weight,equity_equal_weight_naive_sentiment,Equity,equal_weight,naive,1.0,0.03204709621629227,0.021610737171929816,0.021450309752143116,49.858773194415306,1.0,0.0,2023-10-30,2023-10-30,Naive Sentiment
2023-11-30,2023-12-01,2023-12-29,equity_equal_weight,equity_equal_weight_naive_sentiment,Equity,equal_weight,naive,1.0,0.04624915668040118,0.017678206143874903,0.02320416687840398,49.826354024097725,1.0,0.0,2023-11-29,2023-11-29,Naive Sentiment
2020-12-31,2021-01-04,2021-01-29,equity_maximum_sharpe,equity_maximum_sharpe_coverage_rank_sentiment,Equity,maximum_sharpe,coverage_rank,0.25,,0.028491540658052275,0.2847834132843687,4.51623548385026,1.0,0.0,2020-12-30,2020-12-30,Coverage-Aware Rank Sentiment
2021-01-29,2021-02-01,2021-02-26,equity_maximum_sharpe,equity_maximum_sharpe_coverage_rank_sentiment,Equity,maximum_sharpe,coverage_rank,0.25,0.16355814333531735,0.07565133855112874,0.23951658007841678,4.899632022228805,0.9999999999999998,0.0,2021-01-28,2021-01-28,Coverage-Aware Rank Sentiment
2021-02-26,2021-03-01,2021-03-31,equity_maximum_sharpe,equity_maximum_sharpe_coverage_rank_sentiment,Equity,maximum_sharpe,coverage_rank,0.25,0.4909030105196838,0.020069876464628274,0.49229108763448765,3.063434013247034,0.9999999999999998,0.0,2021-02-25,2021-02-25,Coverage-Aware Rank Sentiment
2021-03-31,2021-04-01,2021-04-30,equity_maximum_sharpe,equity_maximum_sharpe_coverage_rank_sentiment,Equity,maximum_sharpe,coverage_rank,0.25,0.32437434818714833,0.016877529729580246,0.3078111951543365,4.544819684694964,1.0,0.0,2021-03-30,2021-03-30,Coverage-Aware Rank Sentiment
2021-04-30,2021-05-03,2021-05-28,equity_maximum_sharpe,equity_maximum_sharpe_coverage_rank_sentiment,Equity,maximum_sharpe,coverage_rank,0.25,0.1524536751483055,0.07571401532919658,0.3244845037015585,4.189545405225008,1.0000000000000002,0.0,2021-04-29,2021-04-29,Coverage-Aware Rank Sentiment
2021-05-28,2021-06-01,2021-06-30,equity_maximum_sharpe,equity_maximum_sharpe_coverage_rank_sentiment,Equity,maximum_sharpe,coverage_rank,0.25,0.18303811839373366,0.03060459162814238,0.26267414403901396,4.598148538923176,0.9999999999999999,0.0,2021-05-27,2021-05-27,Coverage-Aware Rank Sentiment
2021-06-30,2021-07-01,2021-07-30,equity_maximum_sharpe,equity_maximum_sharpe_coverage_rank_sentiment,Equity,maximum_sharpe,coverage_rank,0.25,0.22763452405033632,0.0364521005361634,0.4392899853300586,3.6690224780575926,1.0,0.0,2021-06-29,2021-06-29,Coverage-Aware Rank Sentiment
2021-07-30,2021-08-02,2021-08-31,equity_maximum_sharpe,equity_maximum_sharpe_coverage_rank_sentiment,Equity,maximum_sharpe,coverage_rank,0.25,0.1646142064863546,0.03298919267153408,0.4092177499302385,4.048246949707886,0.9999999999999999,0.0,2021-07-29,2021-07-29,Coverage-Aware Rank Sentiment
2021-08-31,2021-09-01,2021-09-30,equity_maximum_sharpe,equity_maximum_sharpe_coverage_rank_sentiment,Equity,maximum_sharpe,coverage_rank,0.25,0.1795947300078904,0.03566114209583259,0.5289727576897673,2.727366874234949,1.0,0.0,2021-08-30,2021-08-30,Coverage-Aware Rank Sentiment
2021-09-30,2021-10-01,2021-10-29,equity_maximum_sharpe,equity_maximum_sharpe_coverage_rank_sentiment,Equity,maximum_sharpe,coverage_rank,0.25,0.08340525158252754,0.04032460158414661,0.610705043083372,2.3418142720107697,1.0,0.0,2021-09-29,2021-09-29,Coverage-Aware Rank Sentiment
2021-10-29,2021-11-01,2021-11-30,equity_maximum_sharpe,equity_maximum_sharpe_coverage_rank_sentiment,Equity,maximum_sharpe,coverage_rank,0.25,0.10808567480250113,0.051200242343290514,0.5697016082223101,2.562282767614578,0.9999999999999999,0.0,2021-10-28,2021-10-28,Coverage-Aware Rank Sentiment
2021-11-30,2021-12-01,2021-12-31,equity_maximum_sharpe,equity_maximum_sharpe_coverage_rank_sentiment,Equity,maximum_sharpe,coverage_rank,0.25,0.07876745768262672,0.04043970296562666,0.6904259624594197,1.9035811173468877,1.0000000000000002,0.0,2021-11-29,2021-11-29,Coverage-Aware Rank Sentiment
2021-12-31,2022-01-03,2022-01-31,equity_maximum_sharpe,equity_maximum_sharpe_coverage_rank_sentiment,Equity,maximum_sharpe,coverage_rank,0.25,0.28177439299192253,0.05176218165970076,0.3662876084099175,3.5973882751336212,0.9999999999999999,0.0,2021-12-30,2021-12-30,Coverage-Aware Rank Sentiment
2022-01-31,2022-02-01,2022-02-28,equity_maximum_sharpe,equity_maximum_sharpe_coverage_rank_sentiment,Equity,maximum_sharpe,coverage_rank,0.25,0.1857492662723669,0.06474245439632262,0.3913001170514884,4.076399795823812,1.0,0.0,2022-01-28,2022-01-28,Coverage-Aware Rank Sentiment
2022-02-28,2022-03-01,2022-03-31,equity_maximum_sharpe,equity_maximum_sharpe_coverage_rank_sentiment,Equity,maximum_sharpe,coverage_rank,0.25,0.14594336100037553,0.06797825909987891,0.23159043631521445,5.377235730425994,1.0000000000000002,0.0,2022-02-25,2022-02-25,Coverage-Aware Rank Sentiment
2022-03-31,2022-04-01,2022-04-29,equity_maximum_sharpe,equity_maximum_sharpe_coverage_rank_sentiment,Equity,maximum_sharpe,coverage_rank,0.25,0.09186780578818525,0.038607371400881364,0.24082977167951888,4.8805762770958205,1.0,0.0,2022-03-30,2022-03-30,Coverage-Aware Rank Sentiment
2022-04-29,2022-05-02,2022-05-31,equity_maximum_sharpe,equity_maximum_sharpe_coverage_rank_sentiment,Equity,maximum_sharpe,coverage_rank,0.25,0.05654146729933917,0.03884088630682728,0.2325927497392364,4.8965273778271765,1.0,0.0,2022-04-28,2022-04-28,Coverage-Aware Rank Sentiment
2022-05-31,2022-06-01,2022-06-30,equity_maximum_sharpe,equity_maximum_sharpe_coverage_rank_sentiment,Equity,maximum_sharpe,coverage_rank,0.25,0.08286352690076994,0.041214710017923574,0.30313954965833956,4.794448693077356,1.0,0.0,2022-05-27,2022-05-27,Coverage-Aware Rank Sentiment
2022-06-30,2022-07-01,2022-07-29,equity_maximum_sharpe,equity_maximum_sharpe_coverage_rank_sentiment,Equity,maximum_sharpe,coverage_rank,0.25,0.20357715082317415,0.048012572315415974,0.4819606164272959,3.4748115807793956,1.0,0.0,2022-06-29,2022-06-29,Coverage-Aware Rank Sentiment
2022-07-29,2022-08-01,2022-08-31,equity_maximum_sharpe,equity_maximum_sharpe_coverage_rank_sentiment,Equity,maximum_sharpe,coverage_rank,0.25,0.2420627072368022,0.039666119783323156,0.3403433098110232,4.194067595940862,1.0000000000000002,0.0,2022-07-28,2022-07-28,Coverage-Aware Rank Sentiment
2022-08-31,2022-09-01,2022-09-30,equity_maximum_sharpe,equity_maximum_sharpe_coverage_rank_sentiment,Equity,maximum_sharpe,coverage_rank,0.25,0.13882347665179046,0.03856706412401001,0.25915087028851214,5.290356383101161,1.0000000000000004,0.0,2022-08-30,2022-08-30,Coverage-Aware Rank Sentiment
2022-09-30,2022-10-03,2022-10-31,equity_maximum_sharpe,equity_maximum_sharpe_coverage_rank_sentiment,Equity,maximum_sharpe,coverage_rank,0.25,0.16803964538849836,0.04518892904228441,0.41265246642665954,4.023751673245767,1.0000000000000002,0.0,2022-09-29,2022-09-29,Coverage-Aware Rank Sentiment
2022-10-31,2022-11-01,2022-11-30,equity_maximum_sharpe,equity_maximum_sharpe_coverage_rank_sentiment,Equity,maximum_sharpe,coverage_rank,0.25,0.07258215624983448,0.05100291901645434,0.40856840947101647,4.043435168453194,1.0000000000000002,0.0,2022-10-28,2022-10-28,Coverage-Aware Rank Sentiment
2022-11-30,2022-12-01,2022-12-30,equity_maximum_sharpe,equity_maximum_sharpe_coverage_rank_sentiment,Equity,maximum_sharpe,coverage_rank,0.25,0.1990977369865808,0.058007619397228094,0.47809690011582534,3.426279501088153,1.0,0.0,2022-11-29,2022-11-29,Coverage-Aware Rank Sentiment
2022-12-30,2023-01-03,2023-01-31,equity_maximum_sharpe,equity_maximum_sharpe_coverage_rank_sentiment,Equity,maximum_sharpe,coverage_rank,0.25,0.08109777876165114,0.037683834111367054,0.5215085684443173,3.0308982289335944,1.0,0.0,2022-12-29,2022-12-29,Coverage-Aware Rank Sentiment
2023-01-31,2023-02-01,2023-02-28,equity_maximum_sharpe,equity_maximum_sharpe_coverage_rank_sentiment,Equity,maximum_sharpe,coverage_rank,0.25,0.11778839924482058,0.05870684737263328,0.39795684525115377,3.917265102808917,1.0,0.0,2023-01-30,2023-01-30,Coverage-Aware Rank Sentiment
2023-02-28,2023-03-01,2023-03-31,equity_maximum_sharpe,equity_maximum_sharpe_coverage_rank_sentiment,Equity,maximum_sharpe,coverage_rank,0.25,0.12744898210364566,0.0196726530863536,0.42943788117043385,3.0946088961209757,0.9999999999999999,0.0,2023-02-27,2023-02-27,Coverage-Aware Rank Sentiment
2023-03-31,2023-04-03,2023-04-28,equity_maximum_sharpe,equity_maximum_sharpe_coverage_rank_sentiment,Equity,maximum_sharpe,coverage_rank,0.25,0.10641597284621114,0.06486734977889361,0.38366580890756025,3.2517305378134087,1.0000000000000002,0.0,2023-03-30,2023-03-30,Coverage-Aware Rank Sentiment
2023-04-28,2023-05-01,2023-05-31,equity_maximum_sharpe,equity_maximum_sharpe_coverage_rank_sentiment,Equity,maximum_sharpe,coverage_rank,0.25,0.132122573935461,0.04210492497913931,0.4225924452448212,3.4388994651058455,0.9999999999999998,0.0,2023-04-27,2023-04-27,Coverage-Aware Rank Sentiment
2023-05-31,2023-06-01,2023-06-30,equity_maximum_sharpe,equity_maximum_sharpe_coverage_rank_sentiment,Equity,maximum_sharpe,coverage_rank,0.25,0.07885742255434389,0.05134136387449041,0.4066322881891835,3.000485108269865,1.0000000000000002,0.0,2023-05-30,2023-05-30,Coverage-Aware Rank Sentiment
2023-06-30,2023-07-03,2023-07-31,equity_maximum_sharpe,equity_maximum_sharpe_coverage_rank_sentiment,Equity,maximum_sharpe,coverage_rank,0.25,0.0894255097942185,0.06864199958359243,0.44412250149583443,3.0097766223774167,1.0000000000000002,0.0,2023-06-29,2023-06-29,Coverage-Aware Rank Sentiment
2023-07-31,2023-08-01,2023-08-31,equity_maximum_sharpe,equity_maximum_sharpe_coverage_rank_sentiment,Equity,maximum_sharpe,coverage_rank,0.25,0.06564893829771853,0.07644530322441737,0.4685235825168017,2.7523023184423674,1.0000000000000002,0.0,2023-07-28,2023-07-28,Coverage-Aware Rank Sentiment
2023-08-31,2023-09-01,2023-09-29,equity_maximum_sharpe,equity_maximum_sharpe_coverage_rank_sentiment,Equity,maximum_sharpe,coverage_rank,0.25,0.041298574580688724,0.06601216887243096,0.44361484540155766,2.892308810948219,1.0,0.0,2023-08-30,2023-08-30,Coverage-Aware Rank Sentiment
2023-09-29,2023-10-02,2023-10-31,equity_maximum_sharpe,equity_maximum_sharpe_coverage_rank_sentiment,Equity,maximum_sharpe,coverage_rank,0.25,0.14596838515729368,0.04691197154172378,0.3933452093194858,3.241158310560404,0.9999999999999998,0.0,2023-09-28,2023-09-28,Coverage-Aware Rank Sentiment
2023-10-31,2023-11-01,2023-11-30,equity_maximum_sharpe,equity_maximum_sharpe_coverage_rank_sentiment,Equity,maximum_sharpe,coverage_rank,0.25,0.09481522263422502,0.05846659094574495,0.36073210702710506,3.421815411741339,1.0,0.0,2023-10-30,2023-10-30,Coverage-Aware Rank Sentiment
2023-11-30,2023-12-01,2023-12-29,equity_maximum_sharpe,equity_maximum_sharpe_coverage_rank_sentiment,Equity,maximum_sharpe,coverage_rank,0.25,0.12777189901552122,0.055307710962871036,0.4555035953611985,2.7556398333459775,1.0,0.0,2023-11-29,2023-11-29,Coverage-Aware Rank Sentiment
2020-12-31,2021-01-04,2021-01-29,equity_maximum_sharpe,equity_maximum_sharpe_naive_sentiment,Equity,maximum_sharpe,naive,1.0,,0.011489803513982908,0.2869261702503001,4.570495198467594,1.0,0.0,2020-12-30,2020-12-30,Naive Sentiment
2021-01-29,2021-02-01,2021-02-26,equity_maximum_sharpe,equity_maximum_sharpe_naive_sentiment,Equity,maximum_sharpe,naive,1.0,0.1899033288517506,0.048540676367276686,0.24006024495457984,4.931869966455432,0.9999999999999994,0.0,2021-01-28,2021-01-28,Naive Sentiment
2021-02-26,2021-03-01,2021-03-31,equity_maximum_sharpe,equity_maximum_sharpe_naive_sentiment,Equity,maximum_sharpe,naive,1.0,0.46563664129274973,0.014132700776827009,0.4976709565202399,3.052450451885361,0.9999999999999998,0.0,2021-02-25,2021-02-25,Naive Sentiment
2021-03-31,2021-04-01,2021-04-30,equity_maximum_sharpe,equity_maximum_sharpe_naive_sentiment,Equity,maximum_sharpe,naive,1.0,0.2975145572090555,0.02867891599028471,0.3207334709032442,4.475400713382702,0.9999999999999999,0.0,2021-03-30,2021-03-30,Naive Sentiment
2021-04-30,2021-05-03,2021-05-28,equity_maximum_sharpe,equity_maximum_sharpe_naive_sentiment,Equity,maximum_sharpe,naive,1.0,0.19496718102905863,0.03334355453381026,0.3073386495642258,4.206224033163914,1.0000000000000002,0.0,2021-04-29,2021-04-29,Naive Sentiment
2021-05-28,2021-06-01,2021-06-30,equity_maximum_sharpe,equity_maximum_sharpe_naive_sentiment,Equity,maximum_sharpe,naive,1.0,0.19853915564191146,0.016963656721155844,0.26771967977342,4.537761774426241,0.9999999999999998,0.0,2021-05-27,2021-05-27,Naive Sentiment
2021-06-30,2021-07-01,2021-07-30,equity_maximum_sharpe,equity_maximum_sharpe_naive_sentiment,Equity,maximum_sharpe,naive,1.0,0.2441724146906222,0.05119001207192735,0.4534828401377011,3.53927373386148,1.0,0.0,2021-06-29,2021-06-29,Naive Sentiment
2021-07-30,2021-08-02,2021-08-31,equity_maximum_sharpe,equity_maximum_sharpe_naive_sentiment,Equity,maximum_sharpe,naive,1.0,0.16547028973576963,0.02758751771430031,0.4180392712969455,3.993382190129623,1.0000000000000002,0.0,2021-07-29,2021-07-29,Naive Sentiment
2021-08-31,2021-09-01,2021-09-30,equity_maximum_sharpe,equity_maximum_sharpe_naive_sentiment,Equity,maximum_sharpe,naive,1.0,0.17698138944030084,0.04287947219293899,0.5361910877868736,2.693999229782662,0.9999999999999999,0.0,2021-08-30,2021-08-30,Naive Sentiment
2021-09-30,2021-10-01,2021-10-29,equity_maximum_sharpe,equity_maximum_sharpe_naive_sentiment,Equity,maximum_sharpe,naive,1.0,0.0689403297079809,0.035687602309778965,0.6060680438090045,2.3657527100045885,0.9999999999999998,0.0,2021-09-29,2021-09-29,Naive Sentiment
2021-10-29,2021-11-01,2021-11-30,equity_maximum_sharpe,equity_maximum_sharpe_naive_sentiment,Equity,maximum_sharpe,naive,1.0,0.10203723761954886,0.05082779444288771,0.5707148176600761,2.5530663337626636,1.0,0.0,2021-10-28,2021-10-28,Naive Sentiment
2021-11-30,2021-12-01,2021-12-31,equity_maximum_sharpe,equity_maximum_sharpe_naive_sentiment,Equity,maximum_sharpe,naive,1.0,0.07129844738399041,0.04000119844653947,0.6899874579403323,1.9098539645268715,0.9999999999999999,0.0,2021-11-29,2021-11-29,Naive Sentiment
2021-12-31,2022-01-03,2022-01-31,equity_maximum_sharpe,equity_maximum_sharpe_naive_sentiment,Equity,maximum_sharpe,naive,1.0,0.26502804437269245,0.029788649867173226,0.39172097961308355,3.5449733964822494,0.9999999999999999,0.0,2021-12-30,2021-12-30,Naive Sentiment
2022-01-31,2022-02-01,2022-02-28,equity_maximum_sharpe,equity_maximum_sharpe_naive_sentiment,Equity,maximum_sharpe,naive,1.0,0.14010702795361954,0.04487292295902544,0.3651301957687527,4.188869740418287,1.0,0.0,2022-01-28,2022-01-28,Naive Sentiment
2022-02-28,2022-03-01,2022-03-31,equity_maximum_sharpe,equity_maximum_sharpe_naive_sentiment,Equity,maximum_sharpe,naive,1.0,0.14567475667961852,0.031142456826904044,0.24527067201042127,5.3187556795051885,1.0000000000000004,0.0,2022-02-25,2022-02-25,Naive Sentiment
2022-03-31,2022-04-01,2022-04-29,equity_maximum_sharpe,equity_maximum_sharpe_naive_sentiment,Equity,maximum_sharpe,naive,1.0,0.08148374341419436,0.0326559374929707,0.23585596993229577,4.896253595429272,0.9999999999999999,0.0,2022-03-30,2022-03-30,Naive Sentiment
2022-04-29,2022-05-02,2022-05-31,equity_maximum_sharpe,equity_maximum_sharpe_naive_sentiment,Equity,maximum_sharpe,naive,1.0,0.0568060226423173,0.026297021466412013,0.23017412660347036,4.928754752864172,0.9999999999999998,0.0,2022-04-28,2022-04-28,Naive Sentiment
2022-05-31,2022-06-01,2022-06-30,equity_maximum_sharpe,equity_maximum_sharpe_naive_sentiment,Equity,maximum_sharpe,naive,1.0,0.09915439493489986,0.04773880451923833,0.3122668072880772,4.730106857472967,0.9999999999999998,0.0,2022-05-27,2022-05-27,Naive Sentiment
2022-06-30,2022-07-01,2022-07-29,equity_maximum_sharpe,equity_maximum_sharpe_naive_sentiment,Equity,maximum_sharpe,naive,1.0,0.19004885243757086,0.039803595116033326,0.4728181417109348,3.563375170185825,0.9999999999999999,0.0,2022-06-29,2022-06-29,Naive Sentiment
2022-07-29,2022-08-01,2022-08-31,equity_maximum_sharpe,equity_maximum_sharpe_naive_sentiment,Equity,maximum_sharpe,naive,1.0,0.24782480316556826,0.021488099466668176,0.3273864559256348,4.271924567534971,1.0000000000000002,0.0,2022-07-28,2022-07-28,Naive Sentiment
2022-08-31,2022-09-01,2022-09-30,equity_maximum_sharpe,equity_maximum_sharpe_naive_sentiment,Equity,maximum_sharpe,naive,1.0,0.1420706511655034,0.028335523439676408,0.2625439911684093,5.211688842538716,1.0000000000000002,0.0,2022-08-30,2022-08-30,Naive Sentiment
2022-09-30,2022-10-03,2022-10-31,equity_maximum_sharpe,equity_maximum_sharpe_naive_sentiment,Equity,maximum_sharpe,naive,1.0,0.18513304587516652,0.039599970577633946,0.40220367177157085,4.126525441243193,1.0,0.0,2022-09-29,2022-09-29,Naive Sentiment
2022-10-31,2022-11-01,2022-11-30,equity_maximum_sharpe,equity_maximum_sharpe_naive_sentiment,Equity,maximum_sharpe,naive,1.0,0.06908633730255459,0.03721997986717962,0.3985190836346889,4.1531235793692,1.0,0.0,2022-10-28,2022-10-28,Naive Sentiment
2022-11-30,2022-12-01,2022-12-30,equity_maximum_sharpe,equity_maximum_sharpe_naive_sentiment,Equity,maximum_sharpe,naive,1.0,0.1942832055800372,0.035232109314970464,0.4585685985319169,3.569264765586264,1.0,0.0,2022-11-29,2022-11-29,Naive Sentiment
2022-12-30,2023-01-03,2023-01-31,equity_maximum_sharpe,equity_maximum_sharpe_naive_sentiment,Equity,maximum_sharpe,naive,1.0,0.07857763981664782,0.02483648755952449,0.5171561298134045,3.0756460280403712,1.0,0.0,2022-12-29,2022-12-29,Naive Sentiment
2023-01-31,2023-02-01,2023-02-28,equity_maximum_sharpe,equity_maximum_sharpe_naive_sentiment,Equity,maximum_sharpe,naive,1.0,0.13006093352406234,0.024356412295317632,0.36860802853823077,4.121168306647466,1.0,0.0,2023-01-30,2023-01-30,Naive Sentiment
2023-02-28,2023-03-01,2023-03-31,equity_maximum_sharpe,equity_maximum_sharpe_naive_sentiment,Equity,maximum_sharpe,naive,1.0,0.13099070776591062,0.01659735542280186,0.42695957431694126,3.103772640254276,0.9999999999999998,0.0,2023-02-27,2023-02-27,Naive Sentiment
2023-03-31,2023-04-03,2023-04-28,equity_maximum_sharpe,equity_maximum_sharpe_naive_sentiment,Equity,maximum_sharpe,naive,1.0,0.06465326220334772,0.02752103015560285,0.4182222177894907,3.2149070766059578,1.0,0.0,2023-03-30,2023-03-30,Naive Sentiment
2023-04-28,2023-05-01,2023-05-31,equity_maximum_sharpe,equity_maximum_sharpe_naive_sentiment,Equity,maximum_sharpe,naive,1.0,0.07357324213552088,0.007295101336111548,0.3959705298270446,3.5248467057020605,1.0,0.0,2023-04-27,2023-04-27,Naive Sentiment
2023-05-31,2023-06-01,2023-06-30,equity_maximum_sharpe,equity_maximum_sharpe_naive_sentiment,Equity,maximum_sharpe,naive,1.0,0.06904705758736765,0.024374456060664136,0.39726584271837256,2.9855443261958605,0.9999999999999999,0.0,2023-05-30,2023-05-30,Naive Sentiment
2023-06-30,2023-07-03,2023-07-31,equity_maximum_sharpe,equity_maximum_sharpe_naive_sentiment,Equity,maximum_sharpe,naive,1.0,0.06360255742565303,0.032272037984243565,0.41535857444867325,3.139502032217015,1.0000000000000002,0.0,2023-06-29,2023-06-29,Naive Sentiment
2023-07-31,2023-08-01,2023-08-31,equity_maximum_sharpe,equity_maximum_sharpe_naive_sentiment,Equity,maximum_sharpe,naive,1.0,0.05563603067398494,0.060574224492145674,0.45265250378453004,2.7577389656406317,1.0000000000000002,0.0,2023-07-28,2023-07-28,Naive Sentiment
2023-08-31,2023-09-01,2023-09-29,equity_maximum_sharpe,equity_maximum_sharpe_naive_sentiment,Equity,maximum_sharpe,naive,1.0,0.05514837321845594,0.024127865008262986,0.41377249579878744,2.9412853196888156,0.9999999999999999,0.0,2023-08-30,2023-08-30,Naive Sentiment
2023-09-29,2023-10-02,2023-10-31,equity_maximum_sharpe,equity_maximum_sharpe_naive_sentiment,Equity,maximum_sharpe,naive,1.0,0.07481378369177759,0.005660853627252716,0.37635989900122646,3.146625708678559,0.9999999999999998,0.0,2023-09-28,2023-09-28,Naive Sentiment
2023-10-31,2023-11-01,2023-11-30,equity_maximum_sharpe,equity_maximum_sharpe_naive_sentiment,Equity,maximum_sharpe,naive,1.0,0.07468773054334513,0.014736756680370769,0.37219742441730475,3.3078798458023417,0.9999999999999999,0.0,2023-10-30,2023-10-30,Naive Sentiment
2023-11-30,2023-12-01,2023-12-29,equity_maximum_sharpe,equity_maximum_sharpe_naive_sentiment,Equity,maximum_sharpe,naive,1.0,0.070350511954386,0.040704967399758735,0.440900851798086,2.845968078867014,0.9999999999999997,0.0,2023-11-29,2023-11-29,Naive Sentiment
2020-12-31,2021-01-04,2021-01-29,equity_minimum_variance,equity_minimum_variance_coverage_rank_sentiment,Equity,minimum_variance,coverage_rank,0.25,,0.04090291865496231,0.2695286754124487,6.615657530472174,1.0000000000000002,0.0,2020-12-30,2020-12-30,Coverage-Aware Rank Sentiment
2021-01-29,2021-02-01,2021-02-26,equity_minimum_variance,equity_minimum_variance_coverage_rank_sentiment,Equity,minimum_variance,coverage_rank,0.25,0.08125842086182246,0.02693871384675899,0.22901684263028715,7.393911442527257,0.9999999999999998,0.0,2021-01-28,2021-01-28,Coverage-Aware Rank Sentiment
2021-02-26,2021-03-01,2021-03-31,equity_minimum_variance,equity_minimum_variance_coverage_rank_sentiment,Equity,minimum_variance,coverage_rank,0.25,0.05069283140314566,0.048713206669342674,0.2587779330884528,6.932082962703021,0.9999999999999998,0.0,2021-02-25,2021-02-25,Coverage-Aware Rank Sentiment
2021-03-31,2021-04-01,2021-04-30,equity_minimum_variance,equity_minimum_variance_coverage_rank_sentiment,Equity,minimum_variance,coverage_rank,0.25,0.06711738792623614,0.06164040237575449,0.2550416897352349,7.181207923463517,1.0,0.0,2021-03-30,2021-03-30,Coverage-Aware Rank Sentiment
2021-04-30,2021-05-03,2021-05-28,equity_minimum_variance,equity_minimum_variance_coverage_rank_sentiment,Equity,minimum_variance,coverage_rank,0.25,0.14229694966217735,0.0706559861500377,0.19817187633263053,7.780248575901219,0.9999999999999999,0.0,2021-04-29,2021-04-29,Coverage-Aware Rank Sentiment
2021-05-28,2021-06-01,2021-06-30,equity_minimum_variance,equity_minimum_variance_coverage_rank_sentiment,Equity,minimum_variance,coverage_rank,0.25,0.08519967722731589,0.03915901064704799,0.23584738039379705,7.668582201088618,1.0000000000000002,0.0,2021-05-27,2021-05-27,Coverage-Aware Rank Sentiment
2021-06-30,2021-07-01,2021-07-30,equity_minimum_variance,equity_minimum_variance_coverage_rank_sentiment,Equity,minimum_variance,coverage_rank,0.25,0.08453023800609447,0.04239212764970428,0.17319580561561618,8.457051070635183,1.0,0.0,2021-06-29,2021-06-29,Coverage-Aware Rank Sentiment
2021-07-30,2021-08-02,2021-08-31,equity_minimum_variance,equity_minimum_variance_coverage_rank_sentiment,Equity,minimum_variance,coverage_rank,0.25,0.1060404904833518,0.06307890936446543,0.2668017646270252,7.17034547360459,0.9999999999999998,0.0,2021-07-29,2021-07-29,Coverage-Aware Rank Sentiment
2021-08-31,2021-09-01,2021-09-30,equity_minimum_variance,equity_minimum_variance_coverage_rank_sentiment,Equity,minimum_variance,coverage_rank,0.25,0.046761745792279194,0.02301128673720078,0.22847881628310807,7.805590933666593,1.0,0.0,2021-08-30,2021-08-30,Coverage-Aware Rank Sentiment
2021-09-30,2021-10-01,2021-10-29,equity_minimum_variance,equity_minimum_variance_coverage_rank_sentiment,Equity,minimum_variance,coverage_rank,0.25,0.050799416012431035,0.05825468226853578,0.23122542495847256,7.792642646901913,1.0,0.0,2021-09-29,2021-09-29,Coverage-Aware Rank Sentiment
2021-10-29,2021-11-01,2021-11-30,equity_minimum_variance,equity_minimum_variance_coverage_rank_sentiment,Equity,minimum_variance,coverage_rank,0.25,0.07506972445660269,0.04512082185350149,0.199444316728047,8.402754267840953,0.9999999999999998,0.0,2021-10-28,2021-10-28,Coverage-Aware Rank Sentiment
2021-11-30,2021-12-01,2021-12-31,equity_minimum_variance,equity_minimum_variance_coverage_rank_sentiment,Equity,minimum_variance,coverage_rank,0.25,0.05141537716228563,0.04508499156089055,0.22900696605121548,7.827115584863935,0.9999999999999999,0.0,2021-11-29,2021-11-29,Coverage-Aware Rank Sentiment
2021-12-31,2022-01-03,2022-01-31,equity_minimum_variance,equity_minimum_variance_coverage_rank_sentiment,Equity,minimum_variance,coverage_rank,0.25,0.05899583378969523,0.02575755061013587,0.22308291754733584,8.224418984173992,1.0,0.0,2021-12-30,2021-12-30,Coverage-Aware Rank Sentiment
2022-01-31,2022-02-01,2022-02-28,equity_minimum_variance,equity_minimum_variance_coverage_rank_sentiment,Equity,minimum_variance,coverage_rank,0.25,0.07757200284759656,0.05349055861345547,0.2040816010720663,8.30342442898548,0.9999999999999996,0.0,2022-01-28,2022-01-28,Coverage-Aware Rank Sentiment
2022-02-28,2022-03-01,2022-03-31,equity_minimum_variance,equity_minimum_variance_coverage_rank_sentiment,Equity,minimum_variance,coverage_rank,0.25,0.09900257838800715,0.0576238307986751,0.2282827657468241,8.364603681963443,1.0,0.0,2022-02-25,2022-02-25,Coverage-Aware Rank Sentiment
2022-03-31,2022-04-01,2022-04-29,equity_minimum_variance,equity_minimum_variance_coverage_rank_sentiment,Equity,minimum_variance,coverage_rank,0.25,0.08666564130497588,0.03609579532443728,0.20596260452383036,8.513311058487554,0.9999999999999998,0.0,2022-03-30,2022-03-30,Coverage-Aware Rank Sentiment
2022-04-29,2022-05-02,2022-05-31,equity_minimum_variance,equity_minimum_variance_coverage_rank_sentiment,Equity,minimum_variance,coverage_rank,0.25,0.049655329175305976,0.032199231319648094,0.22815738393140944,8.309284147507476,1.0,0.0,2022-04-28,2022-04-28,Coverage-Aware Rank Sentiment
2022-05-31,2022-06-01,2022-06-30,equity_minimum_variance,equity_minimum_variance_coverage_rank_sentiment,Equity,minimum_variance,coverage_rank,0.25,0.08038504866561147,0.051856750261827095,0.21243648536804458,8.703594078603873,0.9999999999999999,0.0,2022-05-27,2022-05-27,Coverage-Aware Rank Sentiment
2022-06-30,2022-07-01,2022-07-29,equity_minimum_variance,equity_minimum_variance_coverage_rank_sentiment,Equity,minimum_variance,coverage_rank,0.25,0.09642107855483226,0.06439784732803053,0.16042762905122346,8.818390418038742,1.0000000000000002,0.0,2022-06-29,2022-06-29,Coverage-Aware Rank Sentiment
2022-07-29,2022-08-01,2022-08-31,equity_minimum_variance,equity_minimum_variance_coverage_rank_sentiment,Equity,minimum_variance,coverage_rank,0.25,0.055154581941044875,0.0336172411856119,0.17957111352543736,8.871414315105005,1.0000000000000002,0.0,2022-07-28,2022-07-28,Coverage-Aware Rank Sentiment
2022-08-31,2022-09-01,2022-09-30,equity_minimum_variance,equity_minimum_variance_coverage_rank_sentiment,Equity,minimum_variance,coverage_rank,0.25,0.06602292594523834,0.0514509997639712,0.21587539603338068,8.406189855889938,0.9999999999999999,0.0,2022-08-30,2022-08-30,Coverage-Aware Rank Sentiment
2022-09-30,2022-10-03,2022-10-31,equity_minimum_variance,equity_minimum_variance_coverage_rank_sentiment,Equity,minimum_variance,coverage_rank,0.25,0.049580672154915365,0.05207380497716127,0.20584519041275454,8.488363301084002,0.9999999999999999,0.0,2022-09-29,2022-09-29,Coverage-Aware Rank Sentiment
2022-10-31,2022-11-01,2022-11-30,equity_minimum_variance,equity_minimum_variance_coverage_rank_sentiment,Equity,minimum_variance,coverage_rank,0.25,0.07523832735182534,0.05124929091700633,0.17066132788626923,8.978135861896888,1.0,0.0,2022-10-28,2022-10-28,Coverage-Aware Rank Sentiment
2022-11-30,2022-12-01,2022-12-30,equity_minimum_variance,equity_minimum_variance_coverage_rank_sentiment,Equity,minimum_variance,coverage_rank,0.25,0.05131155014793739,0.03417388297660029,0.18907295083419887,8.63135915728826,1.0000000000000004,0.0,2022-11-29,2022-11-29,Coverage-Aware Rank Sentiment
2022-12-30,2023-01-03,2023-01-31,equity_minimum_variance,equity_minimum_variance_coverage_rank_sentiment,Equity,minimum_variance,coverage_rank,0.25,0.04626124397236506,0.04403310152266878,0.20822412891504735,8.224062816198083,1.0000000000000004,0.0,2022-12-29,2022-12-29,Coverage-Aware Rank Sentiment
2023-01-31,2023-02-01,2023-02-28,equity_minimum_variance,equity_minimum_variance_coverage_rank_sentiment,Equity,minimum_variance,coverage_rank,0.25,0.08122065898076855,0.07977638539263283,0.16077482758751943,8.607160600403843,1.0000000000000002,0.0,2023-01-30,2023-01-30,Coverage-Aware Rank Sentiment
2023-02-28,2023-03-01,2023-03-31,equity_minimum_variance,equity_minimum_variance_coverage_rank_sentiment,Equity,minimum_variance,coverage_rank,0.25,0.07690420215847822,0.04412981541746503,0.17236725441767453,9.021127940556498,1.0,0.0,2023-02-27,2023-02-27,Coverage-Aware Rank Sentiment
2023-03-31,2023-04-03,2023-04-28,equity_minimum_variance,equity_minimum_variance_coverage_rank_sentiment,Equity,minimum_variance,coverage_rank,0.25,0.09922183896298739,0.04816933338489662,0.2050229766419608,8.889514082856609,0.9999999999999999,0.0,2023-03-30,2023-03-30,Coverage-Aware Rank Sentiment
2023-04-28,2023-05-01,2023-05-31,equity_minimum_variance,equity_minimum_variance_coverage_rank_sentiment,Equity,minimum_variance,coverage_rank,0.25,0.07826983663768268,0.042981563897238735,0.17732795746693616,8.997688831597813,1.0,0.0,2023-04-27,2023-04-27,Coverage-Aware Rank Sentiment
2023-05-31,2023-06-01,2023-06-30,equity_minimum_variance,equity_minimum_variance_coverage_rank_sentiment,Equity,minimum_variance,coverage_rank,0.25,0.08284508705571941,0.062084761272212304,0.20425923704469792,8.174226889945173,1.0,0.0,2023-05-30,2023-05-30,Coverage-Aware Rank Sentiment
2023-06-30,2023-07-03,2023-07-31,equity_minimum_variance,equity_minimum_variance_coverage_rank_sentiment,Equity,minimum_variance,coverage_rank,0.25,0.06085541112704897,0.07063886423613337,0.1833709208828229,8.63053971328069,0.9999999999999999,0.0,2023-06-29,2023-06-29,Coverage-Aware Rank Sentiment
2023-07-31,2023-08-01,2023-08-31,equity_minimum_variance,equity_minimum_variance_coverage_rank_sentiment,Equity,minimum_variance,coverage_rank,0.25,0.12082035470521058,0.06267976814599252,0.21298188526967946,8.753647554726982,0.9999999999999999,0.0,2023-07-28,2023-07-28,Coverage-Aware Rank Sentiment
2023-08-31,2023-09-01,2023-09-29,equity_minimum_variance,equity_minimum_variance_coverage_rank_sentiment,Equity,minimum_variance,coverage_rank,0.25,0.04930511289703304,0.0710348851496154,0.23758645996399302,8.139432364851665,1.0,0.0,2023-08-30,2023-08-30,Coverage-Aware Rank Sentiment
2023-09-29,2023-10-02,2023-10-31,equity_minimum_variance,equity_minimum_variance_coverage_rank_sentiment,Equity,minimum_variance,coverage_rank,0.25,0.06578161041030137,0.038068056021203014,0.217330505946933,8.388567199338665,1.0000000000000002,0.0,2023-09-28,2023-09-28,Coverage-Aware Rank Sentiment
2023-10-31,2023-11-01,2023-11-30,equity_minimum_variance,equity_minimum_variance_coverage_rank_sentiment,Equity,minimum_variance,coverage_rank,0.25,0.06383649433249354,0.034300597908037765,0.19863658051838495,8.985786690984954,1.0,0.0,2023-10-30,2023-10-30,Coverage-Aware Rank Sentiment
2023-11-30,2023-12-01,2023-12-29,equity_minimum_variance,equity_minimum_variance_coverage_rank_sentiment,Equity,minimum_variance,coverage_rank,0.25,0.09391366226210066,0.06551563658089492,0.18139238161895646,8.727943064180351,0.9999999999999997,0.0,2023-11-29,2023-11-29,Coverage-Aware Rank Sentiment
2020-12-31,2021-01-04,2021-01-29,equity_minimum_variance,equity_minimum_variance_naive_sentiment,Equity,minimum_variance,naive,1.0,,0.044609152211848024,0.27469503440805315,6.6027485919740565,1.0,0.0,2020-12-30,2020-12-30,Naive Sentiment
2021-01-29,2021-02-01,2021-02-26,equity_minimum_variance,equity_minimum_variance_naive_sentiment,Equity,minimum_variance,naive,1.0,0.07529894653607475,0.018496151979819807,0.22875833077784125,7.396430782523472,0.9999999999999999,0.0,2021-01-28,2021-01-28,Naive Sentiment
2021-02-26,2021-03-01,2021-03-31,equity_minimum_variance,equity_minimum_variance_naive_sentiment,Equity,minimum_variance,naive,1.0,0.024614624572643892,0.03318767075489866,0.23592374274612565,7.259364521967585,0.9999999999999998,0.0,2021-02-25,2021-02-25,Naive Sentiment
2021-03-31,2021-04-01,2021-04-30,equity_minimum_variance,equity_minimum_variance_naive_sentiment,Equity,minimum_variance,naive,1.0,0.05780990304101129,0.05121536587604916,0.24627881572779112,7.334076630740503,1.0,0.0,2021-03-30,2021-03-30,Naive Sentiment
2021-04-30,2021-05-03,2021-05-28,equity_minimum_variance,equity_minimum_variance_naive_sentiment,Equity,minimum_variance,naive,1.0,0.08258614218930242,0.0297433976101311,0.21515469717861935,7.775569489461428,0.9999999999999999,0.0,2021-04-29,2021-04-29,Naive Sentiment
2021-05-28,2021-06-01,2021-06-30,equity_minimum_variance,equity_minimum_variance_naive_sentiment,Equity,minimum_variance,naive,1.0,0.04864181180212572,0.031112402763925795,0.23433503237290873,7.672579555362261,1.0,0.0,2021-05-27,2021-05-27,Naive Sentiment
2021-06-30,2021-07-01,2021-07-30,equity_minimum_variance,equity_minimum_variance_naive_sentiment,Equity,minimum_variance,naive,1.0,0.05270810961429426,0.02614605113387172,0.19899043837898747,8.173052883342287,1.0,0.0,2021-06-29,2021-06-29,Naive Sentiment
2021-07-30,2021-08-02,2021-08-31,equity_minimum_variance,equity_minimum_variance_naive_sentiment,Equity,minimum_variance,naive,1.0,0.060965349262911805,0.033055297333644894,0.2430431410639254,7.573336702582906,0.9999999999999997,0.0,2021-07-29,2021-07-29,Naive Sentiment
2021-08-31,2021-09-01,2021-09-30,equity_minimum_variance,equity_minimum_variance_naive_sentiment,Equity,minimum_variance,naive,1.0,0.027473385831302134,0.0238467256507428,0.22366200144719217,7.882143626005991,0.9999999999999999,0.0,2021-08-30,2021-08-30,Naive Sentiment
2021-09-30,2021-10-01,2021-10-29,equity_minimum_variance,equity_minimum_variance_naive_sentiment,Equity,minimum_variance,naive,1.0,0.03455263114694625,0.0444601187714556,0.22676767480231308,7.926150519791442,1.0,0.0,2021-09-29,2021-09-29,Naive Sentiment
2021-10-29,2021-11-01,2021-11-30,equity_minimum_variance,equity_minimum_variance_naive_sentiment,Equity,minimum_variance,naive,1.0,0.06193710354630299,0.011652814147141893,0.21923142761128053,8.190446520868866,0.9999999999999996,0.0,2021-10-28,2021-10-28,Naive Sentiment
2021-11-30,2021-12-01,2021-12-31,equity_minimum_variance,equity_minimum_variance_naive_sentiment,Equity,minimum_variance,naive,1.0,0.029563538959625654,0.02809393390626476,0.22283900710289034,7.968164124179175,0.9999999999999997,0.0,2021-11-29,2021-11-29,Naive Sentiment
2021-12-31,2022-01-03,2022-01-31,equity_minimum_variance,equity_minimum_variance_naive_sentiment,Equity,minimum_variance,naive,1.0,0.05330513875993401,0.0158406000845844,0.2210750728464497,8.246425385819279,1.0,0.0,2021-12-30,2021-12-30,Naive Sentiment
2022-01-31,2022-02-01,2022-02-28,equity_minimum_variance,equity_minimum_variance_naive_sentiment,Equity,minimum_variance,naive,1.0,0.05744836207822647,0.04498408638763226,0.21208670525806567,8.19641139047497,0.9999999999999998,0.0,2022-01-28,2022-01-28,Naive Sentiment
2022-02-28,2022-03-01,2022-03-31,equity_minimum_variance,equity_minimum_variance_naive_sentiment,Equity,minimum_variance,naive,1.0,0.059487311540508264,0.01991585910904794,0.22083620129840822,8.44559799936045,0.9999999999999998,0.0,2022-02-25,2022-02-25,Naive Sentiment
2022-03-31,2022-04-01,2022-04-29,equity_minimum_variance,equity_minimum_variance_naive_sentiment,Equity,minimum_variance,naive,1.0,0.05762397557810696,0.027492119977520005,0.2109982912930741,8.451294240086806,1.0,0.0,2022-03-30,2022-03-30,Naive Sentiment
2022-04-29,2022-05-02,2022-05-31,equity_minimum_variance,equity_minimum_variance_naive_sentiment,Equity,minimum_variance,naive,1.0,0.04875815111222012,0.013537363014243487,0.21796007545192475,8.515067771003189,1.0,0.0,2022-04-28,2022-04-28,Naive Sentiment
2022-05-31,2022-06-01,2022-06-30,equity_minimum_variance,equity_minimum_variance_naive_sentiment,Equity,minimum_variance,naive,1.0,0.06890801561776765,0.05237615785474252,0.20561405653774154,8.795463927070504,1.0,0.0,2022-05-27,2022-05-27,Naive Sentiment
2022-06-30,2022-07-01,2022-07-29,equity_minimum_variance,equity_minimum_variance_naive_sentiment,Equity,minimum_variance,naive,1.0,0.085274379413536,0.050842590010969295,0.1725921213207315,8.79675470496069,1.0,0.0,2022-06-29,2022-06-29,Naive Sentiment
2022-07-29,2022-08-01,2022-08-31,equity_minimum_variance,equity_minimum_variance_naive_sentiment,Equity,minimum_variance,naive,1.0,0.050514435937237624,0.02344477773184162,0.18522964687401114,8.850393838935265,1.0,0.0,2022-07-28,2022-07-28,Naive Sentiment
2022-08-31,2022-09-01,2022-09-30,equity_minimum_variance,equity_minimum_variance_naive_sentiment,Equity,minimum_variance,naive,1.0,0.04865031983369119,0.03727720026190487,0.1968213390294609,8.730589910032744,0.9999999999999999,0.0,2022-08-30,2022-08-30,Naive Sentiment
2022-09-30,2022-10-03,2022-10-31,equity_minimum_variance,equity_minimum_variance_naive_sentiment,Equity,minimum_variance,naive,1.0,0.05373326505206314,0.033761097259032515,0.19811298224563856,8.710771937558714,1.0,0.0,2022-09-29,2022-09-29,Naive Sentiment
2022-10-31,2022-11-01,2022-11-30,equity_minimum_variance,equity_minimum_variance_naive_sentiment,Equity,minimum_variance,naive,1.0,0.057930936009556754,0.024530353339886204,0.18862742772617694,8.867473759414189,0.9999999999999999,0.0,2022-10-28,2022-10-28,Naive Sentiment
2022-11-30,2022-12-01,2022-12-30,equity_minimum_variance,equity_minimum_variance_naive_sentiment,Equity,minimum_variance,naive,1.0,0.04594967450983035,0.01808531901874536,0.1980138016090583,8.603643028891629,1.0000000000000002,0.0,2022-11-29,2022-11-29,Naive Sentiment
2022-12-30,2023-01-03,2023-01-31,equity_minimum_variance,equity_minimum_variance_naive_sentiment,Equity,minimum_variance,naive,1.0,0.024995041683993816,0.025909895798792184,0.2005206749656481,8.453527172362564,1.0000000000000002,0.0,2022-12-29,2022-12-29,Naive Sentiment
2023-01-31,2023-02-01,2023-02-28,equity_minimum_variance,equity_minimum_variance_naive_sentiment,Equity,minimum_variance,naive,1.0,0.03913830896880568,0.02812555325056914,0.1845974789452491,8.726795153149778,1.0000000000000002,0.0,2023-01-30,2023-01-30,Naive Sentiment
2023-02-28,2023-03-01,2023-03-31,equity_minimum_variance,equity_minimum_variance_naive_sentiment,Equity,minimum_variance,naive,1.0,0.046190603912632855,0.02079129847228844,0.18545159516094642,8.949337283557078,1.0,0.0,2023-02-27,2023-02-27,Naive Sentiment
2023-03-31,2023-04-03,2023-04-28,equity_minimum_variance,equity_minimum_variance_naive_sentiment,Equity,minimum_variance,naive,1.0,0.05755750017042146,0.02994324792803369,0.2049166154247068,8.818287316250043,1.0000000000000002,0.0,2023-03-30,2023-03-30,Naive Sentiment
2023-04-28,2023-05-01,2023-05-31,equity_minimum_variance,equity_minimum_variance_naive_sentiment,Equity,minimum_variance,naive,1.0,0.03416542958149364,0.011040373499674107,0.19261740783594902,8.874470899841485,0.9999999999999999,0.0,2023-04-27,2023-04-27,Naive Sentiment
2023-05-31,2023-06-01,2023-06-30,equity_minimum_variance,equity_minimum_variance_naive_sentiment,Equity,minimum_variance,naive,1.0,0.04676175798719317,0.03299756302807966,0.19788911168499343,8.513928269404401,1.0,0.0,2023-05-30,2023-05-30,Naive Sentiment
2023-06-30,2023-07-03,2023-07-31,equity_minimum_variance,equity_minimum_variance_naive_sentiment,Equity,minimum_variance,naive,1.0,0.04922036945240917,0.05148644435769486,0.1817285432710384,8.824927613186153,0.9999999999999996,0.0,2023-06-29,2023-06-29,Naive Sentiment
2023-07-31,2023-08-01,2023-08-31,equity_minimum_variance,equity_minimum_variance_naive_sentiment,Equity,minimum_variance,naive,1.0,0.07144015147280271,0.033323579788548274,0.19825126391201792,8.983336635279407,0.9999999999999998,0.0,2023-07-28,2023-07-28,Naive Sentiment
2023-08-31,2023-09-01,2023-09-29,equity_minimum_variance,equity_minimum_variance_naive_sentiment,Equity,minimum_variance,naive,1.0,0.036427427365279694,0.025946527004603023,0.21198160310439726,8.647916927304106,1.0,0.0,2023-08-30,2023-08-30,Naive Sentiment
2023-09-29,2023-10-02,2023-10-31,equity_minimum_variance,equity_minimum_variance_naive_sentiment,Equity,minimum_variance,naive,1.0,0.025057667721358343,0.013644786977779157,0.20638451586585183,8.683538985729921,1.0,0.0,2023-09-28,2023-09-28,Naive Sentiment
2023-10-31,2023-11-01,2023-11-30,equity_minimum_variance,equity_minimum_variance_naive_sentiment,Equity,minimum_variance,naive,1.0,0.027644363416957106,0.013033861582588117,0.2014792917989415,8.833173254758757,1.0,0.0,2023-10-30,2023-10-30,Naive Sentiment
2023-11-30,2023-12-01,2023-12-29,equity_minimum_variance,equity_minimum_variance_naive_sentiment,Equity,minimum_variance,naive,1.0,0.04938889527378578,0.011437184660309938,0.1978441150128863,8.752417632673223,0.9999999999999998,0.0,2023-11-29,2023-11-29,Naive Sentiment
2020-12-31,2021-01-04,2021-01-29,equity_risk_parity,equity_risk_parity_coverage_rank_sentiment,Equity,risk_parity,coverage_rank,0.25,,0.04621803391410248,0.04339661024845616,44.26881049195055,1.0,0.0,2020-12-30,2020-12-30,Coverage-Aware Rank Sentiment
2021-01-29,2021-02-01,2021-02-26,equity_risk_parity,equity_risk_parity_coverage_rank_sentiment,Equity,risk_parity,coverage_rank,0.25,0.068621694578985,0.048033712258508415,0.03952005175320101,43.21289478705467,0.9999999999999998,0.0,2021-01-28,2021-01-28,Coverage-Aware Rank Sentiment
2021-02-26,2021-03-01,2021-03-31,equity_risk_parity,equity_risk_parity_coverage_rank_sentiment,Equity,risk_parity,coverage_rank,0.25,0.06030410157490323,0.05034114527327364,0.044886695372398616,44.49819921237817,1.0,0.0,2021-02-25,2021-02-25,Coverage-Aware Rank Sentiment
2021-03-31,2021-04-01,2021-04-30,equity_risk_parity,equity_risk_parity_coverage_rank_sentiment,Equity,risk_parity,coverage_rank,0.25,0.07091117772635631,0.04633282888903727,0.04045103996500971,45.15913300589073,1.0000000000000002,0.0,2021-03-30,2021-03-30,Coverage-Aware Rank Sentiment
2021-04-30,2021-05-03,2021-05-28,equity_risk_parity,equity_risk_parity_coverage_rank_sentiment,Equity,risk_parity,coverage_rank,0.25,0.08122001957336702,0.05127416407915231,0.04385571910962846,43.98084377315403,1.0,0.0,2021-04-29,2021-04-29,Coverage-Aware Rank Sentiment
2021-05-28,2021-06-01,2021-06-30,equity_risk_parity,equity_risk_parity_coverage_rank_sentiment,Equity,risk_parity,coverage_rank,0.25,0.0658334997233459,0.05063397867687613,0.0410149916133218,43.213841488421274,1.0000000000000004,0.0,2021-05-27,2021-05-27,Coverage-Aware Rank Sentiment
2021-06-30,2021-07-01,2021-07-30,equity_risk_parity,equity_risk_parity_coverage_rank_sentiment,Equity,risk_parity,coverage_rank,0.25,0.0914272859060913,0.046166350606469134,0.0357061650971651,46.49771067957283,1.0,0.0,2021-06-29,2021-06-29,Coverage-Aware Rank Sentiment
2021-07-30,2021-08-02,2021-08-31,equity_risk_parity,equity_risk_parity_coverage_rank_sentiment,Equity,risk_parity,coverage_rank,0.25,0.07283978384928722,0.051997681156115534,0.04429851071648484,44.586446550087224,1.0,0.0,2021-07-29,2021-07-29,Coverage-Aware Rank Sentiment
2021-08-31,2021-09-01,2021-09-30,equity_risk_parity,equity_risk_parity_coverage_rank_sentiment,Equity,risk_parity,coverage_rank,0.25,0.04418134623439761,0.04125786644188131,0.03934800147497361,44.579137374644006,0.9999999999999998,0.0,2021-08-30,2021-08-30,Coverage-Aware Rank Sentiment
2021-09-30,2021-10-01,2021-10-29,equity_risk_parity,equity_risk_parity_coverage_rank_sentiment,Equity,risk_parity,coverage_rank,0.25,0.05206404590695592,0.047253162204131255,0.04260773860084325,44.27006928747409,0.9999999999999999,0.0,2021-09-29,2021-09-29,Coverage-Aware Rank Sentiment
2021-10-29,2021-11-01,2021-11-30,equity_risk_parity,equity_risk_parity_coverage_rank_sentiment,Equity,risk_parity,coverage_rank,0.25,0.057309577073323,0.04818364951500176,0.03931645973307476,45.09196582458325,1.0,0.0,2021-10-28,2021-10-28,Coverage-Aware Rank Sentiment
2021-11-30,2021-12-01,2021-12-31,equity_risk_parity,equity_risk_parity_coverage_rank_sentiment,Equity,risk_parity,coverage_rank,0.25,0.04860575399160444,0.052842208617633536,0.0400990623272822,44.648095292811455,0.9999999999999999,0.0,2021-11-29,2021-11-29,Coverage-Aware Rank Sentiment
2021-12-31,2022-01-03,2022-01-31,equity_risk_parity,equity_risk_parity_coverage_rank_sentiment,Equity,risk_parity,coverage_rank,0.25,0.05946415939228863,0.042302947279084124,0.03669338378722882,44.92389582040213,0.9999999999999999,0.0,2021-12-30,2021-12-30,Coverage-Aware Rank Sentiment
2022-01-31,2022-02-01,2022-02-28,equity_risk_parity,equity_risk_parity_coverage_rank_sentiment,Equity,risk_parity,coverage_rank,0.25,0.09276279257940757,0.06095601876385595,0.038151403207350776,45.51667567080402,1.0000000000000002,0.0,2022-01-28,2022-01-28,Coverage-Aware Rank Sentiment
2022-02-28,2022-03-01,2022-03-31,equity_risk_parity,equity_risk_parity_coverage_rank_sentiment,Equity,risk_parity,coverage_rank,0.25,0.09834702876068499,0.05505162584706721,0.03722356614486545,45.709467215385786,1.0,0.0,2022-02-25,2022-02-25,Coverage-Aware Rank Sentiment
2022-03-31,2022-04-01,2022-04-29,equity_risk_parity,equity_risk_parity_coverage_rank_sentiment,Equity,risk_parity,coverage_rank,0.25,0.06720703739877143,0.04537506909964387,0.0365075619932011,45.642236709650234,1.0,0.0,2022-03-30,2022-03-30,Coverage-Aware Rank Sentiment
2022-04-29,2022-05-02,2022-05-31,equity_risk_parity,equity_risk_parity_coverage_rank_sentiment,Equity,risk_parity,coverage_rank,0.25,0.04157568968272654,0.05592558617752328,0.03858718149266445,45.023845766034675,1.0000000000000002,0.0,2022-04-28,2022-04-28,Coverage-Aware Rank Sentiment
2022-05-31,2022-06-01,2022-06-30,equity_risk_parity,equity_risk_parity_coverage_rank_sentiment,Equity,risk_parity,coverage_rank,0.25,0.07545969519188532,0.051695147863679514,0.040833095495187884,45.14727651964874,0.9999999999999999,0.0,2022-05-27,2022-05-27,Coverage-Aware Rank Sentiment
2022-06-30,2022-07-01,2022-07-29,equity_risk_parity,equity_risk_parity_coverage_rank_sentiment,Equity,risk_parity,coverage_rank,0.25,0.08908089169139193,0.05166880372246802,0.04200081222263364,44.69919456221106,1.0,0.0,2022-06-29,2022-06-29,Coverage-Aware Rank Sentiment
2022-07-29,2022-08-01,2022-08-31,equity_risk_parity,equity_risk_parity_coverage_rank_sentiment,Equity,risk_parity,coverage_rank,0.25,0.057997816696061244,0.0539421398591307,0.04115536960961159,43.87745160384382,1.0,0.0,2022-07-28,2022-07-28,Coverage-Aware Rank Sentiment
2022-08-31,2022-09-01,2022-09-30,equity_risk_parity,equity_risk_parity_coverage_rank_sentiment,Equity,risk_parity,coverage_rank,0.25,0.0738652262901728,0.05254068831045316,0.04413484835457368,44.6800805489543,0.9999999999999997,0.0,2022-08-30,2022-08-30,Coverage-Aware Rank Sentiment
2022-09-30,2022-10-03,2022-10-31,equity_risk_parity,equity_risk_parity_coverage_rank_sentiment,Equity,risk_parity,coverage_rank,0.25,0.03964958242218557,0.04462710936304559,0.04134156143458177,44.29992457350086,1.0000000000000002,0.0,2022-09-29,2022-09-29,Coverage-Aware Rank Sentiment
2022-10-31,2022-11-01,2022-11-30,equity_risk_parity,equity_risk_parity_coverage_rank_sentiment,Equity,risk_parity,coverage_rank,0.25,0.07089840510572806,0.0491563278700481,0.03682799314684007,44.55498016205321,1.0,0.0,2022-10-28,2022-10-28,Coverage-Aware Rank Sentiment
2022-11-30,2022-12-01,2022-12-30,equity_risk_parity,equity_risk_parity_coverage_rank_sentiment,Equity,risk_parity,coverage_rank,0.25,0.04019980899865406,0.03951256367987813,0.037715870878118875,44.4430915042543,1.0000000000000004,0.0,2022-11-29,2022-11-29,Coverage-Aware Rank Sentiment
2022-12-30,2023-01-03,2023-01-31,equity_risk_parity,equity_risk_parity_coverage_rank_sentiment,Equity,risk_parity,coverage_rank,0.25,0.06894225310026204,0.05354201902900873,0.040078233497912674,44.71194251229271,0.9999999999999997,0.0,2022-12-29,2022-12-29,Coverage-Aware Rank Sentiment
2023-01-31,2023-02-01,2023-02-28,equity_risk_parity,equity_risk_parity_coverage_rank_sentiment,Equity,risk_parity,coverage_rank,0.25,0.08089347741395556,0.06040402390659362,0.041967161793220555,44.50070508159689,0.9999999999999998,0.0,2023-01-30,2023-01-30,Coverage-Aware Rank Sentiment
2023-02-28,2023-03-01,2023-03-31,equity_risk_parity,equity_risk_parity_coverage_rank_sentiment,Equity,risk_parity,coverage_rank,0.25,0.08423978389317668,0.060544056442102465,0.037570012317435356,44.01516799654897,0.9999999999999999,0.0,2023-02-27,2023-02-27,Coverage-Aware Rank Sentiment
2023-03-31,2023-04-03,2023-04-28,equity_risk_parity,equity_risk_parity_coverage_rank_sentiment,Equity,risk_parity,coverage_rank,0.25,0.08679656320609672,0.05586169722962046,0.03507592807423148,46.114814854584544,0.9999999999999999,0.0,2023-03-30,2023-03-30,Coverage-Aware Rank Sentiment
2023-04-28,2023-05-01,2023-05-31,equity_risk_parity,equity_risk_parity_coverage_rank_sentiment,Equity,risk_parity,coverage_rank,0.25,0.06140932597636987,0.055393456249885425,0.034667132473509825,45.738195678909996,0.9999999999999999,0.0,2023-04-27,2023-04-27,Coverage-Aware Rank Sentiment
2023-05-31,2023-06-01,2023-06-30,equity_risk_parity,equity_risk_parity_coverage_rank_sentiment,Equity,risk_parity,coverage_rank,0.25,0.115324292557933,0.06446627880475811,0.04177971056046572,43.628076250951636,0.9999999999999998,0.0,2023-05-30,2023-05-30,Coverage-Aware Rank Sentiment
2023-06-30,2023-07-03,2023-07-31,equity_risk_parity,equity_risk_parity_coverage_rank_sentiment,Equity,risk_parity,coverage_rank,0.25,0.07459884277522295,0.06397815571904612,0.03912907049929231,44.73274452494976,0.9999999999999999,0.0,2023-06-29,2023-06-29,Coverage-Aware Rank Sentiment
2023-07-31,2023-08-01,2023-08-31,equity_risk_parity,equity_risk_parity_coverage_rank_sentiment,Equity,risk_parity,coverage_rank,0.25,0.0866805437741145,0.05985554890986118,0.03694460324419841,46.16126765142189,1.0,0.0,2023-07-28,2023-07-28,Coverage-Aware Rank Sentiment
2023-08-31,2023-09-01,2023-09-29,equity_risk_parity,equity_risk_parity_coverage_rank_sentiment,Equity,risk_parity,coverage_rank,0.25,0.06400812474764346,0.05426207708743493,0.04295565470051488,45.399992927532764,1.0000000000000002,0.0,2023-08-30,2023-08-30,Coverage-Aware Rank Sentiment
2023-09-29,2023-10-02,2023-10-31,equity_risk_parity,equity_risk_parity_coverage_rank_sentiment,Equity,risk_parity,coverage_rank,0.25,0.07328137591948639,0.05699580867341833,0.04039549913971582,45.25914808532925,1.0,0.0,2023-09-28,2023-09-28,Coverage-Aware Rank Sentiment
2023-10-31,2023-11-01,2023-11-30,equity_risk_parity,equity_risk_parity_coverage_rank_sentiment,Equity,risk_parity,coverage_rank,0.25,0.06476714638795696,0.051825128583002075,0.037737277045646174,44.644956157685556,0.9999999999999999,0.0,2023-10-30,2023-10-30,Coverage-Aware Rank Sentiment
2023-11-30,2023-12-01,2023-12-29,equity_risk_parity,equity_risk_parity_coverage_rank_sentiment,Equity,risk_parity,coverage_rank,0.25,0.10039755984088386,0.06137603203364159,0.0364733281491897,46.17583445078179,1.0,0.0,2023-11-29,2023-11-29,Coverage-Aware Rank Sentiment
2020-12-31,2021-01-04,2021-01-29,equity_risk_parity,equity_risk_parity_naive_sentiment,Equity,risk_parity,naive,1.0,,0.03793181449150121,0.04534469928984114,44.14875764180655,0.9999999999999999,0.0,2020-12-30,2020-12-30,Naive Sentiment
2021-01-29,2021-02-01,2021-02-26,equity_risk_parity,equity_risk_parity_naive_sentiment,Equity,risk_parity,naive,1.0,0.05287047612322156,0.03294898742374304,0.03868275172222061,44.10972093429776,0.9999999999999999,0.0,2021-01-28,2021-01-28,Naive Sentiment
2021-02-26,2021-03-01,2021-03-31,equity_risk_parity,equity_risk_parity_naive_sentiment,Equity,risk_parity,naive,1.0,0.04710668142228234,0.03152161840861481,0.04032908293003298,44.92112381938417,1.0,0.0,2021-02-25,2021-02-25,Naive Sentiment
2021-03-31,2021-04-01,2021-04-30,equity_risk_parity,equity_risk_parity_naive_sentiment,Equity,risk_parity,naive,1.0,0.05496481647069448,0.04716554823778182,0.03951004933201256,45.45660446648351,1.0000000000000004,0.0,2021-03-30,2021-03-30,Naive Sentiment
2021-04-30,2021-05-03,2021-05-28,equity_risk_parity,equity_risk_parity_naive_sentiment,Equity,risk_parity,naive,1.0,0.04935686826824665,0.026068029262233505,0.03911878829061038,45.011876856300624,0.9999999999999998,0.0,2021-04-29,2021-04-29,Naive Sentiment
2021-05-28,2021-06-01,2021-06-30,equity_risk_parity,equity_risk_parity_naive_sentiment,Equity,risk_parity,naive,1.0,0.04626070742462199,0.03664952109255568,0.04015978750056667,43.8915130400111,1.0,0.0,2021-05-27,2021-05-27,Naive Sentiment
2021-06-30,2021-07-01,2021-07-30,equity_risk_parity,equity_risk_parity_naive_sentiment,Equity,risk_parity,naive,1.0,0.06619375940366526,0.04936569768599269,0.0339237671801991,46.56708361518799,0.9999999999999999,0.0,2021-06-29,2021-06-29,Naive Sentiment
2021-07-30,2021-08-02,2021-08-31,equity_risk_parity,equity_risk_parity_naive_sentiment,Equity,risk_parity,naive,1.0,0.05362725993937186,0.030939736716809555,0.0402024373073053,45.13413613269863,0.9999999999999997,0.0,2021-07-29,2021-07-29,Naive Sentiment
2021-08-31,2021-09-01,2021-09-30,equity_risk_parity,equity_risk_parity_naive_sentiment,Equity,risk_parity,naive,1.0,0.03133534962395672,0.036762631248091024,0.03793850969957646,44.50829875913824,1.0,0.0,2021-08-30,2021-08-30,Naive Sentiment
2021-09-30,2021-10-01,2021-10-29,equity_risk_parity,equity_risk_parity_naive_sentiment,Equity,risk_parity,naive,1.0,0.04141313064556182,0.03848399212811449,0.041020946448495466,44.63319652805883,1.0000000000000002,0.0,2021-09-29,2021-09-29,Naive Sentiment
2021-10-29,2021-11-01,2021-11-30,equity_risk_parity,equity_risk_parity_naive_sentiment,Equity,risk_parity,naive,1.0,0.045591321680449284,0.021859644739747934,0.035906657990855184,45.66469196617679,0.9999999999999999,0.0,2021-10-28,2021-10-28,Naive Sentiment
2021-11-30,2021-12-01,2021-12-31,equity_risk_parity,equity_risk_parity_naive_sentiment,Equity,risk_parity,naive,1.0,0.037504604295196114,0.032927643356216625,0.038412347907332604,45.41404266131437,1.0000000000000002,0.0,2021-11-29,2021-11-29,Naive Sentiment
2021-12-31,2022-01-03,2022-01-31,equity_risk_parity,equity_risk_parity_naive_sentiment,Equity,risk_parity,naive,1.0,0.044273289241311034,0.0270338870375618,0.036118613456057484,45.36038491832602,1.0,0.0,2021-12-30,2021-12-30,Naive Sentiment
2022-01-31,2022-02-01,2022-02-28,equity_risk_parity,equity_risk_parity_naive_sentiment,Equity,risk_parity,naive,1.0,0.06385998064213293,0.04873151219896166,0.038941946593510586,45.661124981450335,1.0000000000000002,0.0,2022-01-28,2022-01-28,Naive Sentiment
2022-02-28,2022-03-01,2022-03-31,equity_risk_parity,equity_risk_parity_naive_sentiment,Equity,risk_parity,naive,1.0,0.06483716747701593,0.023050653785496235,0.03678722415696329,45.54011477733817,1.0,0.0,2022-02-25,2022-02-25,Naive Sentiment
2022-03-31,2022-04-01,2022-04-29,equity_risk_parity,equity_risk_parity_naive_sentiment,Equity,risk_parity,naive,1.0,0.044645410120542336,0.03540645147986383,0.03650260416064953,45.52592522786681,0.9999999999999999,0.0,2022-03-30,2022-03-30,Naive Sentiment
2022-04-29,2022-05-02,2022-05-31,equity_risk_parity,equity_risk_parity_naive_sentiment,Equity,risk_parity,naive,1.0,0.0389701979749712,0.024741835102378297,0.03653661978586899,45.462944580259816,0.9999999999999998,0.0,2022-04-28,2022-04-28,Naive Sentiment
2022-05-31,2022-06-01,2022-06-30,equity_risk_parity,equity_risk_parity_naive_sentiment,Equity,risk_parity,naive,1.0,0.0568453644142436,0.05366120999054356,0.03948237073037511,45.154650701841284,1.0,0.0,2022-05-27,2022-05-27,Naive Sentiment
2022-06-30,2022-07-01,2022-07-29,equity_risk_parity,equity_risk_parity_naive_sentiment,Equity,risk_parity,naive,1.0,0.08188429239444794,0.04282689807848867,0.040655543519432416,45.066493498687514,1.0,0.0,2022-06-29,2022-06-29,Naive Sentiment
2022-07-29,2022-08-01,2022-08-31,equity_risk_parity,equity_risk_parity_naive_sentiment,Equity,risk_parity,naive,1.0,0.05140261852154678,0.03391743618517937,0.03995338618576585,44.738814082167856,0.9999999999999998,0.0,2022-07-28,2022-07-28,Naive Sentiment
2022-08-31,2022-09-01,2022-09-30,equity_risk_parity,equity_risk_parity_naive_sentiment,Equity,risk_parity,naive,1.0,0.05433705276995772,0.03738047709278701,0.039195188567772855,45.36881844226536,1.0,0.0,2022-08-30,2022-08-30,Naive Sentiment
2022-09-30,2022-10-03,2022-10-31,equity_risk_parity,equity_risk_parity_naive_sentiment,Equity,risk_parity,naive,1.0,0.041705353982669294,0.029946698219583893,0.038813016493922284,45.07516910441528,0.9999999999999998,0.0,2022-09-29,2022-09-29,Naive Sentiment
2022-10-31,2022-11-01,2022-11-30,equity_risk_parity,equity_risk_parity_naive_sentiment,Equity,risk_parity,naive,1.0,0.04797148573333015,0.02899948280044428,0.03533679162560722,45.34607718322573,0.9999999999999999,0.0,2022-10-28,2022-10-28,Naive Sentiment
2022-11-30,2022-12-01,2022-12-30,equity_risk_parity,equity_risk_parity_naive_sentiment,Equity,risk_parity,naive,1.0,0.031577159900414764,0.03404322426755885,0.03723930241631567,45.02620590752706,1.0000000000000002,0.0,2022-11-29,2022-11-29,Naive Sentiment
2022-12-30,2023-01-03,2023-01-31,equity_risk_parity,equity_risk_parity_naive_sentiment,Equity,risk_parity,naive,1.0,0.046766512620560786,0.02965511935868355,0.03780516853767788,45.32037752795789,0.9999999999999999,0.0,2022-12-29,2022-12-29,Naive Sentiment
2023-01-31,2023-02-01,2023-02-28,equity_risk_parity,equity_risk_parity_naive_sentiment,Equity,risk_parity,naive,1.0,0.04651355601727126,0.021721536299806075,0.03679129055878483,45.51025129545814,0.9999999999999999,0.0,2023-01-30,2023-01-30,Naive Sentiment
2023-02-28,2023-03-01,2023-03-31,equity_risk_parity,equity_risk_parity_naive_sentiment,Equity,risk_parity,naive,1.0,0.04456635744196178,0.032284163801153704,0.035679963667164825,45.156015720391984,1.0,0.0,2023-02-27,2023-02-27,Naive Sentiment
2023-03-31,2023-04-03,2023-04-28,equity_risk_parity,equity_risk_parity_naive_sentiment,Equity,risk_parity,naive,1.0,0.05234196156920556,0.02563835155625796,0.03667259497996017,46.15094839946045,1.0,0.0,2023-03-30,2023-03-30,Naive Sentiment
2023-04-28,2023-05-01,2023-05-31,equity_risk_parity,equity_risk_parity_naive_sentiment,Equity,risk_parity,naive,1.0,0.02842076006508154,0.020954333418853346,0.03445101279410403,45.96743554840822,1.0,0.0,2023-04-27,2023-04-27,Naive Sentiment
2023-05-31,2023-06-01,2023-06-30,equity_risk_parity,equity_risk_parity_naive_sentiment,Equity,risk_parity,naive,1.0,0.06453779244157219,0.02981201075949297,0.0379736596583976,45.083602086184044,0.9999999999999999,0.0,2023-05-30,2023-05-30,Naive Sentiment
2023-06-30,2023-07-03,2023-07-31,equity_risk_parity,equity_risk_parity_naive_sentiment,Equity,risk_parity,naive,1.0,0.045583885521056626,0.03914449354755575,0.03808555625077722,45.06845532451156,1.0,0.0,2023-06-29,2023-06-29,Naive Sentiment
2023-07-31,2023-08-01,2023-08-31,equity_risk_parity,equity_risk_parity_naive_sentiment,Equity,risk_parity,naive,1.0,0.05498537007360286,0.05165242155413877,0.03501284739164312,46.04110199964729,1.0,0.0,2023-07-28,2023-07-28,Naive Sentiment
2023-08-31,2023-09-01,2023-09-29,equity_risk_parity,equity_risk_parity_naive_sentiment,Equity,risk_parity,naive,1.0,0.05571447206633962,0.019524225750639605,0.03822587243652516,45.882264985395885,1.0,0.0,2023-08-30,2023-08-30,Naive Sentiment
2023-09-29,2023-10-02,2023-10-31,equity_risk_parity,equity_risk_parity_naive_sentiment,Equity,risk_parity,naive,1.0,0.029026268561040996,0.01826710333199985,0.03744610993746166,45.964113325526384,1.0000000000000002,0.0,2023-09-28,2023-09-28,Naive Sentiment
2023-10-31,2023-11-01,2023-11-30,equity_risk_parity,equity_risk_parity_naive_sentiment,Equity,risk_parity,naive,1.0,0.0314938160097701,0.02153641228120283,0.03625038027189967,45.67189155181884,1.0,0.0,2023-10-30,2023-10-30,Naive Sentiment
2023-11-30,2023-12-01,2023-12-29,equity_risk_parity,equity_risk_parity_naive_sentiment,Equity,risk_parity,naive,1.0,0.04775736317977779,0.016076350097418576,0.0355841317754682,46.338504088984045,0.9999999999999999,0.0,2023-11-29,2023-11-29,Naive Sentiment
